pattern,is_st_label,event_year,event_count,unique_symbol_count,unique_event_date_count,d1_observed_count,d1_missing_count,d1_close_mean,d1_close_median,d1_close_positive_probability,d1_close_ge_1pct_probability,d1_close_ge_3pct_probability,d1_high_mean,d1_high_positive_probability,d1_open_mean,d1_open_positive_probability,d2_observed_count,d2_missing_count,d2_close_mean,d2_close_median,d2_close_positive_probability,d2_close_ge_1pct_probability,d2_close_ge_3pct_probability,d2_high_mean,d2_high_positive_probability,d2_open_mean,d2_open_positive_probability,d3_observed_count,d3_missing_count,d3_close_mean,d3_close_median,d3_close_positive_probability,d3_close_ge_1pct_probability,d3_close_ge_3pct_probability,d3_high_mean,d3_high_positive_probability,d3_open_mean,d3_open_positive_probability,d5_observed_count,d5_missing_count,d5_close_mean,d5_close_median,d5_close_positive_probability,d5_close_ge_1pct_probability,d5_close_ge_3pct_probability,d5_high_mean,d5_high_positive_probability,d5_open_mean,d5_open_positive_probability,success_to_3board_observed_count,success_to_3board_count,success_to_3board_rate,industry_joined_count,industry_join_rate
A,ST,2020,71,58,63,69,2,0.0025631780387864395,-0.0024691358024691024,0.4782608695652174,0.37681159420289856,0.2608695652173913,0.03479506677055438,0.8840579710144928,0.010676510686185681,0.6376811594202898,69,2,0.003099813066799572,0.0,0.4927536231884058,0.43478260869565216,0.3188405797101449,0.029269786691394222,0.6811594202898551,0.002829966045255976,0.4492753623188406,68,3,0.010477048670587786,0.003012048192771122,0.5,0.45588235294117646,0.36764705882352944,0.030763398651191525,0.6176470588235294,0.0037170159236797097,0.5,68,3,0.0067868390394620415,-0.00480599647266311,0.47058823529411764,0.4264705882352941,0.35294117647058826,0.032729183884716705,0.6617647058823529,0.005341407523229428,0.4852941176470588,69,16,0.2318840579710145,71,1.0
A,ST,2021,88,67,66,88,0,0.010351738186512317,0.009156639959800206,0.5795454545454546,0.4772727272727273,0.38636363636363635,0.03714134836802758,0.9204545454545454,0.011938165921528727,0.7045454545454546,87,1,0.014799309425368673,0.008810572687224738,0.5402298850574713,0.4942528735632184,0.367816091954023,0.04136851863993157,0.7701149425287356,0.016194489856816926,0.4827586206896552,87,1,0.018867789233464306,0.011627906976744207,0.5747126436781609,0.5287356321839081,0.40229885057471265,0.04615651989229831,0.735632183908046,0.019154653840760687,0.5057471264367817,88,0,0.03830831486026334,0.018787933780977095,0.5568181818181818,0.5340909090909091,0.4318181818181818,0.06394632123225662,0.6477272727272727,0.03949329289146936,0.5795454545454546,88,31,0.3522727272727273,88,1.0
A,ST,2022,37,34,35,37,0,0.002257182631034432,0.0,0.4864864864864865,0.40540540540540543,0.24324324324324326,0.031842879344781735,0.918918918918919,0.010309541610921485,0.6756756756756757,37,0,0.009818657422728382,0.014851485148514865,0.6216216216216216,0.5945945945945946,0.32432432432432434,0.03491876345001977,0.7837837837837838,0.003184200664197727,0.43243243243243246,37,0,0.002631819849287959,-0.01025641025641022,0.43243243243243246,0.3783783783783784,0.32432432432432434,0.03129070196160718,0.6756756756756757,0.007891237261265411,0.5405405405405406,36,1,-0.011005986205817145,-0.02435185715103305,0.3888888888888889,0.3333333333333333,0.25,0.014854975333712793,0.5277777777777778,-0.006465091741581321,0.3888888888888889,37,9,0.24324324324324326,37,1.0
A,ST,2023,30,28,25,30,0,0.008207915736757564,0.005952380952380931,0.5666666666666667,0.43333333333333335,0.3,0.03404348116093365,0.9,0.005846173216094912,0.4666666666666667,28,2,0.01782333232856054,0.018469454136850083,0.6071428571428571,0.6071428571428571,0.39285714285714285,0.039734491712881626,0.7142857142857143,0.011376207155329656,0.5714285714285714,29,1,0.014545607886529676,0.01091703056768556,0.5517241379310345,0.5172413793103449,0.3793103448275862,0.04500221908709588,0.7586206896551724,0.020623451877723437,0.5862068965517241,29,1,-0.006895697053722735,-0.019315188762072055,0.4482758620689655,0.3793103448275862,0.27586206896551724,0.019382558878578506,0.5517241379310345,-0.006685923473237192,0.4482758620689655,30,9,0.3,30,1.0
A,ST,2024,42,33,29,42,0,0.006097458717981735,0.0,0.47619047619047616,0.47619047619047616,0.35714285714285715,0.03437381422060183,0.8333333333333334,0.009748837224831755,0.5476190476190477,42,0,0.013270639442303481,0.019041233657391854,0.5476190476190477,0.5476190476190477,0.4523809523809524,0.03454596397610338,0.6904761904761905,0.009374047855030937,0.5238095238095238,42,0,0.021942997943941556,0.02729182582123746,0.5952380952380952,0.5476190476190477,0.47619047619047616,0.0461565821058614,0.6428571428571429,0.022730373213016096,0.5714285714285714,42,0,0.03173699908632948,0.03645526850287584,0.5952380952380952,0.5952380952380952,0.5476190476190477,0.05463669974390442,0.6428571428571429,0.023022205351602276,0.5714285714285714,42,14,0.3333333333333333,42,1.0
A,ST,2025,25,20,24,24,1,0.0019349841985986705,0.0024207812735209666,0.5416666666666666,0.4166666666666667,0.2916666666666667,0.033254702588801276,0.875,0.0053921566039439,0.625,24,1,0.002049733461982862,-0.0022039637772918175,0.4166666666666667,0.3333333333333333,0.25,0.029038951179466792,0.75,0.010965503806288029,0.5,24,1,0.003683244431574075,0.0065026026699180894,0.5833333333333334,0.375,0.25,0.030615765106267318,0.6666666666666666,0.00598000881689185,0.375,23,2,0.008679373938048353,0.0060882800608828,0.6086956521739131,0.391304347826087,0.34782608695652173,0.03615291017466538,0.7391304347826086,0.006832445884151975,0.5652173913043478,24,5,0.20833333333333334,25,1.0
A,ordinary,2020,498,448,190,498,0,0.014574455954304915,0.010678260244399773,0.5261044176706827,0.5020080321285141,0.42971887550200805,0.06507777325540066,0.8654618473895582,0.020533397132904526,0.6365461847389559,497,1,0.010547361926648123,-0.004120879120879106,0.47484909456740443,0.4346076458752515,0.3722334004024145,0.05509462392087755,0.6458752515090543,0.010694236597462829,0.44466800804828976,497,1,0.006069129824885221,-0.022183175927959597,0.42857142857142855,0.3983903420523139,0.34808853118712274,0.04565035623770478,0.5533199195171026,0.0009351351349103768,0.39436619718309857,496,2,0.0006391033577865087,-0.034587683476997866,0.3850806451612903,0.3629032258064516,0.3125,0.03522823350282591,0.46169354838709675,-0.0033348270969413047,0.3689516129032258,498,150,0.30120481927710846,497,0.9979919678714859
A,ordinary,2021,580,512,213,579,1,0.0168340591224871,0.009615384615384581,0.5509499136442142,0.49740932642487046,0.40414507772020725,0.06523075239368377,0.8860103626943006,0.018700488234249704,0.6252158894645942,579,1,0.014857881956105426,-0.0022883295194507935,0.48877374784110533,0.44041450777202074,0.37132987910189985,0.06037178827656319,0.7029360967184801,0.011502645539416625,0.46459412780656306,579,1,0.011719723208032178,-0.012318029115341522,0.4525043177892919,0.4283246977547496,0.3592400690846287,0.052588361929480645,0.5941278065630398,0.007332970593684299,0.4110535405872193,578,2,0.012844242237318532,-0.02605793546691626,0.39792387543252594,0.3719723183391003,0.32698961937716264,0.0479949031301522,0.5224913494809689,0.007256948340044475,0.40657439446366783,579,162,0.27979274611398963,576,0.993103448275862
A,ordinary,2022,680,581,228,680,0,0.008414413661701578,-0.0002699784017278217,0.49411764705882355,0.43970588235294117,0.3764705882352941,0.06831146869739624,0.875,0.017077543312342906,0.6176470588235294,680,0,0.0014016907632129858,-0.012150041642641995,0.40147058823529413,0.36617647058823527,0.2897058823529412,0.050125400859249165,0.6088235294117647,-0.00034423873817719647,0.38235294117647056,679,1,-0.005800597547351073,-0.03155127081507447,0.390279823269514,0.36524300441826213,0.29013254786450665,0.03710152954806537,0.5213549337260678,-0.010281252514708806,0.32989690721649484,680,0,-0.01576731988882769,-0.04596623712000908,0.34411764705882353,0.31470588235294117,0.27205882352941174,0.020005550304910004,0.4470588235294118,-0.01981214256962689,0.3161764705882353,680,199,0.2926470588235294,672,0.9882352941176471
A,ordinary,2023,333,296,170,332,1,0.018502400025530302,0.01393069729912677,0.572289156626506,0.5180722891566265,0.4427710843373494,0.06906987929605028,0.891566265060241,0.02127931154587903,0.6385542168674698,332,1,0.016481143035569454,-0.00845419396997693,0.46686746987951805,0.4367469879518072,0.35240963855421686,0.06346116268691186,0.7078313253012049,0.01316397480331621,0.45481927710843373,332,1,0.012910019180206473,-0.013053018410161321,0.45481927710843373,0.4186746987951807,0.35542168674698793,0.05642414660681584,0.5903614457831325,0.005809261464574344,0.3825301204819277,332,1,0.003943129808529703,-0.02085176848042647,0.4036144578313253,0.35843373493975905,0.29518072289156627,0.037459849263582805,0.5572289156626506,-0.0044850887335015546,0.3644578313253012,332,104,0.3132530120481928,329,0.987987987987988
A,ordinary,2024,746,651,212,743,3,0.0003690982613043163,-0.016449234259784395,0.4522207267833109,0.40915208613728127,0.35262449528936746,0.06125164566813305,0.8209959623149394,0.01615404226661308,0.5410497981157469,743,3,-0.008693513525160046,-0.03170731707317065,0.3553162853297443,0.3203230148048452,0.2718707940780619,0.04029219736170082,0.550471063257066,-0.0008236553168133931,0.3674293405114401,744,2,-0.01831753890682967,-0.053777453610666215,0.33736559139784944,0.3185483870967742,0.2661290322580645,0.02370618768630071,0.44489247311827956,-0.01595863598555768,0.3010752688172043,744,2,-0.02575752585005162,-0.061439459303997745,0.31989247311827956,0.2970430107526882,0.24327956989247312,0.010923551643829339,0.39919354838709675,-0.02618711284197756,0.2849462365591398,743,189,0.2543741588156124,744,0.9973190348525469
A,ordinary,2025,595,532,214,592,3,0.008025077803362524,-0.0051859290791977375,0.4780405405405405,0.4358108108108108,0.38344594594594594,0.06235309616575781,0.8581081081081081,0.017705736384292365,0.5692567567567568,592,3,0.009166904882747136,-0.010220024284344376,0.4172297297297297,0.38513513513513514,0.32432432432432434,0.05214349862675673,0.643581081081081,0.0026294718658172443,0.38344594594594594,593,2,0.004185748837597449,-0.023569023569023684,0.4148397976391231,0.3962900505902192,0.31197301854974707,0.047135449421369546,0.5480607082630692,0.001139422140950552,0.3608768971332209,593,2,-0.0010767683329152957,-0.045304777594728174,0.3440134907251265,0.32040472175379425,0.2799325463743676,0.03438230801550594,0.45531197301854975,-0.0022271367643047417,0.3524451939291737,592,162,0.27364864864864863,595,1.0
B,ST,2020,5,5,5,5,0,-0.01234098942722639,-0.007861635220125951,0.4,0.2,0.0,0.01362047363523391,0.6,-0.019626896224901325,0.4,5,0,-0.034718436451374735,-0.037800687285223455,0.2,0.2,0.2,-0.015117308599366197,0.4,-0.03083314200609415,0.2,4,1,-0.044256810573642974,-0.030957844637090004,0.0,0.0,0.0,-0.017412524676710228,0.5,-0.060000054973282035,0.0,4,1,-0.030478047749668308,-0.013020567737548894,0.5,0.25,0.25,-0.009916738761279659,0.75,-0.04102613063784921,0.5,0,0,,5,1.0
B,ST,2021,15,15,15,14,1,-0.007750088617460349,-0.006420794577835509,0.42857142857142855,0.42857142857142855,0.07142857142857142,0.020371675297491818,0.7142857142857143,-0.003986732511085651,0.2857142857142857,15,0,-0.013893267006800557,-0.010779436152570598,0.4,0.3333333333333333,0.26666666666666666,0.019162266092307898,0.7333333333333333,-0.01204002118717821,0.4,15,0,-0.023720875274530897,-0.03095975232198145,0.3333333333333333,0.26666666666666666,0.2,0.006939590032852383,0.4666666666666667,-0.015249370655274711,0.3333333333333333,14,1,-0.012679656143988487,-0.006757075582986605,0.2857142857142857,0.2857142857142857,0.21428571428571427,0.00030882787506248636,0.5,-0.021645768011893576,0.42857142857142855,0,0,,15,1.0
B,ST,2022,11,11,11,11,0,0.0048146275511309344,0.016574585635359185,0.6363636363636364,0.5454545454545454,0.2727272727272727,0.03318274753441866,0.9090909090909091,-0.0020943845051104378,0.2727272727272727,11,0,0.007914951233790057,0.0,0.45454545454545453,0.36363636363636365,0.18181818181818182,0.026351330864155198,0.7272727272727273,0.0035658229746994992,0.36363636363636365,11,0,0.0016076136634098903,0.0060975609756097615,0.5454545454545454,0.45454545454545453,0.2727272727272727,0.031221682308908285,0.7272727272727273,-0.000237173748343402,0.5454545454545454,11,0,0.0005957377907087815,0.012618296529968376,0.5454545454545454,0.5454545454545454,0.36363636363636365,0.03140498229493432,0.6363636363636364,-0.0018035925751888262,0.6363636363636364,0,0,,11,1.0
B,ST,2023,5,5,5,5,0,0.008154836809519894,0.0076045627376426506,0.6,0.4,0.4,0.026495092888359696,0.8,0.000767658184234632,0.4,5,0,-0.0030602233640457666,-0.010101010101010055,0.2,0.2,0.2,0.023971771453885293,0.6,0.002533541087618385,0.6,5,0,-0.015966677259559314,-0.017110266159695797,0.2,0.2,0.2,0.010328343133536389,0.4,-0.00895689998822995,0.4,5,0,-0.029981473928513712,-0.04562737642585557,0.2,0.2,0.2,-0.014748647124590165,0.2,-0.03518473933688622,0.2,0,0,,5,1.0
B,ST,2024,12,12,11,12,0,-0.011272360856750152,-0.02030927835051549,0.25,0.25,0.25,0.025039194535087888,0.75,0.00447652156090389,0.3333333333333333,11,1,-0.001604861181725365,-0.0018529956763434496,0.36363636363636365,0.36363636363636365,0.2727272727272727,0.019703944750905502,0.45454545454545453,-0.007186962579273335,0.2727272727272727,11,1,-0.006542651910602579,-0.05072463768115931,0.36363636363636365,0.36363636363636365,0.36363636363636365,0.027036482840759494,0.5454545454545454,0.005612249967482572,0.45454545454545453,10,2,-0.017060503916408988,-0.035620375389192216,0.4,0.4,0.4,0.00953323252323578,0.5,-0.012870997257327276,0.5,0,0,,12,1.0
B,ST,2025,12,12,10,12,0,-0.008242504062811462,-0.017592567948223115,0.4166666666666667,0.3333333333333333,0.25,0.027406225794049176,0.9166666666666666,0.005736962783005765,0.5833333333333334,12,0,-0.01412259806801644,-0.014284044109882432,0.25,0.16666666666666666,0.16666666666666666,0.012308057271584618,0.5,-0.01247680046281266,0.4166666666666667,12,0,-0.01455205460293845,-0.021567978184651393,0.16666666666666666,0.16666666666666666,0.16666666666666666,0.01338132590641015,0.5,-0.01746177068790018,0.25,12,0,0.015471654036169366,-0.02553522587946805,0.4166666666666667,0.3333333333333333,0.3333333333333333,0.03239235736148511,0.5833333333333334,-0.0048392818714276436,0.4166666666666667,0,0,,12,1.0
B,ordinary,2020,74,74,55,74,0,-0.013387162052879513,-0.024783320493066308,0.3918918918918919,0.35135135135135137,0.2972972972972973,0.03443249291275965,0.6351351351351351,-0.010410176404454236,0.32432432432432434,74,0,-0.020288308888024846,-0.04012559045214431,0.33783783783783783,0.3108108108108108,0.20270270270270271,0.01987865127875176,0.44594594594594594,-0.017778173553469744,0.35135135135135137,74,0,-0.020173438669042282,-0.05622982620410649,0.36486486486486486,0.36486486486486486,0.28378378378378377,0.013041507660607358,0.43243243243243246,-0.028175485683570804,0.3108108108108108,74,0,-0.02038306614575604,-0.05585762548262546,0.33783783783783783,0.32432432432432434,0.28378378378378377,0.012207462947611537,0.40540540540540543,-0.01917860240309268,0.32432432432432434,0,0,,74,1.0
B,ordinary,2021,57,57,49,57,0,-0.00256095959555753,-0.005235602094240788,0.40350877192982454,0.3684210526315789,0.3157894736842105,0.03786606415821132,0.7192982456140351,-0.009658278228683141,0.2982456140350877,57,0,-0.006748112004879893,-0.01045856798069178,0.38596491228070173,0.3508771929824561,0.2631578947368421,0.039131226303723815,0.5789473684210527,-0.007409465467491362,0.3684210526315789,57,0,-0.004352874548040932,-0.03584123222748814,0.3508771929824561,0.3333333333333333,0.3333333333333333,0.038391547258488666,0.5263157894736842,-0.011147160277989102,0.3508771929824561,57,0,-0.010215434040708073,-0.03255484784147211,0.38596491228070173,0.3684210526315789,0.3684210526315789,0.03384259884666997,0.49122807017543857,-0.010644770930699484,0.40350877192982454,0,0,,57,1.0
B,ordinary,2022,64,63,52,64,0,-0.01794948480219948,-0.03215467328370558,0.390625,0.359375,0.25,0.032305929635890955,0.671875,-0.02489728288352155,0.1875,64,0,-0.024298060022402597,-0.04767609474832479,0.328125,0.296875,0.265625,0.012974393267451246,0.46875,-0.030823775459365606,0.328125,64,0,-0.0316642884174738,-0.04061310782241012,0.359375,0.3125,0.25,0.008696901077611585,0.46875,-0.03184948087282037,0.34375,64,0,-0.03410891647511678,-0.05997759670822056,0.328125,0.3125,0.265625,-0.0004989074176532122,0.453125,-0.03668451477322748,0.296875,0,0,,63,0.984375
B,ordinary,2023,45,45,42,45,0,-0.021470618302592136,-0.03125,0.37777777777777777,0.35555555555555557,0.26666666666666666,0.02058956975815561,0.6,-0.024546572642342036,0.3111111111111111,45,0,-0.021228516913796455,-0.04078549848942603,0.35555555555555557,0.28888888888888886,0.26666666666666666,0.01506545123125421,0.4666666666666667,-0.030597139464140492,0.3111111111111111,45,0,-0.025762039348314458,-0.04600484261501214,0.35555555555555557,0.3111111111111111,0.24444444444444444,0.009832476554564932,0.4444444444444444,-0.033390782178614506,0.28888888888888886,45,0,-0.04058613701554511,-0.06752873563218387,0.28888888888888886,0.26666666666666666,0.24444444444444444,-0.006549234595854375,0.35555555555555557,-0.03829447037653421,0.28888888888888886,0,0,,45,1.0
B,ordinary,2024,87,84,60,87,0,-0.01685437132837957,-0.04850746268656725,0.3448275862068966,0.3218390804597701,0.28735632183908044,0.02850051414670305,0.5287356321839081,-0.01578675361238644,0.26436781609195403,87,0,-0.017195250869058216,-0.038374717832957095,0.3448275862068966,0.3103448275862069,0.28735632183908044,0.018402856784787827,0.47126436781609193,-0.01966828719239803,0.28735632183908044,87,0,-0.026157285380754906,-0.061493411420204924,0.3218390804597701,0.27586206896551724,0.27586206896551724,0.01928025335472478,0.40229885057471265,-0.020493956480037347,0.3103448275862069,87,0,-0.05726998585399572,-0.07843880257673363,0.26436781609195403,0.25287356321839083,0.20689655172413793,-0.020579347363582325,0.367816091954023,-0.0570733766006073,0.25287356321839083,0,0,,87,1.0
B,ordinary,2025,112,111,82,112,0,-0.011298588317084258,-0.03163272617469587,0.39285714285714285,0.36607142857142855,0.33035714285714285,0.0326716483101201,0.6071428571428571,-0.02482082091039659,0.125,112,0,-0.02548805016475265,-0.041330786503154804,0.30357142857142855,0.2857142857142857,0.25,0.01635804708334284,0.44642857142857145,-0.026599507349732533,0.33035714285714285,112,0,-0.030318416175466583,-0.04442073558643961,0.32142857142857145,0.29464285714285715,0.2857142857142857,0.008403101602532336,0.4375,-0.03673415343483282,0.29464285714285715,112,0,-0.04803618177643698,-0.06025652785421637,0.26785714285714285,0.25,0.21428571428571427,-0.020082776593543853,0.29464285714285715,-0.054133021071498456,0.23214285714285715,0,0,,112,1.0
