变更日期,证券代码,证券简称,变更前全称,变更后全称
1992-02-28,000004,国华退,蛇口安达运输股份有限公司,深圳市蛇口安达实业股份有限公司
1993-03-08,200012,南  玻Ｂ,中国南方玻璃股份有限公司,中国南玻集团股份有限公司
1993-03-08,000012,南  玻Ａ,中国南方玻璃股份有限公司,中国南玻集团股份有限公司
1993-07-12,000009,中国宝安,深圳市宝安企业(集团)股份有限公司,中国宝安集团股份有限公司
1993-12-20,000005,ST星源,深圳原野实业股份有限公司,深圳世纪星源股份有限公司
1993-12-28,200002,万  科Ｂ,深圳市万科企业股份有限公司,万科企业股份有限公司
1993-12-28,000002,万  科Ａ,深圳市万科企业股份有限公司,万科企业股份有限公司
1994-05-04,000501,武商集团,武汉商场股份有限公司(集团),武汉武商集团股份有限公司
1994-06-30,000529,广弘控股,广东美雅股份有限公司,广东美雅集团股份有限公司
1994-06-30,200025,特  力Ｂ,深圳市特力机电股份有限公司,深圳市特力(集团)股份有限公司
1994-06-30,000025,特  力Ａ,深圳市特力机电股份有限公司,深圳市特力(集团)股份有限公司
1994-08-16,000564,供销大集,西安民生百货(集团)股份有限公司,西安民生集团股份有限公司
1994-10-05,000503,国新健康,海南化纤工业股份有限公司,海南海虹企业股份有限公司
1995-02-14,000526,学大教育,厦门市海洋渔业开发股份有限公司,厦门海发投资实业股份有限公司
1995-03-01,000544,中原环保,郑州白鸽(集团)股份有限公司,白鸽(集团)股份有限公司
1995-05-22,000540,*ST中天,贵阳中天(集团)股份有限公司,贵州中天(集团)股份有限公司
1995-06-01,000531,穗恒运Ａ,广州恒运热电股份有限公司,广州恒运企业集团股份有限公司
1995-06-30,000546,金圆股份,吉林轻工股份有限公司,吉林轻工集团股份有限公司
1995-08-25,000014,沙河股份,深圳华源实业股份有限公司,华源实业(集团)股份有限公司
1995-09-15,200016,*ST康佳B,深圳康佳电子(集团)股份有限公司,康佳集团股份有限公司
1995-09-15,000016,*ST康佳A,深圳康佳电子(集团)股份有限公司,康佳集团股份有限公司
1996-01-02,000039,中集集团,中国国际海运集装箱股份有限公司,中国国际海运集装箱(集团)股份有限公司
1996-01-02,200039,中  集Ｂ,中国国际海运集装箱股份有限公司,中国国际海运集装箱(集团)股份有限公司
1996-12-18,000031,大悦城,深圳宝恒（集团）股份有限公司,深圳市宝恒(集团)股份有限公司
1996-12-30,000538,云南白药,云南白药实业股份有限公司,云南白药集团股份有限公司
1997-01-30,000516,国际医学,西安市解放百货股份有限公司,西安解放集团股份有限公司
1997-03-03,000510,新金路,四川金路股份有限公司,四川金路集团股份有限公司
1997-03-19,200513,丽  珠Ｂ,珠海经济特区丽珠医药集团股份有限公司,丽珠医药集团股份有限公司
1997-03-19,000513,丽珠集团,珠海经济特区丽珠医药集团股份有限公司,丽珠医药集团股份有限公司
1997-03-24,000048,京基智农,深圳康达尔(集团)股份有限公司,深圳市康达尔(集团)股份有限公司
1997-04-10,000036,华联控股,深圳惠中化纤实业股份有限公司,深圳市惠中化纤实业股份有限公司
1997-04-22,000670,盈方微, 湖北天发企业(集团)股份有限公司,湖北天发股份有限公司
1997-04-29,000662,天夏退,广西梧州市康达(集团)股份有限公司,广西康达(集团)股份有限公司
1997-05-07,000611,天首退,内蒙古民族商场股份有限公司(集团),内蒙古民族实业集团股份有限公司
1997-05-16,000503,国新健康,海南海虹企业股份有限公司,海南海虹企业(控股)股份有限公司
1997-05-29,000010,*ST美丽,深圳华新股份有限公司,深圳市华新股份有限公司
1997-08-27,200055,方大Ｂ,深圳市方大实业股份有限公司,深圳方大实业股份有限公司
1997-08-27,000055,方大集团,深圳市方大实业股份有限公司,深圳方大实业股份有限公司
1997-10-20,000652,泰达股份,天津美纶股份有限公司,天津泰达股份有限公司
1997-11-03,000042,中洲控股,深圳市长城地产股份有限公司,深圳市长城地产(集团)股份有限公司
1997-12-15,000590,古汉医药,衡阳中药实业股份有限公司,湖南古汉集团股份有限公司
1998-04-10,000506,招金黄金,四川峨眉山盐化工业(集团)股份有限公司,四川峨眉集团股份有限公司
1998-04-24,000006,深振业Ａ,深圳市振业股份有限公司,深圳市振业(集团)股份有限公司
1998-05-12,000610,*ST西旅,西安旅游服务(集团)股份有限公司,西安旅游(集团)股份有限公司
1998-05-19,000415,渤海租赁,新疆汇通股份有限公司,新疆汇通(集团)股份有限公司
1998-06-03,200468,宁通信B,南京邮电通信设备股份有限公司,南京普天通信股份有限公司
1998-06-22,000566,海南海药,海南海药实业股份有限公司,海南轻骑海药股份有限公司
1998-07-03,000793,ST华闻,海口管道燃气股份有限公司,海南民生燃气(集团)股份有限公司
1998-07-06,000739,普洛药业,青岛东方贸易大厦股份有限公司,青岛东方集团股份有限公司
1998-07-13,000419,通程控股,长沙东塘百货股份有限公司,湖南通程控股股份有限公司
1998-07-17,000883,湖北能源,湖北三环实业股份有限公司,湖北三环股份有限公司
1998-08-31,000591,太阳能,重庆中药股份有限公司,重庆桐君阁股份有限公司
1998-09-01,000540,*ST中天,贵州中天(集团)股份有限公司,中天企业股份有限公司
1998-09-03,000790,华神科技,成都华神高科技股份有限公司,成都华神集团股份有限公司
1998-09-09,000608,阳光股份,广西虎威股份有限公司,广西阳光股份有限公司
1998-09-14,000623,吉林敖东,延边敖东药业(集团)股份有限公司,吉林敖东药业集团股份有限公司
1998-09-14,000419,通程控股,湖南通程控股股份有限公司,长沙通程控股股份有限公司
1998-09-17,000780,ST平能,内蒙古兴发股份有限公司,内蒙古草原兴发股份有限公司
1998-09-24,000068,华控赛格,深圳市赛格中康股份有限公司,深圳市赛格三星股份有限公司
1998-09-30,000409,云鼎科技,广东华立高科技集团股份有限公司,四通集团高科技股份有限公司
1998-10-13,000667,ST美置,昆明五华实业(集团)股份有限公司,云南华一投资集团股份有限公司
1998-10-28,000416,*ST民控,青岛国货股份有限公司,青岛国货集团股份有限公司
1998-10-29,000629,钒钛股份,攀钢集团板材股份有限公司,攀枝花新钢钒股份有限公司
1999-04-28,000511,烯碳退,沈阳物资开发股份有限公司,沈阳银基发展股份有限公司
1999-05-18,000060,中金岭南,深圳中金实业股份有限公司,深圳市中金岭南有色金属股份有限公司
1999-06-02,000693,华泽退,成都泰康化纤股份有限公司,成都聚友泰康网络股份有限公司
1999-06-23,000518,四环生物,江苏三山实业股份有限公司,江苏振新实业股份有限公司
1999-07-14,000659,珠海中富,珠海经济特区中富实业股份有限公司,珠海中富实业股份有限公司
1999-07-26,000504,南华生物,海南港澳实业股份有限公司,北京港澳实业股份有限公司
1999-07-28,000046,*ST泛海,深圳南油物业发展股份有限公司,光彩建设股份有限公司
1999-08-09,000008,神州高铁,深圳市锦兴实业股份有限公司,广东亿安科技股份有限公司
1999-09-21,000826,*ST启环,国投原宜磷化股份有限公司,国投原宜实业股份有限公司
1999-09-27,000801,四川九洲,绵阳湖山电子股份有限公司,四川湖山电子股份有限公司
1999-09-28,000023,*ST深天,深圳市天地实业股份有限公司,深圳市天地(集团)股份有限公司
1999-10-08,000537,绿发电力,天津立达国际商场股份有限公司,天津南开戈德股份有限公司
1999-10-11,000055,方大集团,深圳方大实业股份有限公司,方大集团股份有限公司
1999-10-11,200055,方大Ｂ,深圳方大实业股份有限公司,方大集团股份有限公司
1999-10-28,000607,华媒控股,重庆川仪股份有限公司,重庆华立控股股份有限公司
1999-11-04,000926,福星股份,湖北省汉川钢丝绳股份有限公司,湖北福星科技股份有限公司
1999-11-10,000917,电广传媒,湖南电广实业股份有限公司,湖南电广传媒股份有限公司
1999-11-12,000517,荣安地产,宁波中元股份有限公司,宁波成功信息产业股份有限公司
1999-11-18,000732,ST泰禾,福建省三农化学股份有限公司,福建三农集团股份有限公司
1999-12-08,000633,合金投资,沈阳合金股份有限公司,沈阳合金投资股份有限公司
1999-12-08,000048,京基智农,深圳市康达尔(集团)股份有限公司,深圳市中科创业(集团)股份有限公司
1999-12-09,000908,石药景峰,湖南天一泵业股份有限公司,湖南天一科技股份有限公司
1999-12-16,000720,新能泰山,山东电缆电器股份有限公司,山东鲁能泰山电缆股份有限公司
1999-12-24,000514,渝 开 发,重庆市房地产开发股份有限公司,重庆渝开发股份有限公司
1999-12-28,000509,华塑控股,四川天歌集团股份有限公司,四川天歌科技集团股份有限公司
2000-01-04,000543,皖能电力,皖能股份有限公司,安徽省皖能股份有限公司
2000-01-04,000669,ST金鸿,吉林吉诺尔股份有限公司,吉林中讯科技发展股份有限公司
2000-01-07,000069,华侨城Ａ,深圳华侨城实业发展股份有限公司,深圳华侨城控股股份有限公司
2000-01-18,000525,红太阳,南京天龙股份有限公司,南京红太阳股份有限公司
2000-01-25,000545,金浦钛业,吉林制药股份有限公司,吉林恒和制药股份有限公司
2000-02-21,000806,银河退,北海银河股份有限公司,北海银河高科技产业股份有限公司
2000-02-21,000506,招金黄金,四川峨眉集团股份有限公司,四川东泰产业(控股)股份有限公司
2000-02-28,200505,京粮B,海南珠江实业股份有限公司,海南珠江控股股份有限公司
2000-02-28,000505,京粮控股,海南珠江实业股份有限公司,海南珠江控股股份有限公司
2000-03-03,000620,盈新发展,牡丹江石化集团股份有限公司,黑龙江圣方科技股份有限公司
2000-03-23,000551,创元科技,苏州物资集团股份有限公司,创元科技股份有限公司
2000-03-31,000403,派林生物,宜春工程机械股份有限公司,三九宜工生化股份有限公司
2000-04-03,000036,华联控股,深圳市惠中化纤实业股份有限公司,深圳市惠中股份有限公司
2000-04-03,000548,湖南投资,湖南中意投资集团股份有限公司,湖南投资集团股份有限公司
2000-04-20,000895,双汇发展,河南双汇实业股份有限公司,河南双汇投资发展股份有限公司
2000-04-25,000828,东莞控股,广东福地彩色显像管股份有限公司,广东福地科技股份有限公司
2000-05-09,000619,海螺新材,安徽红星宣纸股份有限公司,芜湖海螺型材科技股份有限公司
2000-05-16,000425,徐工机械,徐州工程机械股份有限公司,徐州工程机械科技股份有限公司
2000-05-18,000700,模塑科技,江阴兴澄冶金股份有限公司,江南模塑科技股份有限公司
2000-06-07,000657,中钨高新,海南金海股份有限公司,中钨高新材料股份有限公司
2000-06-16,000931,中 关 村,北京中关村科技发展股份有限公司,北京中关村科技发展(控股)股份有限公司
2000-07-05,000680,山推股份,山东山推工程机械股份有限公司,山推工程机械股份有限公司
2000-07-17,000627,*ST天茂,湖北中天股份有限公司,湖北百科药业股份有限公司
2000-07-17,000554,泰山石油,山东泰山石化股份有限公司,中国石化山东泰山石油股份有限公司
2000-07-18,000688,国城矿业,涪陵建筑陶瓷股份有限公司,重庆朝华科技股份有限公司
2000-07-31,000402,金 融 街,重庆华亚现代纸业股份有限公司,金融街控股股份有限公司
2000-08-03,000707,双环科技,湖北双环碱业股份有限公司,湖北双环科技股份有限公司
2000-08-18,000036,华联控股,深圳市惠中股份有限公司,深圳市华联控股股份有限公司
2000-09-15,000676,智度股份,河南思达电子仪器股份有限公司,河南思达高科技股份有限公司
2000-10-18,000590,古汉医药,湖南古汉集团股份有限公司,清华紫光古汉生物制药股份有限公司
2000-10-25,000685,中山公用,佛山市兴华集团股份有限公司,中山公用科技股份有限公司
2000-10-30,000900,现代投资,湖南长永高速公路股份有限公司,现代投资股份有限公司
2000-11-02,000520,凤凰航运,武汉凤凰股份有限公司,中国石化武汉凤凰股份有限公司
2000-11-07,000631,顺发恒能,长春兰宝实业股份有限公司,兰宝科技信息股份有限公司
2000-11-09,001896,豫能控股,河南豫能股份有限公司,河南豫能控股股份有限公司
2000-11-09,000957,中通客车,中通客车股份有限公司,中通客车控股股份有限公司
2000-11-22,000777,中核科技,中核苏州阀门股份有限公司,中核苏阀科技实业股份有限公司
2000-11-24,000727,冠捷科技,南京华东电子集团股份有限公司,南京华东电子信息科技股份有限公司
2000-11-24,000540,*ST中天,中天企业股份有限公司,世纪中天投资股份有限公司
2000-12-07,200581,苏威孚Ｂ,无锡威孚股份有限公司,无锡威孚高科技股份有限公司
2000-12-07,000581,威孚高科,无锡威孚股份有限公司,无锡威孚高科技股份有限公司
2000-12-22,000603,盛达资源,广东威达集团股份有限公司,威达医用科技股份有限公司
2000-12-25,000504,南华生物,北京港澳实业股份有限公司,北京赛迪传媒投资股份有限公司
2000-12-28,000892,欢瑞世纪,重庆三爱海陵股份有限公司,重庆长丰通信股份有限公司
2000-12-28,000996,中期退,哈尔滨捷利实业股份有限公司,捷利实业股份有限公司
2001-01-12,000766,通化金马,通化金马药业股份有限公司,通化金马药业集团股份有限公司
2001-02-13,000812,陕西金叶,陕西省金叶印务股份有限公司,陕西金叶科教集团股份有限公司
2001-02-16,000555,神州信息,贵州凯涤股份有限公司,深圳市太光电信股份有限公司
2001-03-02,000034,神州数码,深圳市华宝(集团)股份有限公司,深圳市深信泰丰(集团)股份有限公司
2001-03-19,000518,四环生物,江苏振新实业股份有限公司,江苏四环生物股份有限公司
2001-03-21,000065,北方国际,深圳西林实业股份有限公司,北方国际合作股份有限公司
2001-03-28,000702,正虹科技,湖南正虹饲料股份有限公司,湖南正虹科技发展股份有限公司
2001-04-18,000004,国华退,深圳市蛇口安达实业股份有限公司,深圳市北大高科技股份有限公司
2001-04-19,000012,南  玻Ａ,中国南玻集团股份有限公司,中国南玻科技控股(集团)股份有限公司
2001-04-19,200012,南  玻Ｂ,中国南玻集团股份有限公司,中国南玻科技控股(集团)股份有限公司
2001-04-20,000863,三湘印象,沈阳北方商用技术设备股份有限公司,沈阳和光现代商务股份有限公司
2001-05-11,000703,恒逸石化,北海国际招商股份有限公司,世纪光华科技股份有限公司
2001-06-08,000526,学大教育,厦门海发投资实业股份有限公司,厦门旭飞实业股份有限公司
2001-06-11,000719,中原传媒,焦作市碱业股份有限公司,焦作鑫安科技股份有限公司
2001-06-15,000519,中兵红箭,成都动力配件股份有限公司,成都银河创新科技股份有限公司
2001-06-18,200028,一致Ｂ,深圳市益力矿泉水股份有限公司,深圳一致药业股份有限公司
2001-06-18,000028,国药一致,深圳市益力矿泉水股份有限公司,深圳一致药业股份有限公司
2001-07-04,000605,渤海股份,中联建设装备股份有限公司,四环药业股份有限公司
2001-07-20,200725,京东方Ｂ,北京东方电子集团股份有限公司,京东方科技集团股份有限公司
2001-07-20,000725,京东方Ａ,北京东方电子集团股份有限公司,京东方科技集团股份有限公司
2001-07-27,000712,锦龙股份,广东金泰发展股份有限公司,广东锦龙发展股份有限公司
2001-08-14,000889,中嘉博创,秦皇岛华联商城股份有限公司,秦皇岛华联商城控股股份有限公司
2001-08-15,000979,中弘退,安徽省科苑应用技术开发(集团)股份有限公司,安徽省科苑(集团)股份有限公司
2001-08-30,000752,*ST西发,西藏拉萨啤酒股份有限公司,西藏银河科技发展股份有限公司
2001-09-25,001696,宗申动力,成都联益实业股份有限公司,成都宗申联益实业股份有限公司
2001-09-28,000416,*ST民控,青岛国货集团股份有限公司,青岛健特生物投资股份有限公司
2001-10-08,000048,京基智农,深圳市中科创业(集团)股份有限公司,深圳市康达尔(集团)股份有限公司
2001-10-10,000547,航天发展,福建省福发股份有限公司,福建省福发集团股份有限公司
2001-11-14,000863,三湘印象,沈阳和光现代商务股份有限公司,深圳和光现代商务股份有限公司
2001-11-15,000915,华特达因,山东声乐股份有限公司,山东山大华特科技股份有限公司
2001-11-23,000835,长动退,北京隆源实业股份有限公司,北京隆源双登实业股份有限公司
2001-12-17,000571,新大洲A,海南新大洲摩托车股份有限公司,海南新大洲控股股份有限公司
2001-12-25,000662,天夏退,广西康达(集团)股份有限公司,广西红日股份有限公司
2001-12-28,000688,国城矿业,重庆朝华科技股份有限公司,朝华科技(集团)股份有限公司
2002-01-07,000757,浩物股份,四川峨眉柴油机股份有限公司,四川方向光电股份有限公司
2002-01-15,000503,国新健康,海南海虹企业(控股)股份有限公司,海虹企业(控股)股份有限公司
2002-03-12,000753,漳州发展,福建双菱集团股份有限公司,福建闽南（漳州）经济发展股份有限公司
2002-03-26,000558,天府文旅,沈阳房天股份有限公司,莱茵达置业股份有限公司
2002-04-05,000046,*ST泛海,光彩建设股份有限公司,光彩建设集团股份有限公司
2002-04-16,000810,创维数字,四川锦华股份有限公司,华润锦华股份有限公司
2002-04-18,000985,大庆华科,大庆华科(集团)股份有限公司,大庆华科股份有限公司
2002-05-27,000552,甘肃能化,甘肃长风宝安实业股份有限公司,甘肃长风特种电子股份有限公司
2002-05-31,000598,兴蓉环境,蓝星清洗剂股份有限公司,蓝星清洗股份有限公司
2002-06-06,000547,航天发展,福建省福发集团股份有限公司,神州学人集团股份有限公司
2002-06-21,000639,ST西王,株洲庆云发展股份有限公司,湖南金德发展股份有限公司
2002-07-02,000417,合百集团,合肥百货大楼股份有限公司,合肥百货大楼集团股份有限公司
2002-07-11,000910,大亚圣象,江苏大亚新型包装材料股份有限公司,大亚科技股份有限公司
2002-07-12,000014,沙河股份,华源实业(集团)股份有限公司,沙河实业股份有限公司
2002-07-18,200030,富奥B,深圳市莱英达集团股份有限公司,广东盛润集团股份有限公司
2002-07-18,000030,富奥股份,深圳市莱英达集团股份有限公司,广东盛润集团股份有限公司
2002-07-23,000411,英特集团,杭州凯地丝绸股份有限公司,浙江英特集团股份有限公司
2002-08-09,000599,青岛双星,青岛双星鞋业股份有限公司,青岛双星股份有限公司
2002-08-28,000889,中嘉博创,秦皇岛华联商城控股股份有限公司,秦皇岛渤海物流控股股份有限公司
2002-09-23,000975,山金国际,重庆乌江电力股份有限公司,南方科学城发展股份有限公司
2002-10-24,000059,华锦股份,深圳辽河通达化工股份有限公司,辽宁华锦通达化工股份有限公司
2002-10-25,000585,东电退,东北输变电机械制造股份有限公司,东北电气发展股份有限公司
2002-11-21,000882,华联股份,中商股份有限公司,北京华联商厦股份有限公司
2002-11-28,000526,学大教育,厦门旭飞实业股份有限公司,厦门好时光实业股份有限公司
2002-12-25,000586,汇源通信,四川省长江企业(集团)股份有限公司,四川汇源光通信股份有限公司
2002-12-31,000835,长动退,北京隆源双登实业股份有限公司,上海隆源双登实业股份有限公司
2003-01-08,000502,绿景退,海南新能源股份有限公司,恒大地产股份有限公司
2003-01-15,000616,*ST海投,大连渤海饭店(集团)股份有限公司,大连亿城集团股份有限公司
2003-01-27,000611,天首退,内蒙古民族实业集团股份有限公司,内蒙古时代科技股份有限公司
2003-02-10,000153,丰原药业,安徽新力药业股份有限公司,安徽丰原药业股份有限公司
2003-02-19,000739,普洛药业,青岛东方集团股份有限公司,青岛普洛股份有限公司
2003-03-03,000927,中国铁物,天津汽车夏利股份有限公司,天津一汽夏利汽车股份有限公司
2003-03-12,200054,建车B,深圳北方建设摩托车股份有限公司,重庆建设摩托车股份有限公司
2003-03-12,000592,平潭发展,福建省中福实业股份有限公司,福建省昌源投资股份有限公司
2003-04-08,000760,斯太退,湖北车桥股份有限公司,湖北博盈投资股份有限公司
2003-04-08,000693,华泽退,成都聚友泰康网络股份有限公司,成都聚友网络股份有限公司
2003-06-09,000048,京基智农,深圳市康达尔(集团)股份有限公司,深圳市康达尔（集团）股份有限公司
2003-06-13,000711,ST京蓝,黑龙江龙发股份有限公司,黑龙江天伦置业股份有限公司
2003-07-04,000635,英 力 特,宁夏宁河民族化工股份有限公司,宁夏英力特化工股份有限公司
2003-07-31,000669,ST金鸿,吉林中讯科技发展股份有限公司,吉林领先科技发展股份有限公司
2003-08-01,000722,湖南发展,衡阳市金果农工商实业股份有限公司,湖南金果实业股份有限公司
2003-08-05,000667,ST美置,云南华一投资集团股份有限公司,名流置业集团股份有限公司
2003-08-12,000532,华金资本,珠海华电股份有限公司,力合股份有限公司
2003-08-19,000593,德龙汇能,成都华联商厦股份有限公司,四川宝光药业科技开发股份有限公司
2003-08-28,000517,荣安地产,宁波成功信息产业股份有限公司,成功信息产业（集团）股份有限公司
2003-08-29,000656,金科股份,重庆东源钢业股份有限公司,重庆东源产业发展股份有限公司
2003-09-15,000851,*ST高鸿,贵州中国第七砂轮股份有限公司,大唐高鸿数据网络技术股份有限公司
2003-09-17,000063,中兴通讯,深圳市中兴通讯股份有限公司,中兴通讯股份有限公司
2003-09-30,001696,宗申动力,成都宗申联益实业股份有限公司,成都宗申热动力机械股份有限公司
2003-10-24,200012,南  玻Ｂ,中国南玻科技控股(集团)股份有限公司,中国南玻集团股份有限公司
2003-10-24,000012,南  玻Ａ,中国南玻科技控股(集团)股份有限公司,中国南玻集团股份有限公司
2003-11-10,000826,*ST启环,国投原宜实业股份有限公司,国投资源发展股份有限公司
2003-12-29,000545,金浦钛业,吉林恒和制药股份有限公司,吉林制药股份有限公司
2003-12-30,000670,盈方微,湖北天发股份有限公司,天发石油股份有限公司
2004-01-06,000036,华联控股,深圳市华联控股股份有限公司,华联控股股份有限公司
2004-01-08,000100,TCL科技,TCL 集团股份有限公司,TCL集团股份有限公司
2004-02-02,000695,滨海能源,天津灯塔涂料股份有限公司,天津滨海能源发展股份有限公司
2004-02-12,000426,兴业银锡,赤峰富龙热力股份有限公司,赤峰大地基础产业股份有限公司
2004-02-12,000951,中国重汽,山东小鸭电器股份有限公司,中国重型汽车集团济南卡车股份有限公司
2004-02-13,000828,东莞控股,广东福地科技股份有限公司,东莞发展控股股份有限公司
2004-02-16,200168,*ST舜喆B,广东雷伊股份有限公司,广东雷伊（集团）股份有限公司
2004-03-10,000715,中兴商业,中兴-沈阳商业大厦(集团)股份有限公司,中兴_沈阳商业大厦(集团)股份有限公司
2004-03-12,000566,海南海药,海南轻骑海药股份有限公司,海南海药股份有限公司
2004-03-19,000671,ST阳光城,福建省石狮新发股份有限公司,福建阳光实业发展股份有限公司
2004-03-23,000549,S 湘火炬,湘火炬投资股份有限公司,湘火炬汽车集团股份有限公司
2004-03-25,000715,中兴商业,中兴_沈阳商业大厦(集团)股份有限公司,中兴-沈阳商业大厦(集团)股份有限公司
2004-03-30,000567,海德股份,海南海德纺织实业股份有限公司,海南海德实业股份有限公司
2004-04-08,000799,酒鬼酒,湖南酒鬼酒股份有限公司,酒鬼酒股份有限公司
2004-04-21,000509,华塑控股,四川天歌科技集团股份有限公司,同人华塑股份有限公司
2004-05-19,000892,欢瑞世纪,重庆长丰通信股份有限公司,长丰通信集团股份有限公司
2004-05-28,000527,美的电器,广东美的集团股份有限公司,广东美的电器股份有限公司
2004-06-01,000600,建投能源,石家庄国际大厦(集团)股份有限公司,河北建投能源投资股份有限公司
2004-06-09,000584,工智退,成都蜀都大厦股份有限公司,四川舒卡特种纤维股份有限公司
2004-06-09,000803,山高环能,四川美亚丝绸(集团)股份有限公司,四川金宇汽车城（集团）股份有限公司
2004-06-10,000809,和展能源,四川第一纺织股份有限公司,四川中汇医药(集团)股份有限公司
2004-06-11,000966,长源电力,湖北长源电力发展股份有限公司,国电长源电力股份有限公司
2004-06-24,200024,招商局Ｂ,招商局蛇口控股股份有限公司,招商局地产控股股份有限公司
2004-06-24,000024,招商地产,招商局蛇口控股股份有限公司,招商局地产控股股份有限公司
2004-07-12,000989,九芝堂,湖南九芝堂股份有限公司,九芝堂股份有限公司
2004-07-14,000699,*ST 佳纸,佳木斯造纸股份有限公司,佳木斯金地造纸股份有限公司
2004-07-23,000156,华数传媒,湖南安塑股份有限公司,湖南嘉瑞新材料集团股份有限公司
2004-08-16,000519,中兵红箭,成都银河创新科技股份有限公司,成都银河动力股份有限公司
2004-08-19,000838,*ST发展,西南化机股份有限公司,蓝星石化科技股份有限公司
2004-09-02,000569,长城股份,四川川投长城特殊钢股份有限公司,攀钢集团四川长城特殊钢股份有限公司
2004-09-14,000968,蓝焰控股,山西神州煤电焦化股份有限公司,太原煤气化股份有限公司
2004-09-28,000905,厦门港务,厦门路桥股份有限公司,厦门港务发展股份有限公司
2004-10-13,000515,攀渝钛业,重庆渝港钛白粉股份有限公司,攀钢集团重庆钛业股份有限公司
2004-10-13,000861,海印股份,茂名永业(集团)股份有限公司,广东海印永业（集团）股份有限公司
2004-11-05,000901,航天科技,哈尔滨航天风华科技股份有限公司,航天科技控股集团股份有限公司
2004-11-18,002017,东信和平,珠海东信和平智能卡股份有限公司,东信和平智能卡股份有限公司
2004-12-01,000662,天夏退,广西红日股份有限公司,索芙特股份有限公司
2005-01-26,001696,宗申动力,成都宗申热动力机械股份有限公司,重庆宗申动力机械股份有限公司
2005-01-27,000769,*ST 大菲,大连菲菲澳家现代农业股份有限公司,沈阳菲菲澳家现代农业股份有限公司
2005-03-25,000677,ST海龙,山东潍坊海龙股份有限公司,山东海龙股份有限公司
2005-04-05,002043,兔 宝 宝,安徽飞亚纺织发展股份有限公司,德华兔宝宝装饰新材股份有限公司
2005-04-06,000955,欣龙控股,海南欣龙无纺股份有限公司,欣龙控股（集团）股份有限公司
2005-04-08,000716,黑芝麻,广西斯壮股份有限公司,广西南方控股股份有限公司
2005-04-25,000739,普洛药业,青岛普洛股份有限公司,普洛康裕股份有限公司
2005-05-13,000616,*ST海投,大连亿城集团股份有限公司,亿城集团股份有限公司
2005-05-23,000008,神州高铁,广东亿安科技股份有限公司,广东宝利来投资股份有限公司
2005-05-23,002019,亿帆医药,浙江鑫富生化股份有限公司,浙江杭州鑫富药业股份有限公司
2005-05-30,000826,*ST启环,国投资源发展股份有限公司,合加资源发展股份有限  公司
2005-05-30,000582,北部湾港,北海新力实业股份有限公司,北海市北海港股份有限公司
2005-05-31,000826,*ST启环,合加资源发展股份有限  公司,合加资源发展股份有限公司
2005-06-16,000748,长城信息,湖南计算机股份有限公司,长城信息产业股份有限公司
2005-06-28,000049,德赛电池,深圳市万山实业股份有限公司,深圳市德赛电池科技股份有限公司
2005-07-08,000537,绿发电力,天津南开戈德股份有限公司,天津广宇发展股份有限公司
2005-07-25,000552,甘肃能化,甘肃长风特种电子股份有限公司,甘肃靖远煤电股份有限公司
2005-07-26,000552,甘肃能化,甘肃靖远煤电股份有限公司,甘肃长风特种电子股份有限公司
2005-07-27,000658,ST 海 洋,启迪集团股份有限公司,厦门海洋实业(集团)股份有限公司
2005-07-27,000552,甘肃能化,甘肃长风特种电子股份有限公司,甘肃靖远煤电股份有限公司
2005-08-08,000526,学大教育,厦门好时光实业股份有限公司,厦门旭飞投资股份有限公司
2005-08-18,000004,国华退,深圳市北大高科技股份有限公司,深圳中国农大科技股份有限公司
2005-09-20,000571,新大洲A,海南新大洲控股股份有限公司,新大洲控股股份有限公司
2005-10-12,000042,中洲控股,深圳市长城地产(集团)股份有限公司,深圳市长城投资控股股份有限公司
2005-10-21,000892,欢瑞世纪,长丰通信集团股份有限公司,星美联合股份有限公司
2005-10-24,000546,金圆股份,吉林轻工集团股份有限公司,吉林光华控股集团股份有限公司
2005-10-26,000408,藏格矿业,河北华玉股份有限公司,玉源控股股份有限公司
2005-11-08,000021,深科技,深圳开发科技股份有限公司,深圳长城开发科技股份有限公司
2005-11-10,002024,ST易购,苏宁电器连锁集团股份有限公司,苏宁电器股份有限公司
2005-11-17,002027,分众传媒,广州七喜电脑股份有限公司,七喜控股股份有限公司
2005-12-14,000718,苏宁环球,吉林纸业股份有限公司,苏宁环球股份有限公司
2005-12-14,000046,*ST泛海,光彩建设集团股份有限公司,泛海建设集团股份有限公司
2006-01-20,000836,ST富通,天津天大天财股份有限公司,天津鑫茂科技股份有限公司
2006-02-09,000918,*ST嘉凯,湖南亚华种业股份有限公司,湖南亚华控股集团股份有限公司
2006-02-22,000925,众合科技,浙江浙大海纳科技股份有限公司,浙江海纳科技股份有限公司
2006-03-27,000835,长动退,上海隆源双登实业股份有限公司,四川圣达实业股份有限公司
2006-04-25,000031,大悦城,深圳市宝恒(集团)股份有限公司,中粮地产（集团）股份有限公司
2006-05-22,000502,绿景退,恒大地产股份有限公司,绿景地产股份有限公司
2006-06-01,000690,宝新能源,广东宝丽华实业股份有限公司,广东宝丽华新能源股份有限公司
2006-06-08,000951,中国重汽,中国重型汽车集团济南卡车股份有限公司,中国重汽集团济南卡车股份有限公司
2006-06-08,000950,重药控股,重庆民丰农化股份有限公司,重庆建峰化工股份有限公司
2006-06-15,000738,航发控制,南方摩托股份有限公司,南方宇航科技股份有限公司
2006-06-21,000607,华媒控股,重庆华立控股股份有限公司,重庆华立药业股份有限公司
2006-07-12,000520,凤凰航运,中国石化武汉凤凰股份有限公司,长航凤凰股份有限公司
2006-07-21,000658,ST 海 洋,厦门海洋实业(集团)股份有限公司,厦门海洋实业（集团）股份有限公司
2006-07-24,000627,*ST天茂,湖北百科药业股份有限公司,天茂实业集团股份有限公司
2006-08-07,000928,中钢国际,吉林炭素股份有限公司,中钢集团吉林炭素股份有限公司
2006-09-12,000594,国恒退,内蒙古宏峰实业股份有限公司,天津宏峰实业股份有限公司
2006-10-09,000593,德龙汇能,四川宝光药业科技开发股份有限公司,四川大通燃气开发股份有限公司
2006-10-12,000409,云鼎科技,四通集团高科技股份有限公司,泰格生物技术股份有限公司
2006-10-30,000898,鞍钢股份,鞍钢新轧钢股份有限公司,鞍钢股份有限公司
2006-11-02,000628,高新发展,成都倍特发展集团股份有限公司,成都高新发展股份有限公司
2006-11-03,000793,ST华闻,海南民生燃气(集团)股份有限公司,华闻传媒投资股份有限公司
2006-11-07,000655,金岭矿业,山东淄博华光陶瓷股份有限公司,山东金岭矿业股份有限公司
2006-11-24,000068,华控赛格,深圳市赛格三星股份有限公司,深圳赛格三星股份有限公司
2007-01-05,002028,思源电气,上海思源电气股份有限公司,思源电气股份有限公司
2007-01-12,000753,漳州发展,福建闽南（漳州）经济发展股份有限公司,福建漳州发展股份有限公司
2007-01-12,000572,海马汽车,海南金盘实业股份有限公司,海马投资集团股份有限公司
2007-01-18,000887,中鼎股份,安徽飞彩车辆股份有限公司,安徽中鼎密封件股份有限公司
2007-01-22,002093,国脉科技,福建国脉科技股份有限公司,国脉科技股份有限公司
2007-01-30,000544,中原环保,白鸽(集团)股份有限公司,中原环保股份有限公司
2007-02-28,000609,*ST中迪,北京燕化高新技术股份有限公司,北京绵世投资集团股份有限公司
2007-03-20,000829,天音控股,江西赣南果业股份有限公司,天音通信控股股份有限公司
2007-04-03,000650,仁和药业,九江化纤股份有限公司,仁和药业股份有限公司
2007-04-05,002128,电投能源,霍林河露天煤业股份有限公司,内蒙古霍林河露天煤业股份有限公司
2007-04-10,000660,*ST 南华,广州南华西实业股份有限公司,广州汇集实业股份有限公司
2007-05-11,000862,银星能源,吴忠仪表股份有限公司,宁夏银星能源股份有限公司
2007-05-24,000780,ST平能,内蒙古草原兴发股份有限公司,内蒙古平庄能源股份有限公司
2007-06-04,000938,紫光股份,清华紫光股份有限公司,紫光股份有限公司
2007-07-02,000987,越秀资本,广州友谊商店股份有限公司,广州友谊集团股份有限公司
2007-07-11,000590,古汉医药,清华紫光古汉生物制药股份有限公司,紫光古汉集团股份有限公司
2007-07-13,002123,梦网科技,辽宁荣信电力电子股份有限公司,荣信电力电子股份有限公司
2007-07-16,000921,海信家电,广东科龙电器股份有限公司,海信科龙电器股份有限公司
2007-07-24,000965,天保基建,天津水泥股份有限公司,天津天保基建股份有限公司
2007-08-10,000610,*ST西旅,西安旅游(集团)股份有限公司,西安旅游股份有限公司
2007-08-16,000721,西安饮食,西安饮食服务(集团)股份有限公司,西安饮食股份有限公司
2007-08-27,000686,东北证券,锦州经济技术开发区六陆实业股份有限公司,东北证券股份有限公司
2007-08-28,002032,苏 泊 尔,浙江苏泊尔炊具股份有限公司,浙江苏泊尔股份有限公司
2007-09-06,000683,博源化工,内蒙古远兴天然碱股份有限公司,内蒙古远兴能源股份有限公司
2007-09-06,000815,美利云,宁夏美利纸业股份有限公司,中冶美利纸业股份有限公司
2007-09-20,000723,美锦能源,福州天宇电气股份有限公司,山西美锦能源股份有限公司
2007-09-26,200020,深华发Ｂ,深圳华发电子股份有限公司,深圳中恒华发股份有限公司
2007-09-26,000020,深华发Ａ,深圳华发电子股份有限公司,深圳中恒华发股份有限公司
2007-10-12,002104,恒宝股份,江苏恒宝股份有限公司,恒宝股份有限公司
2007-10-17,000150,*ST宜康,麦科特光电股份有限公司,宜华地产股份有限公司
2007-10-29,000728,国元证券,北京化二股份有限公司,国元证券股份有限公司
2007-11-20,000426,兴业银锡,赤峰大地基础产业股份有限公司,赤峰富龙热电股份有限公司
2007-11-21,000516,国际医学,西安解放集团股份有限公司,西安开元控股集团股份有限公司
2007-11-30,000043,中航善达,深圳市南光(集团)股份有限公司,深圳中航地产股份有限公司
2007-12-05,000838,*ST发展,蓝星石化科技股份有限公司,国兴融达地产股份有限公司
2007-12-20,000783,长江证券,石家庄炼油化工股份有限公司,长江证券股份有限公司
2007-12-26,000506,招金黄金,四川东泰产业(控股)股份有限公司,山东惠邦地产股份有限公司
2008-01-07,000982,中银绒业,宁夏圣雪绒股份有限公司,宁夏中银绒业股份有限公司
2008-01-16,000416,*ST民控,青岛健特生物投资股份有限公司,青岛华馨实业股份有限公司
2008-02-05,000578,盐湖集团,青海数码网络投资（集团）股份有限公司,青海盐湖工业集团股份有限公司
2008-02-05,000540,*ST中天,世纪中天投资股份有限公司,中天城投集团股份有限公司
2008-02-13,002095,生 意 宝,浙江网盛科技股份有限公司,浙江网盛生意宝股份有限公司
2008-02-19,000592,平潭发展,福建省昌源投资股份有限公司,福建中福实业股份有限公司
2008-02-20,002115,三维通信,浙江三维通信股份有限公司,三维通信股份有限公司
2008-02-20,000996,中期退,捷利实业股份有限公司,中国中期投资股份有限公司
2008-03-17,000605,渤海股份,四环药业股份有限公司,北方国际信托投资股份有限公司
2008-03-25,000594,国恒退,天津宏峰实业股份有限公司,天津国恒铁路控股股份有限公司
2008-04-09,000716,黑芝麻,广西南方控股股份有限公司,广西南方食品集团股份有限公司
2008-04-10,000605,渤海股份,北方国际信托投资股份有限公司,四环药业股份有限公司
2008-04-23,000403,派林生物,三九宜工生化股份有限公司,振兴集团股份有限公司
2008-04-25,000608,阳光股份,广西阳光股份有限公司,阳光新业地产股份有限公司
2008-05-09,002244,滨江集团,杭州滨江房地产集团股份有限公司,杭州滨江房产集团股份有限公司
2008-05-09,000050,深天马Ａ,深圳天马微电子股份有限公司,天马微电子股份有限公司
2008-05-19,000739,普洛药业,普洛康裕股份有限公司,普洛股份有限公司
2008-05-26,000691,亚太实业,海南寰岛实业股份有限公司,联合油脂实业股份有限公司
2008-06-02,000691,亚太实业,联合油脂实业股份有限公司,海南寰岛实业股份有限公司
2008-06-18,000885,城发环境,洛阳春都食品股份有限公司,河南同力水泥股份有限公司
2008-07-08,000691,亚太实业,海南寰岛实业股份有限公司,海南联合油脂科技发展股份有限公司
2008-07-24,000301,东方盛虹,吴江丝绸股份有限公司,江苏吴江中国东方丝绸市场股份有限公司
2008-07-29,000685,中山公用,中山公用科技股份有限公司,中山公用事业集团股份有限公司
2008-08-01,002063,远光软件,广东远光软件股份有限公司,远光软件股份有限公司
2008-08-08,000670,盈方微,天发石油股份有限公司,舜元地产发展股份有限公司
2008-08-08,002066,瑞泰科技,北京瑞泰高温材料科技股份有限公司,瑞泰科技股份有限公司
2008-08-20,002016,世荣兆业,广东威尔医学科技股份有限公司,广东世荣兆业股份有限公司
2008-09-19,000668,荣丰控股,中国石化武汉石油（集团）股份有限公司,荣丰控股集团股份有限公司
2008-09-26,000563,陕国投Ａ,陕西省国际信托投资股份有限公司,陕西省国际信托股份有限公司
2008-11-11,000416,*ST民控,青岛华馨实业股份有限公司,民生资本投资管理股份有限公司
2008-11-17,002163,海南发展,深圳市三鑫特种玻璃技术股份有限公司,中航三鑫股份有限公司
2008-11-27,000416,*ST民控,民生资本投资管理股份有限公司,青岛华馨实业股份有限公司
2008-12-30,000416,*ST民控,青岛华馨实业股份有限公司,民生投资管理股份有限公司
2009-01-05,002042,华孚时尚,安徽飞亚纺织发展股份有限公司,安徽华孚色纺股份有限公司
2009-01-19,000506,招金黄金,山东惠邦地产股份有限公司,山东中润投资控股集团股份有限公司
2009-02-05,000506,招金黄金,山东中润投资控股集团股份有限公司,山东惠邦地产股份有限公司
2009-02-19,000506,招金黄金,山东惠邦地产股份有限公司,山东中润投资控股集团股份有限公司
2009-03-20,002042,华孚时尚,安徽华孚色纺股份有限公司,华孚色纺股份有限公司
2009-03-24,002261,拓维信息,湖南拓维信息系统股份有限公司,拓维信息系统股份有限公司
2009-04-21,000631,顺发恒能,兰宝科技信息股份有限公司,顺发恒业股份公司
2009-04-21,002089,新海退,苏州工业园区新海宜电信发展股份有限公司,苏州新海宜通信科技股份有限公司
2009-04-24,000682,东方电子,烟台东方电子信息产业股份有限公司,东方电子股份有限公司
2009-04-28,002006,精工科技,浙江精工科技股份有限公司,浙江精功科技股份有限公司
2009-05-07,002065,东华软件,北京东华合创数码科技股份有限公司,东华合创软件股份有限公司
2009-05-12,000584,工智退,四川舒卡特种纤维股份有限公司,四川友利投资控股股份有限公司
2009-05-19,000880,潍柴重机,山东巨力股份有限公司,潍柴重机股份有限公司
2009-05-19,000830,鲁西化工,山东鲁西化工股份有限公司,鲁西化工集团股份有限公司
2009-05-19,000638,*ST万方,中国辽宁国际合作(集团)股份有限公司,万方地产股份有限公司
2009-05-21,000671,ST阳光城,福建阳光实业发展股份有限公司,阳光城集团股份有限公司
2009-05-27,200003,PT金田Ｂ,金田实业(集团)股份有限公司,金田实业（集团）股份有限公司
2009-05-27,000003,PT金田Ａ,金田实业(集团)股份有限公司,金田实业（集团）股份有限公司
2009-06-09,000517,荣安地产,成功信息产业（集团）股份有限公司,荣安地产股份有限公司
2009-06-11,000925,众合科技,浙江海纳科技股份有限公司,浙江众合机电股份有限公司
2009-06-15,002065,东华软件,东华合创软件股份有限公司,东华软件股份公司
2009-06-15,000509,华塑控股,同人华塑股份有限公司,华塑控股股份有限公司
2009-06-26,200160,东沣B退,承德帝贤针纺股份有限公司,承德大路股份有限公司
2009-06-30,000932,华菱钢铁,湖南华菱管线股份有限公司,湖南华菱钢铁股份有限公司
2009-06-30,000793,ST华闻,华闻传媒投资股份有限公司,华闻传媒投资集团股份有限公司
2009-06-30,000709,河钢股份,唐山钢铁股份有限公司,河北钢铁股份有限公司
2009-06-30,000630,铜陵有色,安徽铜都铜业股份有限公司,铜陵有色金属集团股份有限公司
2009-06-30,000027,深圳能源,深圳能源投资股份有限公司,深圳能源集团股份有限公司
2009-07-07,000529,广弘控股,广东美雅集团股份有限公司,广东广弘控股股份有限公司
2009-07-09,000961,ST中南,大连金牛股份有限公司,江苏中南建设集团股份有限公司
2009-07-16,000709,河钢股份,河北钢铁股份有限公司,唐山钢铁股份有限公司
2009-08-24,000425,徐工机械,徐州工程机械科技股份有限公司,徐工集团工程机械股份有限公司
2009-08-24,002139,拓邦股份,深圳市拓邦电子科技股份有限公司,深圳拓邦控制股份有限公司
2009-09-01,000918,*ST嘉凯,湖南亚华控股集团股份有限公司,嘉凯城集团股份有限公司
2009-09-01,002192,融捷股份,广州路翔股份有限公司,路翔股份有限公司
2009-09-07,000534,万泽股份,汕头电力发展股份有限公司,广东万泽实业股份有限公司
2009-09-07,000403,派林生物,振兴集团股份有限公司,三九宜工生化股份有限公司
2009-09-23,002221,东华能源,张家港东华能源股份有限公司,东华能源股份有限公司
2009-09-23,002139,拓邦股份,深圳拓邦控制股份有限公司,深圳拓邦股份有限公司
2009-09-28,000788,北大医药,西南合成制药股份有限公司,北大国际医院集团西南合成制药股份有限公司
2009-10-13,000720,新能泰山,山东鲁能泰山电缆股份有限公司,山东新能泰山发电股份有限公司
2009-11-17,000040,*ST旭蓝,深圳市鸿基(集团)股份有限公司,鸿基地产集团股份有限公司
2009-11-27,000999,华润三九,三九医药股份有限公司,华润三九医药股份有限公司
2009-12-21,000893,亚钾国际,广州冷机股份有限公司,广州东凌粮油股份有限公司
2009-12-30,000409,云鼎科技,泰格生物技术股份有限公司,泰复实业股份有限公司
2010-01-04,300022,吉峰科技,四川吉峰农机连锁股份有限公司,吉峰农机连锁股份有限公司
2010-01-11,000937,冀中能源,河北金牛能源股份有限公司,冀中能源股份有限公司
2010-01-20,000709,河钢股份,唐山钢铁股份有限公司,河北钢铁股份有限公司
2010-01-20,000007,全新好,深圳市赛格达声股份有限公司,深圳市零七股份有限公司
2010-02-02,000691,亚太实业,海南联合油脂科技发展股份有限公司,海南亚太实业发展股份有限公司
2010-02-10,000776,广发证券,延边公路建设股份有限公司,广发证券股份有限公司
2010-03-03,002073,软控股份,青岛高校软控股份有限公司,软控股份有限公司
2010-03-04,000561,烽火电子,长岭(集团)股份有限公司,陕西烽火电子股份有限公司
2010-03-16,000629,钒钛股份,攀枝花新钢钒股份有限公司,攀钢集团钢铁钒钛股份有限公司
2010-03-25,300052,中青宝,深圳市中青宝网网络科技股份有限公司,深圳中青宝互动娱乐股份有限公司
2010-03-30,000979,中弘退,安徽省科苑(集团)股份有限公司,中弘地产股份有限公司
2010-03-31,002011,盾安环境,浙江盾安人工环境设备股份有限公司,浙江盾安人工环境股份有限公司
2010-04-01,000536,华映科技,闽东电机(集团)股份有限公司,华映科技（集团）股份有限公司
2010-04-06,000826,*ST启环,合加资源发展股份有限公司,桑德环境资源股份有限公司
2010-04-14,300017,网宿科技,上海网宿科技股份有限公司,网宿科技股份有限公司
2010-04-22,002277,友阿股份,家润多商业股份有限公司,湖南友谊阿波罗商业股份有限公司
2010-05-07,300020,ST银江,浙江银江电子股份有限公司,银江股份有限公司
2010-05-12,000428,华天酒店,湖南华天大酒店股份有限公司,华天酒店集团股份有限公司
2010-05-13,000582,北部湾港,北海市北海港股份有限公司,北海港股份有限公司
2010-05-17,000069,华侨城Ａ,深圳华侨城控股股份有限公司,深圳华侨城股份有限公司
2010-05-21,300052,中青宝,深圳中青宝互动娱乐股份有限公司,深圳中青宝互动网络股份有限公司
2010-05-26,002150,正泰电源,江苏通润工具箱柜股份有限公司,江苏通润装备科技股份有限公司
2010-05-28,000581,威孚高科,无锡威孚高科技股份有限公司,无锡威孚高科技集团股份有限公司
2010-05-28,200581,苏威孚Ｂ,无锡威孚高科技股份有限公司,无锡威孚高科技集团股份有限公司
2010-06-01,000738,航发控制,南方宇航科技股份有限公司,中航动力控制股份有限公司
2010-06-23,000598,兴蓉环境,蓝星清洗股份有限公司,成都市兴蓉投资股份有限公司
2010-06-28,000403,派林生物,三九宜工生化股份有限公司,振兴生化股份有限公司
2010-07-13,000503,国新健康,海虹企业(控股)股份有限公司,海虹企业（控股）股份有限公司
2010-07-13,000010,*ST美丽,深圳市华新股份有限公司,北京深华新股份有限公司
2010-07-22,300021,大禹节水,甘肃大禹节水股份有限公司,甘肃大禹节水集团股份有限公司
2010-08-05,000536,华映科技,华映科技（集团）股份有限公司,闽东电机（集团）股份有限公司
2010-08-11,002144,宏达高科,浙江宏达经编股份有限公司,宏达高科控股股份有限公司
2010-09-03,000861,海印股份,广东海印永业（集团）股份有限公司,广东海印集团股份有限公司
2010-09-08,000796,凯撒旅业,宝鸡商场(集团)股份有限公司,宝鸡商场（集团）股份有限公司
2010-09-09,002092,中泰化学,新疆中泰化学股份有限公司,新疆中泰化学（集团）股份有限公司
2010-09-16,002059,云南旅游,昆明世博园股份有限公司,云南旅游股份有限公司
2010-09-16,000507,珠海港,珠海经济特区富华集团股份有限公司,珠海港股份有限公司
2010-09-27,000796,凯撒旅业,宝鸡商场（集团）股份有限公司,易食集团股份有限公司
2010-09-29,000519,中兵红箭,成都银河动力股份有限公司,湖南江南红箭股份有限公司
2010-09-30,002433,太安退,广东皮宝制药股份有限公司,广东太安堂药业股份有限公司
2010-10-13,000818,航锦科技,锦化化工集团氯碱股份有限公司,方大锦化化工科技股份有限公司
2010-10-14,000607,华媒控股,重庆华立药业股份有限公司,重庆华智控股股份有限公司
2010-11-19,002431,ST棕榈,广东棕榈园林股份有限公司,棕榈园林股份有限公司
2010-11-30,000801,四川九洲,四川湖山电子股份有限公司,四川九洲电器股份有限公司
2010-12-14,000883,湖北能源,湖北三环股份有限公司,湖北能源集团股份有限公司
2011-01-18,000408,藏格矿业,玉源控股股份有限公司,金谷源控股股份有限公司
2011-01-26,000722,湖南发展,湖南金果实业股份有限公司,湖南发展集团股份有限公司
2011-02-01,000536,华映科技,闽东电机（集团）股份有限公司,华映科技（集团）股份有限公司
2011-02-01,002113,*ST天润,湖南天润化工发展股份有限公司,湖南天润实业控股股份有限公司
2011-02-23,002103,广博股份,浙江广博集团股份有限公司,广博集团股份有限公司
2011-02-23,000639,ST西王,湖南金德发展股份有限公司,西王食品股份有限公司
2011-03-07,200026,飞亚达Ｂ,深圳市飞亚达(集团)股份有限公司,飞亚达(集团)股份有限公司
2011-03-07,000026,飞亚达,深圳市飞亚达(集团)股份有限公司,飞亚达(集团)股份有限公司
2011-03-29,002075,沙钢股份,高新张铜股份有限公司,江苏沙钢股份有限公司
2011-04-01,000673,当代退,大同水泥股份有限公司,山西当代投资股份有限公司
2011-04-13,000973,佛塑科技,佛山塑料集团股份有限公司,佛山佛塑科技集团股份有限公司
2011-04-27,300081,ST恒信,河北恒信移动商务股份有限公司,恒信移动商务股份有限公司
2011-05-11,000930,中粮科技,安徽丰原生物化学股份有限公司,中粮生物化学（安徽）股份有限公司
2011-05-12,000572,海马汽车,海马投资集团股份有限公司,海马汽车集团股份有限公司
2011-05-12,000792,盐湖股份,青海盐湖钾肥股份有限公司,青海盐湖工业股份有限公司
2011-05-23,300091,*ST金灵,江苏金通灵风机股份有限公司,江苏金通灵流体机械科技股份有限公司
2011-05-23,000759,中百集团,武汉中百集团股份有限公司,中百控股集团股份有限公司
2011-05-23,000040,*ST旭蓝,鸿基地产集团股份有限公司,宝安鸿基地产集团股份有限公司
2011-05-31,002509,天茂退,福建天广消防科技股份有限公司,天广消防股份有限公司
2011-06-01,002245,蔚蓝锂芯,江苏澳洋顺昌金属材料股份有限公司,江苏澳洋顺昌股份有限公司
2011-06-02,300099,尤洛卡,山东省尤洛卡自动化装备股份有限公司,尤洛卡矿业安全工程股份有限公司
2011-06-03,000516,国际医学,西安开元控股集团股份有限公司,西安开元投资集团股份有限公司
2011-06-07,000703,恒逸石化,世纪光华科技股份有限公司,恒逸石化股份有限公司
2011-06-08,000430,张家界,张家界旅游开发股份有限公司,张家界旅游集团股份有限公司
2011-06-10,000620,盈新发展,黑龙江圣方科技股份有限公司,新华联不动产股份有限公司
2011-06-20,002509,天茂退,天广消防股份有限公司,福建天广消防科技股份有限公司
2011-06-20,300145,南方泵业,杭州南方特种泵业股份有限公司,南方泵业股份有限公司
2011-06-21,002509,天茂退,福建天广消防科技股份有限公司,天广消防股份有限公司
2011-06-28,300209,行云科技,江苏天泽信息产业股份有限公司,天泽信息产业股份有限公司
2011-07-01,000656,金科股份,重庆东源产业发展股份有限公司,金科地产集团股份有限公司
2011-07-22,300203,聚光科技,聚光科技（杭州）股份有限公司,聚光科技(杭州)股份有限公司
2011-07-22,000031,大悦城,中粮地产（集团）股份有限公司,中粮地产(集团)股份有限公司
2011-07-22,000048,京基智农,深圳市康达尔（集团）股份有限公司,深圳市康达尔(集团)股份有限公司
2011-07-22,000503,国新健康,海虹企业（控股）股份有限公司,海虹企业(控股)股份有限公司
2011-07-22,000536,华映科技,华映科技（集团）股份有限公司,华映科技(集团)股份有限公司
2011-07-22,000658,ST 海 洋,厦门海洋实业（集团）股份有限公司,厦门海洋实业(集团)股份有限公司
2011-07-22,000803,山高环能,四川金宇汽车城（集团）股份有限公司,四川金宇汽车城(集团)股份有限公司
2011-07-22,000930,中粮科技,中粮生物化学（安徽）股份有限公司,中粮生物化学(安徽)股份有限公司
2011-07-22,000955,欣龙控股,欣龙控股（集团）股份有限公司,欣龙控股(集团)股份有限公司
2011-07-22,002092,中泰化学,新疆中泰化学（集团）股份有限公司,新疆中泰化学(集团)股份有限公司
2011-07-22,002186,全 聚 德,中国全聚德（集团）股份有限公司,中国全聚德(集团)股份有限公司
2011-07-22,000003,PT金田Ａ,金田实业（集团）股份有限公司,金田实业(集团)股份有限公司
2011-07-22,002425,凯撒文化,凯撒（中国）股份有限公司,凯撒(中国)股份有限公司
2011-07-22,002531,天顺风能,天顺风能（苏州）股份有限公司,天顺风能(苏州)股份有限公司
2011-07-22,002541,鸿路钢构,安徽鸿路钢结构（集团）股份有限公司,安徽鸿路钢结构(集团)股份有限公司
2011-07-22,200003,PT金田Ｂ,金田实业（集团）股份有限公司,金田实业(集团)股份有限公司
2011-07-22,200168,*ST舜喆B,广东雷伊（集团）股份有限公司,广东雷伊(集团)股份有限公司
2011-07-22,300009,安科生物,安徽安科生物工程（集团）股份有限公司,安徽安科生物工程(集团)股份有限公司
2011-07-22,300104,乐视退,乐视网信息技术（北京）股份有限公司,乐视网信息技术(北京)股份有限公司
2011-07-22,300194,福安药业,重庆福安药业（集团）股份有限公司,重庆福安药业(集团)股份有限公司
2011-07-22,300204,舒泰神,舒泰神（北京）生物制药股份有限公司,舒泰神(北京)生物制药股份有限公司
2011-07-22,002225,濮耐股份,濮阳濮耐高温材料（集团）股份有限公司,濮阳濮耐高温材料(集团)股份有限公司
2011-07-27,300074,华平股份,上海华平信息技术股份有限公司,华平信息技术股份有限公司
2011-07-28,002097,山河智能,湖南山河智能机械股份有限公司,山河智能装备股份有限公司
2011-08-03,000750,国海证券,桂林集琦药业股份有限公司,国海证券股份有限公司
2011-08-03,000502,绿景退,绿景地产股份有限公司,绿景控股股份有限公司
2011-08-04,000856,冀东装备,唐山陶瓷股份有限公司,唐山冀东装备工程股份有限公司
2011-08-08,000719,中原传媒,焦作鑫安科技股份有限公司,中原大地传媒股份有限公司
2011-08-11,300071,福石控股,北京华谊嘉信整合营销顾问股份有限公司,北京华谊嘉信整合营销顾问集团股份有限公司
2011-08-16,002401,中远海科,上海交技发展股份有限公司,中海网络科技股份有限公司
2011-08-19,000981,山子高科,甘肃兰光科技股份有限公司,银亿房地产股份有限公司
2011-08-19,000732,ST泰禾,福建三农集团股份有限公司,泰禾集团股份有限公司
2011-08-24,002178,延华智能,上海延华智能科技股份有限公司,上海延华智能科技(集团)股份有限公司
2011-09-23,002254,泰和新材,烟台氨纶股份有限公司,烟台泰和新材料股份有限公司
2011-09-28,000979,中弘退,中弘地产股份有限公司,中弘控股股份有限公司
2011-10-17,002572,索菲亚,广州市宁基装饰实业股份有限公司,索菲亚家居股份有限公司
2011-10-25,000415,渤海租赁,新疆汇通(集团)股份有限公司,渤海租赁股份有限公司
2011-10-26,000157,中联重科,长沙中联重工科技发展股份有限公司,中联重科股份有限公司
2011-11-01,300173,ST福能,中山市松德包装机械股份有限公司,松德机械股份有限公司
2011-11-11,000603,盛达资源,威达医用科技股份有限公司,盛达矿业股份有限公司
2011-11-23,300148,天舟文化,湖南天舟科教文化股份有限公司,天舟文化股份有限公司
2011-11-24,002263,大东南,浙江大东南包装股份有限公司,浙江大东南股份有限公司
2011-11-28,002477,雏鹰退,河南雏鹰农牧股份有限公司,雏鹰农牧股份有限公司
2011-11-30,002204,大连重工,大连华锐重工铸钢股份有限公司,大连华锐重工集团股份有限公司
2011-12-06,002502,ST鼎龙,广东骅威玩具工艺股份有限公司,骅威科技股份有限公司
2011-12-16,000587,*ST金洲,光明集团家具股份有限公司,金叶珠宝股份有限公司
2011-12-19,000607,华媒控股,重庆华智控股股份有限公司,浙江华智控股股份有限公司
2011-12-22,000426,兴业银锡,赤峰富龙热电股份有限公司,内蒙古兴业矿业股份有限公司
2011-12-29,002477,雏鹰退,雏鹰农牧股份有限公司,雏鹰农牧集团股份有限公司
2012-01-04,000876,新 希 望,四川新希望农业股份有限公司,新希望六和股份有限公司
2012-01-04,000028,国药一致,深圳一致药业股份有限公司,国药集团一致药业股份有限公司
2012-01-04,200028,一致Ｂ,深圳一致药业股份有限公司,国药集团一致药业股份有限公司
2012-01-04,000809,和展能源,四川中汇医药(集团)股份有限公司,铁岭新城投资控股股份有限公司
2012-01-19,000506,招金黄金,山东中润投资控股集团股份有限公司,中润资源投资股份有限公司
2012-03-09,000863,三湘印象,深圳和光现代商务股份有限公司,三湘股份有限公司
2012-03-26,002002,ST鸿达,江苏琼花高科技股份有限公司,江苏金材科技股份有限公司
2012-03-29,000526,学大教育,厦门旭飞投资股份有限公司,厦门银润投资股份有限公司
2012-03-30,002307,北新路桥,新疆北新路桥建设股份有限公司,新疆北新路桥集团股份有限公司
2012-04-13,002532,天山铝业,浙江新界泵业股份有限公司,新界泵业集团股份有限公司
2012-04-17,300146,汤臣倍健,广东汤臣倍健生物科技股份有限公司,汤臣倍健股份有限公司
2012-04-19,000697,炼石航空,咸阳偏转股份有限公司,陕西炼石有色资源股份有限公司
2012-05-03,000716,黑芝麻,广西南方食品集团股份有限公司,南方黑芝麻集团股份有限公司
2012-05-11,300222,科大智能,上海科大智能科技股份有限公司,科大智能科技股份有限公司
2012-05-16,300151,昌红科技,深圳市昌红模具科技股份有限公司,深圳市昌红科技股份有限公司
2012-05-22,002117,东港股份,东港安全印刷股份有限公司,东港股份有限公司
2012-06-05,300298,三诺生物,长沙三诺生物传感技术股份有限公司,三诺生物传感股份有限公司
2012-06-06,300049,福瑞医科,内蒙古福瑞中蒙药科技股份有限公司,内蒙古福瑞医疗科技股份有限公司
2012-06-06,002162,悦心健康,上海斯米克建筑陶瓷股份有限公司,上海斯米克控股股份有限公司
2012-06-13,002349,精华制药,南通精华制药股份有限公司,精华制药集团股份有限公司
2012-06-20,300143,盈康生命,广东星河生物科技股份有限公司,广东菇木真生物科技股份有限公司
2012-06-25,002017,东信和平,东信和平智能卡股份有限公司,东信和平科技股份有限公司
2012-06-25,002092,中泰化学,新疆中泰化学(集团)股份有限公司,新疆中泰化学股份有限公司
2012-07-02,002173,创新医疗,浙江山下湖珍珠集团股份有限公司,千足珍珠集团股份有限公司
2012-07-12,002660,茂硕电源,深圳茂硕电源科技股份有限公司,茂硕电源科技股份有限公司
2012-07-23,002049,紫光国微,唐山晶源裕丰电子股份有限公司,同方国芯电子股份有限公司
2012-07-24,300149,睿智医药,江门量子高科生物股份有限公司,量子高科(中国)生物股份有限公司
2012-07-31,002181,粤 传 媒,广东九州阳光传媒股份有限公司,广东广州日报传媒股份有限公司
2012-08-02,000001,平安银行,深圳发展银行股份有限公司,平安银行股份有限公司
2012-08-03,000611,天首退,内蒙古时代科技股份有限公司,内蒙古四海科技股份有限公司
2012-08-13,000955,欣龙控股,欣龙控股(集团)股份有限公司,欣龙控股（集团）股份有限公司
2012-08-13,000930,中粮科技,中粮生物化学(安徽)股份有限公司,中粮生物化学（安徽）股份有限公司
2012-08-13,000881,中广核技,中国大连国际合作(集团)股份有限公司,中国大连国际合作（集团）股份有限公司
2012-08-13,000833,粤桂股份,广西贵糖(集团)股份有限公司,广西贵糖（集团）股份有限公司
2012-08-13,000406,大明退市,中国石化胜利油田大明(集团)股份有限公司,中国石化胜利油田大明（集团）股份有限公司
2012-08-13,000660,*ST 南华,广州汇集实业股份有限公司,广州南华西实业股份有限公司
2012-08-13,000536,华映科技,华映科技(集团)股份有限公司,华映科技（集团）股份有限公司
2012-08-13,002011,盾安环境,浙江盾安人工环境股份有限公司,浙江盾安人工环境设备股份有限公司
2012-08-13,000031,大悦城,中粮地产(集团)股份有限公司,中粮地产（集团）股份有限公司
2012-08-13,000661,长春高新,长春高新技术产业(集团)股份有限公司,长春高新技术产业（集团）股份有限公司
2012-08-13,002225,濮耐股份,濮阳濮耐高温材料(集团)股份有限公司,濮阳濮耐高温材料（集团）股份有限公司
2012-08-13,000026,飞亚达,飞亚达(集团)股份有限公司,飞亚达（集团）股份有限公司
2012-08-13,002531,天顺风能,天顺风能(苏州)股份有限公司,天顺风能（苏州）股份有限公司
2012-08-13,002616,长青集团,广东长青(集团)股份有限公司,广东长青（集团）股份有限公司
2012-08-13,200026,飞亚达Ｂ,飞亚达(集团)股份有限公司,飞亚达（集团）股份有限公司
2012-08-13,300003,乐普医疗,乐普(北京)医疗器械股份有限公司,乐普（北京）医疗器械股份有限公司
2012-08-13,300104,乐视退,乐视网信息技术(北京)股份有限公司,乐视网信息技术（北京）股份有限公司
2012-08-13,300148,天舟文化,天舟文化股份有限公司,湖南天舟科教文化股份有限公司
2012-08-13,300149,睿智医药,量子高科(中国)生物股份有限公司,江门量子高科生物股份有限公司
2012-08-13,300172,中电环保,南京中电联环保股份有限公司,南京中电环保股份有限公司
2012-08-13,300194,福安药业,重庆福安药业(集团)股份有限公司,重庆福安药业（集团）股份有限公司
2012-08-13,300203,聚光科技,聚光科技(杭州)股份有限公司,聚光科技（杭州）股份有限公司
2012-08-13,300268,佳沃食品,万福生科(湖南)农业开发股份有限公司,万福生科（湖南）农业开发股份有限公司
2012-08-13,002425,凯撒文化,凯撒(中国)股份有限公司,凯撒（中国）股份有限公司
2012-08-13,300309,吉艾退,吉艾科技(北京)股份公司,吉艾科技（北京）股份公司
2012-08-22,000156,华数传媒,湖南嘉瑞新材料集团股份有限公司,浙江嘉瑞联合新材料集团股份有限公司
2012-08-23,000906,浙商中拓,南方建材股份有限公司,物产中拓股份有限公司
2012-09-12,300098,高新兴,广东高新兴通信股份有限公司,高新兴科技集团股份有限公司
2012-09-20,002632,道明光学,浙江道明光学股份有限公司,道明光学股份有限公司
2012-09-21,000922,佳电股份,阿城继电器股份有限公司,哈尔滨电气集团佳木斯电机股份有限公司
2012-09-24,300187,永清环保,湖南永清环保股份有限公司,永清环保股份有限公司
2012-09-25,200160,东沣B退,承德大路股份有限公司,承德南江股份有限公司
2012-09-27,300261,雅本化学,苏州雅本化学股份有限公司,雅本化学股份有限公司
2012-10-10,000156,华数传媒,浙江嘉瑞联合新材料集团股份有限公司,华数传媒控股股份有限公司
2012-10-15,002069,獐子岛,大连獐子岛渔业集团股份有限公司,獐子岛集团股份有限公司
2012-11-23,002475,立讯精密,深圳立讯精密工业股份有限公司,立讯精密工业股份有限公司
2012-11-28,300110,华仁药业,青岛华仁药业股份有限公司,华仁药业股份有限公司
2012-12-03,000665,湖北广电,武汉塑料工业集团股份有限公司,湖北省广播电视信息网络股份有限公司
2012-12-06,300349,金卡智能,浙江金卡高科技股份有限公司,金卡高科技股份有限公司
2012-12-17,002122,ST汇洲,浙江天马轴承股份有限公司,天马轴承集团股份有限公司
2012-12-20,000736,中交发展,重庆国际实业投资股份有限公司,中房重实地产股份有限公司
2012-12-20,000498,山东路桥,丹东化学纤维股份有限公司,山东高速路桥集团股份有限公司
2012-12-27,000791,甘肃能源,西北永新化工股份有限公司,甘肃电投能源发展股份有限公司
2012-12-27,000768,中航西飞,西安飞机国际航空制造股份有限公司,中航飞机股份有限公司
2013-01-07,000757,浩物股份,四川方向光电股份有限公司,四川浩物机电股份有限公司
2013-01-23,300143,盈康生命,广东菇木真生物科技股份有限公司,广东星河生物科技股份有限公司
2013-01-24,000806,银河退,北海银河高科技产业股份有限公司,北海银河产业投资股份有限公司
2013-01-29,300271,华宇软件,北京紫光华宇软件股份有限公司,北京华宇软件股份有限公司
2013-01-29,300178,腾邦退,深圳市腾邦国际票务股份有限公司,深圳市腾邦国际商业服务股份有限公司
2013-02-05,002347,泰尔股份,安徽泰尔重工股份有限公司,泰尔重工股份有限公司
2013-02-05,000673,当代退,山西当代投资股份有限公司,当代东方投资股份有限公司
2013-02-21,002004,华邦健康,重庆华邦制药股份有限公司,华邦颖泰股份有限公司
2013-03-12,300149,睿智医药,江门量子高科生物股份有限公司,量子高科（中国）生物股份有限公司
2013-03-13,000068,华控赛格,深圳赛格三星股份有限公司,深圳华控赛格股份有限公司
2013-03-13,000030,富奥股份,广东盛润集团股份有限公司,富奥汽车零部件股份有限公司
2013-03-13,200030,富奥B,广东盛润集团股份有限公司,富奥汽车零部件股份有限公司
2013-03-22,002024,ST易购,苏宁电器股份有限公司,苏宁云商集团股份有限公司
2013-03-25,000975,山金国际,南方科学城发展股份有限公司,银泰资源股份有限公司
2013-03-25,000831,中国稀土,山西关铝股份有限公司,五矿稀土股份有限公司
2013-04-02,002131,利欧股份,浙江利欧股份有限公司,利欧集团股份有限公司
2013-04-09,000638,*ST万方,万方地产股份有限公司,万方城镇投资发展股份有限公司
2013-04-10,002520,日发精机,浙江日发数码精密机械股份有限公司,浙江日发精密机械股份有限公司
2013-04-19,000971,*ST高升,湖北迈亚股份有限公司,湖北蓝鼎控股股份有限公司
2013-04-22,000739,普洛药业,普洛股份有限公司,普洛药业股份有限公司
2013-04-23,002031,巨轮智能,广东巨轮模具股份有限公司,巨轮股份有限公司
2013-04-25,000672,上峰材料,白银铜城商厦(集团)股份有限公司,甘肃上峰水泥股份有限公司
2013-04-25,300263,隆华科技,洛阳隆华传热科技股份有限公司,洛阳隆华传热节能股份有限公司
2013-05-03,002009,天奇股份,江苏天奇物流系统工程股份有限公司,天奇自动化工程股份有限公司
2013-05-08,300286,安科瑞,上海安科瑞电气股份有限公司,安科瑞电气股份有限公司
2013-05-13,000669,ST金鸿,吉林领先科技发展股份有限公司,中油金鸿能源投资股份有限公司
2013-05-14,000534,万泽股份,广东万泽实业股份有限公司,万泽实业股份有限公司
2013-05-31,000688,国城矿业,朝华科技(集团)股份有限公司,建新矿业股份有限责任公司
2013-06-14,002692,远程股份,江苏新远程电缆股份有限公司,远程电缆股份有限公司
2013-06-14,000687,华讯退,保定天鹅股份有限公司,恒天天鹅股份有限公司
2013-06-17,002002,ST鸿达,江苏金材科技股份有限公司,鸿达兴业股份有限公司
2013-06-24,002610,ST爱康,江苏爱康太阳能科技股份有限公司,江苏爱康科技股份有限公司
2013-07-04,002702,海欣食品,福建腾新食品股份有限公司,海欣食品股份有限公司
2013-07-12,000735,罗 牛 山,海口农工贸(罗牛山)股份有限公司,罗牛山股份有限公司
2013-07-15,000735,罗 牛 山,罗牛山股份有限公司,海口农工贸(罗牛山)股份有限公司
2013-07-16,002216,三全食品,郑州三全食品股份有限公司,三全食品股份有限公司
2013-07-22,000889,中嘉博创,秦皇岛渤海物流控股股份有限公司,茂业物流股份有限公司
2013-07-26,000545,金浦钛业,吉林制药股份有限公司,吉林金浦钛业股份有限公司
2013-07-31,000735,罗 牛 山,海口农工贸(罗牛山)股份有限公司,罗牛山股份有限公司
2013-08-08,300194,福安药业,重庆福安药业（集团）股份有限公司,福安药业（集团）股份有限公司
2013-08-13,002229,鸿博股份,福建鸿博印刷股份有限公司,鸿博股份有限公司
2013-08-15,000629,钒钛股份,攀钢集团钢铁钒钛股份有限公司,攀钢集团钒钛资源股份有限公司
2013-08-20,002224,三 力 士,浙江三力士橡胶股份有限公司,三力士股份有限公司
2013-08-23,000670,盈方微,舜元地产发展股份有限公司,舜元实业发展股份有限公司
2013-09-02,002524,光正眼科,光正钢结构股份有限公司,光正集团股份有限公司
2013-09-04,002302,西部建设,新疆西部建设股份有限公司,中建西部建设股份有限公司
2013-09-09,002306,ST云网,北京湘鄂情股份有限公司,北京湘鄂情集团股份有限公司
2013-09-13,002521,齐峰新材,山东齐峰特种纸业股份有限公司,齐峰新材料股份有限公司
2013-09-24,000677,ST海龙,山东海龙股份有限公司,恒天海龙股份有限公司
2013-09-25,300148,天舟文化,湖南天舟科教文化股份有限公司,天舟文化股份有限公司
2013-10-15,000693,华泽退,成都聚友网络股份有限公司,成都华泽钴镍材料股份有限公司
2013-11-07,002264,新 华 都,福建新华都购物广场股份有限公司,新华都购物广场股份有限公司
2013-11-18,300259,新天科技,河南新天科技股份有限公司,新天科技股份有限公司
2013-11-20,002501,*ST利源,吉林利源铝业股份有限公司,吉林利源精制股份有限公司
2013-11-25,000788,北大医药,北大国际医院集团西南合成制药股份有限公司,北大医药股份有限公司
2013-12-12,000736,中交发展,中房重实地产股份有限公司,中房地产股份有限公司
2013-12-18,300090,盛运退,安徽盛运机械股份有限公司,安徽盛运环保（集团）股份有限公司
2013-12-18,002285,世联行,深圳世联地产顾问股份有限公司,深圳世联行地产顾问股份有限公司
2013-12-25,000409,云鼎科技,泰复实业股份有限公司,山东地矿股份有限公司
2013-12-27,002689,ST远智,沈阳博林特电梯股份有限公司,沈阳博林特电梯集团股份有限公司
2014-01-02,002266,浙富控股,浙江富春江水电设备股份有限公司,浙富控股集团股份有限公司
2014-01-03,200413,ST东旭B,石家庄宝石电子玻璃股份有限公司,东旭光电科技股份有限公司
2014-01-03,002219,新里程,甘肃独一味生物制药股份有限公司,恒康医疗集团股份有限公司
2014-01-03,000413,ST旭电,石家庄宝石电子玻璃股份有限公司,东旭光电科技股份有限公司
2014-01-14,000511,烯碳退,沈阳银基发展股份有限公司,银基烯碳新材料股份有限公司
2014-01-17,002035,华帝股份,中山华帝燃具股份有限公司,华帝股份有限公司
2014-01-22,000622,恒立退,岳阳恒立冷气设备股份有限公司,恒立实业发展集团股份有限公司
2014-01-24,002379,宏桥控股,山东鲁丰铝箔股份有限公司,鲁丰环保科技股份有限公司
2014-01-28,002164,宁波东力,宁波东力传动设备股份有限公司,宁波东力股份有限公司
2014-02-10,002570,贝因美,浙江贝因美科工贸股份有限公司,贝因美婴童食品股份有限公司
2014-02-10,002470,金正大,山东金正大生态工程股份有限公司,金正大生态工程集团股份有限公司
2014-02-20,002047,宝鹰股份,深圳成霖洁具股份有限公司,深圳市宝鹰建设控股集团股份有限公司
2014-02-28,000667,ST美置,名流置业集团股份有限公司,美好置业集团股份有限公司
2014-03-05,002013,中航机电,湖北中航精机科技股份有限公司,中航工业机电系统股份有限公司
2014-03-05,000555,神州信息,深圳市太光电信股份有限公司,神州数码信息服务股份有限公司
2014-03-05,000059,华锦股份,辽宁华锦通达化工股份有限公司,北方华锦化学工业股份有限公司
2014-03-14,000042,中洲控股,深圳市长城投资控股股份有限公司,深圳市中洲投资控股股份有限公司
2014-03-18,000605,渤海股份,四环药业股份有限公司,渤海水业股份有限公司
2014-03-25,002011,盾安环境,浙江盾安人工环境设备股份有限公司,浙江盾安人工环境股份有限公司
2014-03-25,300043,星辉娱乐,广东星辉车模股份有限公司,星辉互动娱乐股份有限公司
2014-04-09,300248,新开普,郑州新开普电子股份有限公司,新开普电子股份有限公司
2014-04-11,000616,*ST海投,亿城集团股份有限公司,亿城投资集团股份有限公司
2014-04-14,000416,*ST民控,民生投资管理股份有限公司,民生控股股份有限公司
2014-04-16,000582,北部湾港,北海港股份有限公司,北部湾港股份有限公司
2014-04-18,002230,科大讯飞,安徽科大讯飞信息科技股份有限公司,科大讯飞股份有限公司
2014-04-23,300144,宋城演艺,杭州宋城旅游发展股份有限公司,宋城演艺发展股份有限公司
2014-04-25,300041,回天新材,湖北回天胶业股份有限公司,湖北回天新材料股份有限公司
2014-04-30,300101,振芯科技,成都国腾电子技术股份有限公司,成都振芯科技股份有限公司
2014-04-30,000046,*ST泛海,泛海建设集团股份有限公司,泛海控股股份有限公司
2014-05-05,300028,金亚退,成都金亚科技股份有限公司,金亚科技股份有限公司
2014-05-06,000592,平潭发展,福建中福实业股份有限公司,中福海峡（平潭）发展股份有限公司
2014-05-07,002217,ST合力泰,山东联合化工股份有限公司,合力泰科技股份有限公司
2014-05-12,000902,新洋丰,中国服装股份有限公司,湖北新洋丰肥业股份有限公司
2014-06-04,002276,万马股份,浙江万马电缆股份有限公司,浙江万马股份有限公司
2014-06-05,000760,斯太退,湖北博盈投资股份有限公司,斯太尔动力股份有限公司
2014-06-05,002174,游族网络,梅花伞业股份有限公司,游族网络股份有限公司
2014-06-05,002071,长城退,江苏宏宝五金股份有限公司,长城影视股份有限公司
2014-06-17,002675,东诚药业,烟台东诚生化股份有限公司,烟台东诚药业集团股份有限公司
2014-06-24,000035,中国天楹,中国科健股份有限公司,中国天楹股份有限公司
2014-06-25,002021,中捷资源,中捷缝纫机股份有限公司,中捷资源投资股份有限公司（最终以工商行政管理机关登记为准）
2014-07-03,002314,南山控股,雅致集成房屋股份有限公司,雅致集成房屋（集团）股份有限公司
2014-07-07,002021,中捷资源,中捷资源投资股份有限公司（最终以工商行政管理机关登记为准）,中捷缝纫机股份有限公司
2014-07-08,002373,千方科技,北京联信永益科技股份有限公司,北京千方科技股份有限公司
2014-07-25,002382,蓝帆医疗,山东蓝帆塑胶股份有限公司,蓝帆医疗股份有限公司
2014-08-04,300156,神雾退,天立环保工程股份有限公司,神雾环保技术股份有限公司
2014-08-11,002200,交投生态,云南绿大地生物科技股份有限公司,云南云投生态环境科技股份有限公司
2014-08-18,000670,盈方微,舜元实业发展股份有限公司,盈方微电子股份有限公司
2014-08-20,000681,视觉中国,远东实业股份有限公司,视觉（中国）文化发展股份有限公司
2014-08-25,002306,ST云网,北京湘鄂情集团股份有限公司,中科云网科技集团股份有限公司
2014-08-26,002450,康得退,北京康得新复合材料股份有限公司,江苏康得新复合材料股份有限公司
2014-09-16,002301,齐心集团,深圳市齐心文具股份有限公司,深圳齐心集团股份有限公司
2014-09-19,300254,仟源医药,山西仟源制药股份有限公司,山西仟源医药集团股份有限公司
2014-10-10,300202,聚龙退,辽宁聚龙金融设备股份有限公司,聚龙股份有限公司
2014-10-13,000928,中钢国际,中钢集团吉林炭素股份有限公司,中钢国际工程技术股份有限公司
2014-10-15,000958,电投产融,石家庄东方热电股份有限公司,石家庄东方能源股份有限公司
2014-10-20,300067,安诺其,上海安诺其纺织化工股份有限公司,上海安诺其集团股份有限公司
2014-10-22,000611,天首退,内蒙古四海科技股份有限公司,内蒙古敕勒川科技发展股份有限公司
2014-10-22,000835,长动退,四川圣达实业股份有限公司,四川长城国际动漫游戏股份有限公司
2014-10-24,000802,北京文化,北京京西风光旅游开发股份有限公司,北京京西文化旅游股份有限公司
2014-10-31,000837,秦川机床,陕西秦川机械发展股份有限公司,秦川机床工具集团股份公司
2014-11-11,002021,中捷资源,中捷缝纫机股份有限公司,中捷资源投资股份有限公司
2014-11-11,000810,创维数字,华润锦华股份有限公司,创维数字股份有限公司
2014-11-17,000711,ST京蓝,黑龙江天伦置业股份有限公司,黑龙江京蓝科技股份有限公司
2014-11-20,002143,印纪退,四川高金食品股份有限公司,印纪娱乐传媒股份有限公司
2014-11-24,002072,凯瑞德,山东德棉股份有限公司,凯瑞德控股股份有限公司
2014-11-24,002008,大族激光,深圳市大族激光科技股份有限公司,大族激光科技产业集团股份有限公司
2014-12-01,002019,亿帆医药,浙江杭州鑫富药业股份有限公司,亿帆鑫富药业股份有限公司
2014-12-10,002018,华信退,安徽华星化工股份有限公司,安徽华信国际控股股份有限公司
2014-12-11,002564,天沃科技,张家港化工机械股份有限公司,苏州天沃科技股份有限公司
2014-12-11,000504,南华生物,北京赛迪传媒投资股份有限公司,湖南赛迪传媒投资股份有限公司
2014-12-16,002180,奔图科技,珠海万力达电气股份有限公司,珠海艾派克科技股份有限公司
2014-12-22,000584,工智退,四川友利投资控股股份有限公司,江苏友利投资控股股份有限公司
2014-12-31,002602,世纪华通,浙江世纪华通车业股份有限公司,浙江世纪华通集团股份有限公司
2014-12-31,002329,皇氏集团,广西皇氏甲天下乳业股份有限公司,皇氏集团股份有限公司
2015-01-05,002036,联创电子,宁波宜科科技实业股份有限公司,汉麻产业投资股份有限公司
2015-01-06,000546,金圆股份,吉林光华控股集团股份有限公司,金圆水泥股份有限公司
2015-01-07,002447,晨鑫退,大连壹桥海洋苗业股份有限公司,大连壹桥海参股份有限公司
2015-01-12,002310,东方新能,北京东方园林股份有限公司,北京东方园林生态股份有限公司
2015-01-13,002143,印纪退,印纪娱乐传媒股份有限公司,四川高金食品股份有限公司
2015-01-13,000516,国际医学,西安开元投资集团股份有限公司,西安国际医学投资股份有限公司
2015-01-15,002143,印纪退,四川高金食品股份有限公司,印纪娱乐传媒股份有限公司
2015-01-19,000607,华媒控股,浙江华智控股股份有限公司,浙江华媒控股股份有限公司
2015-01-20,002491,通鼎互联,江苏通鼎光电股份有限公司,通鼎互联信息股份有限公司
2015-02-03,002555,三七互娱,芜湖顺荣汽车部件股份有限公司,芜湖顺荣三七互娱网络科技股份有限公司
2015-02-04,000676,智度股份,河南思达高科技股份有限公司,智度投资股份有限公司
2015-02-04,300266,兴源环境,杭州兴源过滤科技股份有限公司,兴源环境科技股份有限公司
2015-02-06,000616,*ST海投,亿城投资集团股份有限公司,海航投资集团股份有限公司
2015-02-09,000150,*ST宜康,宜华地产股份有限公司,宜华健康医疗股份有限公司
2015-02-12,300238,冠昊生物,广东冠昊生物科技股份有限公司,冠昊生物科技股份有限公司
2015-02-17,002340,格林美,深圳市格林美高新技术股份有限公司,格林美股份有限公司
2015-02-25,300238,冠昊生物,冠昊生物科技股份有限公司,广东冠昊生物科技股份有限公司
2015-03-03,300284,苏交科,江苏省交通科学研究院股份有限公司,苏交科集团股份有限公司
2015-03-05,002312,川发龙蟒,成都三泰电子实业股份有限公司,成都三泰控股集团股份有限公司
2015-03-06,000925,众合科技,浙江众合机电股份有限公司,浙江众合科技股份有限公司
2015-03-09,002506,协鑫集成,上海超日太阳能科技股份有限公司,协鑫集成科技股份有限公司
2015-03-12,002346,柘中股份,上海柘中建设股份有限公司,上海柘中集团股份有限公司
2015-03-13,002195,岩山科技,上海海隆软件股份有限公司,上海二三四五网络控股集团股份有限公司
2015-03-13,000008,神州高铁,广东宝利来投资股份有限公司,神州高铁技术股份有限公司
2015-03-19,002280,ST联络,杭州新世纪信息技术股份有限公司,杭州联络互动信息科技股份有限公司
2015-03-24,300208,中程退,青岛市恒顺电气股份有限公司,青岛市恒顺众昇集团股份有限公司
2015-03-27,300218,安利股份,安徽安利合成革股份有限公司,安徽安利材料科技股份有限公司
2015-03-30,000504,南华生物,湖南赛迪传媒投资股份有限公司,南华生物医药股份有限公司
2015-03-30,002439,启明星辰,北京启明星辰信息技术股份有限公司,启明星辰信息技术集团股份有限公司
2015-04-02,002354,天娱数科,大连科冕木业股份有限公司,大连天神娱乐股份有限公司
2015-04-03,300050,世纪鼎利,珠海世纪鼎利通信科技股份有限公司,珠海世纪鼎利科技股份有限公司
2015-04-03,002448,中原内配,河南省中原内配股份有限公司,中原内配（集团）股份有限公司
2015-04-07,000908,石药景峰,湖南天一科技股份有限公司,湖南景峰医药股份有限公司
2015-04-08,300238,冠昊生物,广东冠昊生物科技股份有限公司,冠昊生物科技股份有限公司
2015-04-14,002653,海思科,西藏海思科药业集团股份有限公司,海思科药业集团股份有限公司
2015-04-15,002450,康得退,江苏康得新复合材料股份有限公司,康得新集团股份有限公司
2015-04-17,300172,中电环保,南京中电环保股份有限公司,中电环保股份有限公司
2015-04-24,000806,银河退,北海银河产业投资股份有限公司,北海银河生物产业投资股份有限公司
2015-04-28,000595,新能股份,西北轴承股份有限公司,宝塔实业股份有限公司
2015-04-30,300173,ST福能,松德机械股份有限公司,松德智慧装备股份有限公司
2015-05-06,002624,完美世界,浙江金磊高温材料股份有限公司,完美环球娱乐股份有限公司
2015-05-11,002448,中原内配,中原内配（集团）股份有限公司,中原内配集团股份有限公司
2015-05-12,300012,华测检测,深圳市华测检测技术股份有限公司,华测检测认证集团股份有限公司
2015-05-12,002155,湖南黄金,湖南辰州矿业股份有限公司,湖南黄金股份有限公司
2015-05-13,002643,万润股份,烟台万润精细化工股份有限公司,中节能万润股份有限公司
2015-05-22,002165,红 宝 丽,南京红宝丽股份有限公司,红宝丽集团股份有限公司
2015-05-26,002516,旷达科技,江苏旷达汽车织物集团股份有限公司,旷达科技集团股份有限公司
2015-05-27,300135,宝利国际,江苏宝利沥青股份有限公司,江苏宝利国际投资股份有限公司
2015-05-28,002439,启明星辰,启明星辰信息技术集团股份有限公司,北京启明星辰信息技术股份有限公司
2015-06-05,002573,清新环境,北京国电清新环保技术股份有限公司,北京清新环境技术股份有限公司
2015-06-05,000816,智慧农业,江苏江淮动力股份有限公司,江苏农华智慧农业科技股份有限公司
2015-06-05,300126,锐奇股份,上海锐奇工具股份有限公司,锐奇控股股份有限公司
2015-06-05,300089,文化退,广东长城集团股份有限公司,广东文化长城集团股份有限公司
2015-06-09,000598,兴蓉环境,成都市兴蓉投资股份有限公司,成都市兴蓉环境股份有限公司
2015-06-11,000524,岭南控股,广州市东方宾馆股份有限公司,广州岭南集团控股股份有限公司
2015-06-12,002640,跨境通,山西百圆裤业连锁经营股份有限公司,跨境通宝电子商务股份有限公司
2015-06-15,002494,华斯股份,华斯农业开发股份有限公司,华斯控股股份有限公司
2015-06-25,300031,宝通科技,无锡宝通带业股份有限公司,无锡宝通科技股份有限公司
2015-06-26,002593,日上集团,厦门日上车轮集团股份有限公司,厦门日上集团股份有限公司
2015-06-26,002400,省广集团,广东省广告股份有限公司,广东省广告集团股份有限公司
2015-06-29,002439,启明星辰,北京启明星辰信息技术股份有限公司,启明星辰信息技术集团股份有限公司
2015-07-01,002653,海思科,海思科药业集团股份有限公司,海思科医药集团股份有限公司
2015-07-03,002260,德奥退,广东伊立浦电器股份有限公司,德奥通用航空股份有限公司
2015-07-06,002691,*ST冀凯,石家庄中煤装备制造股份有限公司,冀凯装备制造股份有限公司
2015-07-10,000852,石化机械,江汉石油钻头股份有限公司,中石化石油机械股份有限公司
2015-07-13,002175,*ST东智,桂林广陆数字测控股份有限公司,东方时代网络传媒股份有限公司
2015-07-21,002171,楚江新材,安徽精诚铜业股份有限公司,安徽楚江科技新材料股份有限公司
2015-07-22,000558,天府文旅,莱茵达置业股份有限公司,莱茵达体育发展股份有限公司
2015-07-24,300005,探路者,北京探路者户外用品股份有限公司,探路者控股集团股份有限公司
2015-08-04,002504,*ST弘高,江苏东光微电子股份有限公司,北京弘高创意建筑设计股份有限公司
2015-08-05,002004,华邦健康,华邦颖泰股份有限公司,华邦生命健康股份有限公司
2015-08-06,300031,宝通科技,无锡宝通科技股份有限公司,无锡宝通带业股份有限公司
2015-08-07,300031,宝通科技,无锡宝通带业股份有限公司,无锡宝通科技股份有限公司
2015-08-11,002239,奥特佳,江苏金飞达服装股份有限公司,奥特佳新能源科技股份有限公司
2015-08-12,300332,天壕能源,天壕节能科技股份有限公司,天壕环境股份有限公司
2015-08-18,002711,欧浦退,广东欧浦钢铁物流股份有限公司,欧浦智网股份有限公司
2015-08-19,300371,汇中股份,唐山汇中仪表股份有限公司,汇中仪表股份有限公司
2015-08-19,300152,*ST动力,徐州燃控科技股份有限公司,徐州科融环境资源股份有限公司
2015-08-20,000547,航天发展,神州学人集团股份有限公司,航天工业发展股份有限公司
2015-08-20,300371,汇中股份,汇中仪表股份有限公司,唐山汇中仪表股份有限公司
2015-08-20,000835,长动退,四川长城国际动漫游戏股份有限公司,长城国际动漫游戏股份有限公司
2015-08-24,002192,融捷股份,路翔股份有限公司,融捷股份有限公司
2015-08-26,000795,英洛华,太原双塔刚玉股份有限公司,英洛华科技股份有限公司
2015-08-27,002323,*ST雅博,江苏中联电气股份有限公司,江苏雅百特科技股份有限公司
2015-08-31,002466,天齐锂业,四川天齐锂业股份有限公司,天齐锂业股份有限公司
2015-08-31,000795,英洛华,英洛华科技股份有限公司,太原双塔刚玉股份有限公司
2015-09-02,002366,融发核电,四川丹甫制冷压缩机股份有限公司,台海玛努尔核电设备股份有限公司
2015-09-08,300371,汇中股份,唐山汇中仪表股份有限公司,汇中仪表股份有限公司
2015-09-08,300364,中文在线,北京中文在线数字出版股份有限公司,中文在线数字出版集团股份有限公司
2015-09-08,002471,中超控股,江苏中超电缆股份有限公司,江苏中超控股股份有限公司
2015-09-08,002004,华邦健康,华邦生命健康股份有限公司,华邦颖泰股份有限公司
2015-09-09,002004,华邦健康,华邦颖泰股份有限公司,华邦生命健康股份有限公司
2015-09-09,300247,融捷健康,安徽桑乐金股份有限公司,安徽乐金健康科技股份有限公司
2015-09-15,300078,思创智联,杭州中瑞思创科技股份有限公司,思创医惠科技股份有限公司
2015-09-16,002031,巨轮智能,巨轮股份有限公司,巨轮智能装备股份有限公司
2015-09-18,200056,*ST皇庭B,深圳市国际企业股份有限公司,深圳市皇庭国际企业股份有限公司
2015-09-18,000056,*ST皇庭,深圳市国际企业股份有限公司,深圳市皇庭国际企业股份有限公司
2015-09-22,002631,德尔未来,德尔国际家居股份有限公司,德尔未来科技控股集团股份有限公司
2015-09-25,002088,鲁阳节能,山东鲁阳股份有限公司,山东鲁阳节能材料股份有限公司
2015-09-28,000939,凯迪退,武汉凯迪电力股份有限公司,凯迪生态环境科技股份有限公司
2015-09-29,002074,国轩高科,江苏东源电器集团股份有限公司,国轩高科股份有限公司
2015-09-30,300376,易事特,广东易事特电源股份有限公司,易事特集团股份有限公司
2015-10-12,000796,凯撒旅业,易食集团股份有限公司,海航凯撒旅游集团股份有限公司
2015-10-14,300292,吴通控股,江苏吴通通讯股份有限公司,吴通控股集团股份有限公司
2015-10-14,002303,美盈森,深圳市美盈森环保科技股份有限公司,美盈森集团股份有限公司
2015-10-19,002031,巨轮智能,巨轮智能装备股份有限公司,巨轮股份有限公司
2015-10-20,002031,巨轮智能,巨轮股份有限公司,巨轮智能装备股份有限公司
2015-10-20,002162,悦心健康,上海斯米克控股股份有限公司,上海悦心健康集团股份有限公司
2015-10-21,002581,*ST未名,淄博万昌科技股份有限公司,山东未名生物医药股份有限公司
2015-10-23,002366,融发核电,台海玛努尔核电设备股份有限公司,四川丹甫制冷压缩机股份有限公司
2015-10-23,000687,华讯退,恒天天鹅股份有限公司,华讯方舟股份有限公司
2015-10-27,300050,世纪鼎利,珠海世纪鼎利科技股份有限公司,珠海世纪鼎利通信科技股份有限公司
2015-10-29,002366,融发核电,四川丹甫制冷压缩机股份有限公司,台海玛努尔核电设备股份有限公司
2015-11-03,300050,世纪鼎利,珠海世纪鼎利通信科技股份有限公司,珠海世纪鼎利科技股份有限公司
2015-11-04,002314,南山控股,雅致集成房屋（集团）股份有限公司,深圳市新南山控股（集团）股份有限公司
2015-11-04,000889,中嘉博创,茂业物流股份有限公司,茂业通信网络股份有限公司
2015-11-05,002696,百洋股份,百洋水产集团股份有限公司,百洋产业投资集团股份有限公司
2015-11-06,002413,雷科防务,江苏常发制冷股份有限公司,江苏雷科防务科技股份有限公司
2015-11-09,300189,神农种业,海南神农大丰种业科技股份有限公司,海南神农基因科技股份有限公司
2015-11-10,300021,大禹节水,甘肃大禹节水集团股份有限公司,大禹节水集团股份有限公司
2015-11-11,000826,*ST启环,桑德环境资源股份有限公司,启迪桑德环境资源股份有限公司
2015-11-12,000971,*ST高升,湖北蓝鼎控股股份有限公司,高升控股股份有限公司
2015-11-12,300139,晓程科技,北京福星晓程电子科技股份有限公司,北京晓程科技股份有限公司
2015-11-18,000838,*ST发展,国兴融达地产股份有限公司,财信国兴地产发展股份有限公司
2015-11-27,300080,易成新能,河南新大新材料股份有限公司,河南易成新能源股份有限公司
2015-12-07,002137,实益达,深圳市实益达科技股份有限公司,深圳市麦达数字股份有限公司
2015-12-07,200018,神城B退,深圳中冠纺织印染股份有限公司,神州长城股份有限公司
2015-12-07,000018,神城A退,深圳中冠纺织印染股份有限公司,神州长城股份有限公司
2015-12-09,002298,中电鑫龙,安徽鑫龙电器股份有限公司,安徽中电兴发与鑫龙科技股份有限公司
2015-12-09,300450,先导智能,无锡先导自动化设备股份有限公司,无锡先导智能装备股份有限公司
2015-12-09,002584,西陇科学,西陇化工股份有限公司,西陇科学股份有限公司
2015-12-11,300062,中能电气,福建中能电气股份有限公司,中能电气股份有限公司
2015-12-21,002722,物产金轮,金轮科创股份有限公司,金轮蓝海股份有限公司
2015-12-21,002293,罗莱生活,罗莱家纺股份有限公司,罗莱生活科技股份有限公司
2015-12-22,002684,猛狮退,广东猛狮电源科技股份有限公司,广东猛狮新能源科技股份有限公司
2015-12-23,002689,ST远智,沈阳博林特电梯集团股份有限公司,沈阳远大智能工业集团股份有限公司
2015-12-24,002568,百润股份,上海百润香精香料股份有限公司,上海百润投资控股集团股份有限公司
2016-01-05,300256,星星科技,浙江星星瑞金科技股份有限公司,浙江星星科技股份有限公司
2016-01-08,002044,美年健康,江苏三友集团股份有限公司,美年大健康产业控股股份有限公司
2016-01-08,300362,天翔退,成都天保重型装备股份有限公司,成都天翔环境股份有限公司
2016-01-12,300253,卫宁健康,上海金仕达卫宁软件股份有限公司,卫宁健康科技集团股份有限公司
2016-01-12,002343,慈文传媒,浙江禾欣实业集团股份有限公司,慈文传媒股份有限公司
2016-01-14,002503,*ST搜特,东莞市搜于特服装股份有限公司,搜于特集团股份有限公司
2016-01-22,002188,中天服务,浙江新嘉联电子股份有限公司,巴士在线股份有限公司
2016-01-26,002434,万里扬,浙江万里扬变速器股份有限公司,浙江万里扬股份有限公司
2016-01-29,300479,神思电子,山东神思电子技术股份有限公司,神思电子技术股份有限公司
2016-01-29,300066,三川智慧,江西三川水表股份有限公司,三川智慧科技股份有限公司
2016-02-03,002517,恺英网络,泰亚鞋业股份有限公司,恺英网络股份有限公司
2016-02-17,000007,全新好,深圳市零七股份有限公司,深圳市全新好股份有限公司
2016-02-23,002552,宝鼎科技,宝鼎重工股份有限公司,宝鼎科技股份有限公司
2016-02-23,000415,渤海租赁,渤海租赁股份有限公司,渤海金控投资股份有限公司
2016-03-01,300301,ST长方,深圳市长方半导体照明股份有限公司,深圳市长方集团股份有限公司
2016-03-02,000967,盈峰环境,浙江上风实业股份有限公司,盈峰环境科技集团股份有限公司
2016-03-03,002036,联创电子,汉麻产业投资股份有限公司,联创电子科技股份有限公司
2016-03-04,002411,必康退,江苏九九久科技股份有限公司,江苏必康制药股份有限公司
2016-03-04,000893,亚钾国际,广州东凌粮油股份有限公司,广州东凌国际投资股份有限公司
2016-03-04,002653,海思科,海思科医药集团股份有限公司,海思科医药集团股份1有限公司
2016-03-07,002653,海思科,海思科医药集团股份1有限公司,海思科医药集团股份有限公司
2016-03-07,002127,南极电商,江苏新民纺织科技股份有限公司,南极电商股份有限公司
2016-03-07,000795,英洛华,太原双塔刚玉股份有限公司,英洛华科技股份有限公司
2016-03-17,300242,佳云科技,广东明家科技股份有限公司,广东明家联合移动科技股份有限公司
2016-03-17,002680,长生退,连云港黄海机械股份有限公司,长生生物科技股份有限公司
2016-03-24,002291,遥望科技,佛山星期六鞋业股份有限公司,星期六股份有限公司
2016-03-25,300233,金城医药,山东金城医药化工股份有限公司,山东金城医药股份有限公司
2016-03-28,000591,太阳能,重庆桐君阁股份有限公司,中节能太阳能股份有限公司
2016-03-28,002656,摩登大道,广州卡奴迪路服饰股份有限公司,摩登大道时尚集团股份有限公司
2016-04-01,002292,奥飞娱乐,广东奥飞动漫文化股份有限公司,奥飞娱乐股份有限公司
2016-04-06,002191,劲嘉股份,深圳劲嘉彩印集团股份有限公司,深圳劲嘉集团股份有限公司
2016-04-11,000590,古汉医药,紫光古汉集团股份有限公司,启迪古汉集团股份有限公司
2016-04-14,002322,理工能科,宁波理工监测科技股份有限公司,宁波理工环境能源科技股份有限公司
2016-04-15,002431,ST棕榈,棕榈园林股份有限公司,棕榈生态城镇发展股份有限公司
2016-04-18,002027,分众传媒,七喜控股股份有限公司,分众传媒信息技术股份有限公司
2016-04-25,000587,*ST金洲,金叶珠宝股份有限公司,金洲慈航集团股份有限公司
2016-04-25,000034,神州数码,深圳市深信泰丰(集团)股份有限公司,神州数码集团股份有限公司
2016-04-26,300145,南方泵业,南方泵业股份有限公司,南方中金环境股份有限公司
2016-04-26,002147,新光退,马鞍山方圆回转支承股份有限公司,新光圆成股份有限公司
2016-05-03,000662,天夏退,索芙特股份有限公司,天夏智慧城市科技股份有限公司
2016-05-03,300495,*ST美尚,江苏美尚生态景观股份有限公司,美尚生态景观股份有限公司
2016-05-06,002305,*ST南置,武汉南国置业股份有限公司,南国置业股份有限公司
2016-05-09,000010,*ST美丽,北京深华新股份有限公司,深圳美丽生态股份有限公司
2016-05-09,300448,浩云科技,广州市浩云安防科技股份有限公司,浩云科技股份有限公司
2016-05-10,002445,中南文化,江阴中南重工股份有限公司,中南红文化集团股份有限公司
2016-05-11,002502,ST鼎龙,骅威科技股份有限公司,骅威文化股份有限公司
2016-05-11,000972,中基健康,新疆中基实业股份有限公司,中基健康产业股份有限公司
2016-05-23,200168,*ST舜喆B,广东雷伊(集团)股份有限公司,广东舜喆（集团）股份有限公司
2016-05-24,002356,鹏飞绿能,深圳浩宁达仪表股份有限公司,深圳赫美集团股份有限公司
2016-05-25,300008,天海防务,上海佳豪船舶工程设计股份有限公司,天海融合防务装备技术股份有限公司
2016-05-26,000615,*ST美谷,湖北金环股份有限公司,京汉实业投资股份有限公司
2016-05-26,000557,西部创业,广夏(银川)实业股份有限公司,宁夏西部创业实业股份有限公司
2016-05-27,300431,暴风退,北京暴风科技股份有限公司,暴风集团股份有限公司
2016-05-31,002505,鹏都农牧,湖南大康牧业股份有限公司,湖南大康国际农业食品股份有限公司
2016-05-31,002270,华明装备,山东法因数控机械股份有限公司,华明电力装备股份有限公司
2016-06-02,002757,南兴股份,东莞市南兴家具装备制造股份有限公司,南兴装备股份有限公司
2016-06-03,300343,联创股份,山东联创节能新材料股份有限公司,山东联创互联网传媒股份有限公司
2016-06-07,002241,歌尔股份,歌尔声学股份有限公司,歌尔股份有限公司
2016-06-14,000709,河钢股份,河北钢铁股份有限公司,河钢股份有限公司
2016-06-15,000606,顺利退,青海明胶股份有限公司,神州易桥信息服务股份有限公司
2016-06-17,002482,广田集团,深圳广田装饰集团股份有限公司,深圳广田集团股份有限公司
2016-06-17,002102,ST能特,福建冠福现代家用股份有限公司,冠福控股股份有限公司
2016-06-20,002049,紫光国微,同方国芯电子股份有限公司,紫光国芯股份有限公司
2016-06-21,300355,蒙草生态,内蒙古和信园蒙草抗旱绿化股份有限公司,内蒙古蒙草生态环境（集团）股份有限公司
2016-06-21,002788,鹭燕医药,鹭燕（福建）药业股份有限公司,鹭燕医药股份有限公司
2016-06-21,002100,天康生物,新疆天康畜牧生物技术股份有限公司,天康生物股份有限公司
2016-06-21,000421,南京公用,南京中北(集团)股份有限公司,南京公用发展股份有限公司
2016-06-22,002173,创新医疗,千足珍珠集团股份有限公司,创新医疗管理股份有限公司
2016-06-22,002450,康得退,康得新集团股份有限公司,康得新复合材料集团股份有限公司
2016-06-22,300300,海峡创新,汉鼎信息科技股份有限公司,汉鼎宇佑互联网股份有限公司
2016-06-23,002410,广联达,广联达软件股份有限公司,广联达科技股份有限公司
2016-06-29,000611,天首退,内蒙古敕勒川科技发展股份有限公司,内蒙古天首科技发展股份有限公司
2016-07-06,002113,*ST天润,湖南天润实业控股股份有限公司,湖南天润数字娱乐文化传媒股份有限公司
2016-07-08,002588,史丹利,史丹利化肥股份有限公司,史丹利农业集团股份有限公司
2016-07-13,000609,*ST中迪,北京绵世投资集团股份有限公司,北京绵石投资集团股份有限公司
2016-07-13,000526,学大教育,厦门银润投资股份有限公司,厦门紫光学大股份有限公司
2016-07-15,300359,全通教育,广东全通教育股份有限公司,全通教育集团（广东）股份有限公司
2016-07-15,000040,*ST旭蓝,宝安鸿基地产集团股份有限公司,东旭蓝天新能源股份有限公司
2016-07-19,300219,鸿利智汇,广州市鸿利光电股份有限公司,鸿利智汇集团股份有限公司
2016-07-19,000711,ST京蓝,黑龙江京蓝科技股份有限公司,京蓝科技股份有限公司
2016-07-21,002607,中公教育,芜湖亚夏汽车股份有限公司,亚夏汽车股份有限公司
2016-07-26,002624,完美世界,完美环球娱乐股份有限公司,完美世界股份有限公司
2016-07-26,300459,汤姆猫,浙江金科过氧化物股份有限公司,浙江金科娱乐文化股份有限公司
2016-07-27,002509,天茂退,天广消防股份有限公司,天广中茂股份有限公司
2016-07-29,000987,越秀资本,广州友谊集团股份有限公司,广州越秀金融控股集团股份有限公司
2016-08-01,002355,兴民智通,山东兴民钢圈股份有限公司,兴民智通（集团）股份有限公司
2016-08-02,002707,众信旅游,北京众信国际旅行社股份有限公司,众信旅游集团股份有限公司
2016-08-02,000815,美利云,中冶美利纸业股份有限公司,中冶美利云产业投资股份有限公司
2016-08-11,000423,东阿阿胶,山东东阿阿胶股份有限公司,东阿阿胶股份有限公司
2016-08-16,002053,云南能投,云南盐化股份有限公司,云南能源投资股份有限公司
2016-08-17,002670,国盛证券,广东华声电器股份有限公司,广东国盛金控集团股份有限公司
2016-08-17,002123,梦网科技,荣信电力电子股份有限公司,梦网荣信科技集团股份有限公司
2016-08-17,000620,盈新发展,新华联不动产股份有限公司,新华联文化旅游发展股份有限公司
2016-08-19,002105,信隆健康,深圳信隆实业股份有限公司,深圳信隆健康产业发展股份有限公司
2016-08-19,300157,新锦动力,恒泰艾普石油天然气技术服务股份有限公司,恒泰艾普集团股份有限公司
2016-08-22,002102,ST能特,冠福控股股份有限公司,福建冠福现代家用股份有限公司
2016-08-23,002102,ST能特,福建冠福现代家用股份有限公司,冠福控股股份有限公司
2016-08-26,000676,智度股份,智度投资股份有限公司,智度科技股份有限公司
2016-09-14,002425,凯撒文化,凯撒（中国）股份有限公司,凯撒（中国）文化股份有限公司
2016-09-19,002247,聚力文化,浙江帝龙新材料股份有限公司,浙江帝龙文化发展股份有限公司
2016-09-20,002539,云图控股,成都市新都化工股份有限公司,成都云图控股股份有限公司
2016-09-26,300054,鼎龙股份,湖北鼎龙化学股份有限公司,湖北鼎龙控股股份有限公司
2016-09-27,000790,华神科技,成都华神集团股份有限公司,成都泰合健康科技集团股份有限公司
2016-10-11,002637,赞宇科技,浙江赞宇科技股份有限公司,赞宇科技集团股份有限公司
2016-10-11,002019,亿帆医药,亿帆鑫富药业股份有限公司,亿帆医药股份有限公司
2016-10-17,000813,德展健康,新疆天山毛纺织股份有限公司,德展大健康股份有限公司
2016-10-18,000863,三湘印象,三湘股份有限公司,三湘印象股份有限公司
2016-10-19,000910,大亚圣象,大亚科技股份有限公司,大亚圣象家居股份有限公司
2016-10-21,002742,冀衡医药,重庆三圣特种建材股份有限公司,重庆三圣实业股份有限公司
2016-10-21,002310,东方新能,北京东方园林生态股份有限公司,北京东方园林环境股份有限公司
2016-10-24,002589,瑞康医药,山东瑞康医药股份有限公司,瑞康医药股份有限公司
2016-10-25,000626,远大控股,连云港如意集团股份有限公司,远大产业控股股份有限公司
2016-10-31,300116,*ST保力,陕西坚瑞消防股份有限公司,陕西坚瑞沃能股份有限公司
2016-11-04,002629,仁智股份,四川仁智油田技术服务股份有限公司,浙江仁智股份有限公司
2016-11-07,002728,特一药业,广东台城制药股份有限公司,特一药业集团股份有限公司
2016-11-08,002622,皓宸医疗,吉林永大集团股份有限公司,融钰集团股份有限公司
2016-11-08,002256,兆新股份,深圳市彩虹精细化工股份有限公司,深圳市兆新能源股份有限公司
2016-11-14,300086,康芝药业,海南康芝药业股份有限公司,康芝药业股份有限公司
2016-11-15,300084,海默科技,兰州海默科技股份有限公司,海默科技（集团）股份有限公司
2016-11-16,002010,传化智联,浙江传化股份有限公司,传化智联股份有限公司
2016-11-18,002050,三花智控,浙江三花股份有限公司,浙江三花智能控制股份有限公司
2016-12-02,300048,合康新能,北京合康亿盛变频科技股份有限公司,北京合康新能科技股份有限公司
2016-12-05,002156,通富微电,南通富士通微电子股份有限公司,通富微电子股份有限公司
2016-12-13,002548,金新农,深圳市金新农饲料股份有限公司,深圳市金新农科技股份有限公司
2016-12-16,000820,神雾节能,金城造纸股份有限公司,神雾节能股份有限公司
2016-12-23,002565,顺灏股份,上海绿新包装材料科技股份有限公司,上海顺灏新材料科技股份有限公司
2016-12-30,002468,申通快递,浙江艾迪西流体控制股份有限公司,申通快递股份有限公司
2017-01-09,300439,美康生物,宁波美康生物科技股份有限公司,美康生物科技股份有限公司
2017-01-09,002761,浙江建投,多喜爱家纺股份有限公司,多喜爱集团股份有限公司
2017-01-10,000519,中兵红箭,湖南江南红箭股份有限公司,中兵红箭股份有限公司
2017-01-11,002787,华源控股,苏州华源包装股份有限公司,苏州华源控股股份有限公司
2017-01-11,002308,*ST威创,广东威创视讯科技股份有限公司,威创集团股份有限公司
2017-01-18,002120,韵达股份,宁波新海电气股份有限公司,韵达控股股份有限公司
2017-01-19,000906,浙商中拓,物产中拓股份有限公司,浙商中拓集团股份有限公司
2017-01-23,002141,贤丰控股,广东蓉胜超微线材股份有限公司,贤丰控股股份有限公司
2017-02-08,002309,中利集团,中利科技集团股份有限公司,江苏中利集团股份有限公司
2017-02-10,000617,中油资本,济南柴油机股份有限公司,中国石油集团资本股份有限公司
2017-02-14,002692,远程股份,远程电缆股份有限公司,睿康文远电缆股份有限公司
2017-02-14,300556,丝路视觉,深圳丝路数字视觉股份有限公司,丝路视觉科技股份有限公司
2017-02-15,000892,欢瑞世纪,星美联合股份有限公司,欢瑞世纪联合股份有限公司
2017-02-15,000881,中广核技,中国大连国际合作（集团）股份有限公司,大连国际合作（集团）股份有限公司
2017-02-21,300425,中建环能,四川环能德美科技股份有限公司,环能科技股份有限公司
2017-02-22,002399,海普瑞,深圳市海普瑞药业股份有限公司,深圳市海普瑞药业集团股份有限公司
2017-02-23,300128,锦富技术,苏州锦富新材料股份有限公司,苏州锦富技术股份有限公司
2017-02-24,002371,北方华创,北京七星华创电子股份有限公司,北方华创科技集团股份有限公司
2017-02-24,002352,顺丰控股,马鞍山鼎泰稀土新材料股份有限公司,顺丰控股股份有限公司
2017-02-24,000564,供销大集,西安民生集团股份有限公司,供销大集集团股份有限公司
2017-02-27,000881,中广核技,大连国际合作（集团）股份有限公司,中广核核技术发展股份有限公司
2017-02-28,300140,节能环境,西安启源机电装备股份有限公司,中节能环保装备股份有限公司
2017-03-07,002601,龙佰集团,河南佰利联化学股份有限公司,龙蟒佰利联集团股份有限公司
2017-03-10,300500,启迪设计,苏州设计研究院股份有限公司,启迪设计集团股份有限公司
2017-03-17,002290,禾盛新材,苏州禾盛新型材料股份有限公司,苏州中科创新型材料股份有限公司
2017-03-21,300349,金卡智能,金卡高科技股份有限公司,金卡智能集团股份有限公司
2017-03-23,002647,仁东控股,浙江宏磊铜业股份有限公司,民盛金科控股股份有限公司
2017-03-28,002608,江苏国信,江苏舜天船舶股份有限公司,江苏国信股份有限公司
2017-03-29,000066,中国长城,中国长城计算机深圳股份有限公司,中国长城科技集团股份有限公司
2017-04-06,300099,尤洛卡,尤洛卡矿业安全工程股份有限公司,尤洛卡精准信息工程股份有限公司
2017-04-06,000540,*ST中天,中天城投集团股份有限公司,中天金融集团股份有限公司
2017-04-07,300492,华图山鼎,四川山鼎建筑工程设计股份有限公司,山鼎设计股份有限公司
2017-04-07,002054,德美化工,广东德美精细化工股份有限公司,广东德美精细化工集团股份有限公司
2017-04-11,300299,富春股份,富春通信股份有限公司,富春科技股份有限公司
2017-04-11,002542,*ST中岩,中化岩土工程股份有限公司,中化岩土集团股份有限公司
2017-04-18,000532,华金资本,力合股份有限公司,珠海华金资本股份有限公司
2017-04-19,300463,迈克生物,四川迈克生物科技股份有限公司,迈克生物股份有限公司
2017-04-20,000738,航发控制,中航动力控制股份有限公司,中国航发动力控制股份有限公司
2017-04-25,002154,报 喜 鸟,浙江报喜鸟服饰股份有限公司,报喜鸟控股股份有限公司
2017-04-26,002212,天融信,广东南洋电缆集团股份有限公司,南洋天融信科技集团股份有限公司
2017-05-05,002401,中远海科,中海网络科技股份有限公司,中远海运科技股份有限公司
2017-05-16,300396,ST迪瑞,长春迪瑞医疗科技股份有限公司,迪瑞医疗科技股份有限公司
2017-05-16,200160,东沣B退,承德南江股份有限公司,东沣科技集团股份有限公司
2017-05-19,002739,儒意电影,万达电影院线股份有限公司,万达电影股份有限公司
2017-05-22,002614,奥佳华,厦门蒙发利科技(集团)股份有限公司,奥佳华智能健康科技集团股份有限公司
2017-05-25,300233,金城医药,山东金城医药股份有限公司,山东金城医药集团股份有限公司
2017-05-25,000968,蓝焰控股,太原煤气化股份有限公司,山西蓝焰控股股份有限公司
2017-05-26,002180,奔图科技,珠海艾派克科技股份有限公司,纳思达股份有限公司
2017-05-31,002530,金财互联,江苏丰东热技术股份有限公司,金财互联控股股份有限公司
2017-06-01,002379,宏桥控股,鲁丰环保科技股份有限公司,山东宏创铝业控股股份有限公司
2017-06-02,002124,天邦食品,宁波天邦股份有限公司,天邦食品股份有限公司
2017-06-05,300081,ST恒信,恒信移动商务股份有限公司,恒信东方文化股份有限公司
2017-06-06,002435,ST长康,长江润发机械股份有限公司,长江润发医药股份有限公司
2017-06-07,000980,众泰汽车,黄山金马股份有限公司,安徽众泰汽车股份有限公司
2017-06-09,002558,巨人网络,重庆新世纪游轮股份有限公司,巨人网络集团股份有限公司
2017-06-12,002193,ST如意,山东济宁如意毛纺织股份有限公司,山东如意毛纺服装集团股份有限公司
2017-06-16,002625,光启技术,浙江龙生汽车部件股份有限公司,光启技术股份有限公司
2017-06-27,000408,藏格矿业,金谷源控股股份有限公司,藏格控股股份有限公司
2017-06-29,300268,佳沃食品,万福生科（湖南）农业开发股份有限公司,佳沃农业开发股份有限公司
2017-07-06,300143,盈康生命,广东星河生物科技股份有限公司,广东星普医学科技股份有限公司
2017-07-07,300007,汉威科技,河南汉威电子股份有限公司,汉威科技集团股份有限公司
2017-07-10,300350,华鹏飞,深圳市华鹏飞现代物流股份有限公司,华鹏飞股份有限公司
2017-07-13,300083,创世纪,东莞劲胜精密组件股份有限公司,广东劲胜智能集团股份有限公司
2017-07-14,000545,金浦钛业,吉林金浦钛业股份有限公司,金浦钛业股份有限公司
2017-07-17,300195,长荣股份,天津长荣印刷设备股份有限公司,天津长荣科技集团股份有限公司
2017-07-19,300459,汤姆猫,浙江金科娱乐文化股份有限公司,浙江金科文化产业股份有限公司
2017-07-28,300061,旗天科技,上海康耐特光学股份有限公司,上海康耐特旗计智能科技集团股份有限公司
2017-08-01,300309,吉艾退,吉艾科技（北京）股份公司,吉艾科技集团股份公司
2017-08-01,300053,航宇微,珠海欧比特控制工程股份有限公司,珠海欧比特宇航科技股份有限公司
2017-08-04,300294,博雅生物,江西博雅生物制药股份有限公司,博雅生物制药集团股份有限公司
2017-08-07,002537,海联金汇,青岛海立美达股份有限公司,海联金汇科技股份有限公司
2017-08-10,300278,华昌达,湖北华昌达智能装备股份有限公司,华昌达智能装备集团股份有限公司
2017-08-14,300416,苏试试验,苏州苏试试验仪器股份有限公司,苏州苏试试验集团股份有限公司
2017-08-15,002619,*ST艾格,浙江巨龙管业股份有限公司,艾格拉斯股份有限公司
2017-08-24,000584,工智退,江苏友利投资控股股份有限公司,江苏哈工智能机器人股份有限公司
2017-08-25,000710,贝瑞基因,成都天兴仪表股份有限公司,成都市贝瑞和康基因技术股份有限公司
2017-08-28,002359,北讯退,山东齐星铁塔科技股份有限公司,北讯集团股份有限公司
2017-08-29,002670,国盛证券,广东国盛金控集团股份有限公司,国盛金融控股集团股份有限公司
2017-08-29,300108,*ST吉药,通化双龙化工股份有限公司,吉药控股股份有限公司
2017-09-04,002496,辉丰股份,江苏辉丰农化股份有限公司,江苏辉丰生物农业股份有限公司
2017-09-12,300480,光力科技,郑州光力科技股份有限公司,光力科技股份有限公司
2017-09-13,000669,ST金鸿,中油金鸿能源投资股份有限公司,金鸿控股集团股份有限公司
2017-09-15,000511,烯碳退,银基烯碳新材料股份有限公司,银基烯碳新材料集团股份有限公司
2017-09-18,002582,好想你,好想你枣业股份有限公司,好想你健康食品股份有限公司
2017-09-19,300575,中旗股份,江苏中旗作物保护股份有限公司,江苏中旗科技股份有限公司
2017-09-22,002089,新海退,苏州新海宜通信科技股份有限公司,新海宜科技集团股份有限公司
2017-09-27,000811,冰轮环境,烟台冰轮股份有限公司,冰轮环境技术股份有限公司
2017-10-09,300308,中际旭创,山东中际电工装备股份有限公司,中际旭创股份有限公司
2017-10-10,000976,*ST华铁,广东开平春晖股份有限公司,广东华铁通达高铁装备股份有限公司
2017-10-12,002042,华孚时尚,华孚色纺股份有限公司,华孚时尚股份有限公司
2017-10-24,000736,中交发展,中房地产股份有限公司,中交地产股份有限公司
2017-10-24,000633,合金投资,沈阳合金投资股份有限公司,新疆合金投资股份有限公司
2017-10-24,000158,常山北明,石家庄常山纺织股份有限公司,石家庄常山北明科技股份有限公司
2017-11-15,002464,众应退,昆山金利表面材料应用科技股份有限公司,众应互联科技股份有限公司
2017-11-28,000980,众泰汽车,安徽众泰汽车股份有限公司,众泰汽车股份有限公司
2017-11-29,300567,精测电子,武汉精测电子技术股份有限公司,武汉精测电子集团股份有限公司
2017-11-30,300244,迪安诊断,浙江迪安诊断技术股份有限公司,迪安诊断技术集团股份有限公司
2017-12-01,002456,欧菲光,深圳欧菲光科技股份有限公司,欧菲科技股份有限公司
2017-12-07,300237,ST美晨,山东美晨科技股份有限公司,山东美晨生态环境股份有限公司
2017-12-11,002881,美格智能,深圳市美格智能技术股份有限公司,美格智能技术股份有限公司
2017-12-19,002664,信质集团,信质电机股份有限公司,长鹰信质科技股份有限公司
2017-12-22,002061,浙江交科,浙江江山化工股份有限公司,浙江交通科技股份有限公司
2017-12-27,200054,建车B,重庆建设摩托车股份有限公司,重庆建设汽车系统股份有限公司
2017-12-28,300167,ST迪威迅,深圳市迪威视讯股份有限公司,深圳市迪威迅股份有限公司
2018-01-03,002082,ST万邦,浙江栋梁新材股份有限公司,万邦德新材股份有限公司
2018-01-05,002034,旺能环境,浙江美欣达印染集团股份有限公司,旺能环境股份有限公司
2018-01-15,000950,重药控股,重庆建峰化工股份有限公司,重药控股股份有限公司
2018-01-16,300178,腾邦退,深圳市腾邦国际商业服务股份有限公司,腾邦国际商业服务集团股份有限公司
2018-01-24,002659,凯文教育,江苏中泰桥梁钢构股份有限公司,北京凯文德信教育科技股份有限公司
2018-01-25,300123,ST亚光,太阳鸟游艇股份有限公司,亚光科技集团股份有限公司
2018-01-30,300420,五洋自控,徐州五洋科技股份有限公司,江苏五洋停车产业集团股份有限公司
2018-01-31,002447,晨鑫退,大连壹桥海参股份有限公司,大连晨鑫网络科技股份有限公司
2018-01-31,002084,海鸥住工,广州海鸥卫浴用品股份有限公司,广州海鸥住宅工业股份有限公司
2018-01-31,000958,电投产融,石家庄东方能源股份有限公司,国家电投集团东方新能源股份有限公司
2018-02-06,000981,山子高科,银亿房地产股份有限公司,银亿股份有限公司
2018-02-07,002024,ST易购,苏宁云商集团股份有限公司,苏宁易购集团股份有限公司
2018-02-09,002417,深南退,福建三元达通讯股份有限公司,深南金科股份有限公司
2018-02-13,300109,新开源,博爱新开源制药股份有限公司,博爱新开源医疗科技集团股份有限公司
2018-02-27,300249,依米康,四川依米康环境科技股份有限公司,依米康科技集团股份有限公司
2018-03-01,002717,*ST岭南,岭南园林股份有限公司,岭南生态文旅股份有限公司
2018-03-02,000609,*ST中迪,北京绵石投资集团股份有限公司,北京中迪投资股份有限公司
2018-03-08,300427,红相股份,厦门红相电力设备股份有限公司,红相股份有限公司
2018-03-08,002600,领益智造,广东江粉磁材股份有限公司,广东领益智造股份有限公司
2018-03-08,002455,百川股份,无锡百川化工股份有限公司,江苏百川高科新材料股份有限公司
2018-03-13,200505,京粮B,海南珠江控股股份有限公司,海南京粮控股股份有限公司
2018-03-13,000505,京粮控股,海南珠江控股股份有限公司,海南京粮控股股份有限公司
2018-03-21,300344,立方退,北京太空板业股份有限公司,太空智造股份有限公司
2018-04-03,000818,航锦科技,方大锦化化工科技股份有限公司,航锦科技股份有限公司
2018-04-04,002701,奥瑞金,奥瑞金包装股份有限公司,奥瑞金科技股份有限公司
2018-04-19,300701,森霸传感,南阳森霸光电股份有限公司,森霸传感科技股份有限公司
2018-04-24,300635,中达安,广东达安项目管理股份有限公司,中达安股份有限公司
2018-05-02,000560,我爱我家,昆明百货大楼(集团)股份有限公司,我爱我家控股集团股份有限公司
2018-05-02,300560,中富通,中富通股份有限公司,中富通集团股份有限公司
2018-05-08,002049,紫光国微,紫光国芯股份有限公司,紫光国芯微电子股份有限公司
2018-05-14,300108,*ST吉药,吉药控股股份有限公司,吉药控股集团股份有限公司
2018-05-14,300176,鸿特科技,广东鸿特精密技术股份有限公司,广东鸿特科技股份有限公司
2018-05-14,002798,帝欧水华,四川帝王洁具股份有限公司,帝欧家居股份有限公司
2018-05-15,000546,金圆股份,金圆水泥股份有限公司,金圆环保股份有限公司
2018-05-21,300242,佳云科技,广东明家联合移动科技股份有限公司,广东佳兆业佳云科技股份有限公司
2018-05-23,300282,三盛退,北京汇冠新技术股份有限公司,三盛智慧教育科技股份有限公司
2018-05-25,002815,崇达技术,深圳市崇达电路技术股份有限公司,崇达技术股份有限公司
2018-05-25,000503,国新健康,海虹企业(控股)股份有限公司,国新健康保障服务集团股份有限公司
2018-05-29,300521,爱司凯,广州市爱司凯科技股份有限公司,爱司凯科技股份有限公司
2018-06-01,000043,中航善达,中航地产股份有限公司,中航善达股份有限公司
2018-06-06,300058,蓝色光标,北京蓝色光标品牌管理顾问股份有限公司,北京蓝色光标数据科技股份有限公司
2018-06-08,002316,亚联发展,深圳键桥通讯技术股份有限公司,深圳亚联发展科技股份有限公司
2018-06-11,300559,佳发教育,成都佳发安泰科技股份有限公司,成都佳发安泰教育科技股份有限公司
2018-06-12,300527,ST应急,湖北华舟重工应急装备股份有限公司,中国船舶重工集团应急预警与救援装备股份有限公司
2018-06-19,002387,维信诺,黑牛食品股份有限公司,维信诺科技股份有限公司
2018-06-21,300331,苏大维格,苏州苏大维格光电科技股份有限公司,苏州苏大维格科技集团股份有限公司
2018-06-22,002313,日海智能,深圳日海通讯技术股份有限公司,日海智能科技股份有限公司
2018-06-27,300375,鹏翎股份,天津鹏翎胶管股份有限公司,天津鹏翎集团股份有限公司
2018-06-27,002453,华软科技,苏州天马精细化学品股份有限公司,金陵华软科技股份有限公司
2018-06-29,300120,经纬辉开,天津经纬电材股份有限公司,天津经纬辉开光电股份有限公司
2018-07-02,000606,顺利退,神州易桥信息服务股份有限公司,顺利办信息服务股份有限公司
2018-07-03,200521,虹美菱B,合肥美菱股份有限公司,长虹美菱股份有限公司
2018-07-03,000521,长虹美菱,合肥美菱股份有限公司,长虹美菱股份有限公司
2018-07-13,000404,长虹华意,华意压缩机股份有限公司,长虹华意压缩机股份有限公司
2018-07-16,300272,开能健康,上海开能环保设备股份有限公司,开能健康科技集团股份有限公司
2018-07-18,300318,博晖创新,北京博晖创新光电技术股份有限公司,北京博晖创新生物技术股份有限公司
2018-07-24,000833,粤桂股份,广西贵糖（集团）股份有限公司,广西粤桂广业控股股份有限公司
2018-07-27,000615,*ST美谷,京汉实业投资股份有限公司,京汉实业投资集团股份有限公司
2018-07-31,300280,紫天退,南通锻压设备股份有限公司,江苏紫天传媒科技股份有限公司
2018-08-02,300413,芒果超媒,快乐购物股份有限公司,芒果超媒股份有限公司
2018-08-03,002647,仁东控股,民盛金科控股股份有限公司,仁东控股股份有限公司
2018-08-03,000688,国城矿业,建新矿业股份有限责任公司,国城矿业股份有限公司
2018-08-14,300654,世纪天鸿,山东世纪天鸿文教科技股份有限公司,世纪天鸿教育科技股份有限公司
2018-08-17,300498,温氏股份,广东温氏食品集团股份有限公司,温氏食品集团股份有限公司
2018-08-27,300609,汇纳科技,上海汇纳信息科技股份有限公司,汇纳科技股份有限公司
2018-08-27,002589,瑞康医药,瑞康医药股份有限公司,瑞康医药集团股份有限公司
2018-08-30,002529,海源复材,福建海源自动化机械股份有限公司,福建海源复合材料科技股份有限公司
2018-09-03,002682,龙洲股份,福建龙洲运输股份有限公司,龙洲集团股份有限公司
2018-09-10,002172,澳洋健康,江苏澳洋科技股份有限公司,江苏澳洋健康产业股份有限公司
2018-09-10,002738,中矿资源,中矿资源勘探股份有限公司,中矿资源集团股份有限公司
2018-09-13,300022,吉峰科技,吉峰农机连锁股份有限公司,吉峰三农科技服务股份有限公司
2018-09-14,300263,隆华科技,洛阳隆华传热节能股份有限公司,隆华科技集团（洛阳）股份有限公司
2018-09-17,000885,城发环境,河南同力水泥股份有限公司,河南城发环境股份有限公司
2018-09-20,002348,高乐股份,广东高乐玩具股份有限公司,广东高乐股份有限公司
2018-09-27,000301,东方盛虹,江苏吴江中国东方丝绸市场股份有限公司,江苏东方盛虹股份有限公司
2018-10-08,000155,川能动力,川化股份有限公司,四川省新能源动力股份有限公司
2018-10-09,002247,聚力文化,浙江帝龙文化发展股份有限公司,浙江聚力文化发展股份有限公司
2018-10-11,300130,新国都,深圳市新国都技术股份有限公司,深圳市新国都股份有限公司
2018-10-12,300038,数知退,北京梅泰诺通信技术股份有限公司,北京数知科技股份有限公司
2018-10-16,000921,海信家电,海信科龙电器股份有限公司,海信家电集团股份有限公司
2018-10-17,000836,ST富通,天津鑫茂科技股份有限公司,天津富通鑫茂科技股份有限公司
2018-10-18,002411,必康退,江苏必康制药股份有限公司,延安必康制药股份有限公司
2018-10-18,002812,恩捷股份,云南创新新材料股份有限公司,云南恩捷新材料股份有限公司
2018-11-01,300317,珈伟新能,深圳珈伟光伏照明股份有限公司,珈伟新能源股份有限公司
2018-11-05,000697,炼石航空,陕西炼石有色资源股份有限公司,炼石航空科技股份有限公司
2018-11-07,002806,华锋股份,肇庆华锋电子铝箔股份有限公司,广东华锋新能源科技股份有限公司
2018-11-13,300529,健帆生物,珠海健帆生物科技股份有限公司,健帆生物科技集团股份有限公司
2018-11-13,000755,山西高速,山西三维集团股份有限公司,山西路桥股份有限公司
2018-11-14,000415,渤海租赁,渤海金控投资股份有限公司,渤海租赁股份有限公司
2018-11-19,002825,纳尔股份,上海纳尔数码喷印材料股份有限公司,上海纳尔实业股份有限公司
2018-11-26,000061,农 产 品,深圳市农产品股份有限公司,深圳市农产品集团股份有限公司
2018-11-27,000997,新 大 陆,福建新大陆电脑股份有限公司,新大陆数字技术股份有限公司
2018-11-30,002512,ST达华,中山达华智能科技股份有限公司,福州达华智能科技股份有限公司
2018-12-11,000889,中嘉博创,茂业通信网络股份有限公司,中嘉博创信息技术股份有限公司
2018-12-12,300366,ST创意,四川创意信息技术股份有限公司,创意信息技术股份有限公司
2018-12-13,002389,航天彩虹,浙江南洋科技股份有限公司,航天彩虹无人机股份有限公司
2018-12-24,300403,汉宇集团,江门市地尔汉宇电器股份有限公司,汉宇集团股份有限公司
2019-01-03,000553,安道麦A,湖北沙隆达股份有限公司,安道麦股份有限公司
2019-01-03,200553,安道麦B,湖北沙隆达股份有限公司,安道麦股份有限公司
2019-01-08,002861,瀛通通讯,湖北瀛通通讯线材股份有限公司,瀛通通讯股份有限公司
2019-01-15,300247,融捷健康,安徽乐金健康科技股份有限公司,融捷健康科技股份有限公司
2019-01-21,002692,远程股份,睿康文远电缆股份有限公司,远程电缆股份有限公司
2019-01-29,300310,宜通世纪,广东宜通世纪科技股份有限公司,宜通世纪科技股份有限公司
2019-01-30,300451,创业慧康,创业软件股份有限公司,创业慧康科技股份有限公司
2019-02-11,002168,ST惠程,深圳市惠程电气股份有限公司,深圳市惠程信息科技股份有限公司
2019-02-12,300208,中程退,青岛市恒顺众昇集团股份有限公司,青岛中资中程集团股份有限公司
2019-02-12,002607,中公教育,亚夏汽车股份有限公司,中公教育科技股份有限公司
2019-02-18,300443,金雷股份,山东莱芜金雷风电科技股份有限公司,金雷科技股份公司
2019-02-21,000019,深粮控股,深圳市深宝实业股份有限公司,深圳市深粮控股股份有限公司
2019-02-21,300229,拓尔思,北京拓尔思信息技术股份有限公司,拓尔思信息技术股份有限公司
2019-02-21,200019,深粮B,深圳市深宝实业股份有限公司,深圳市深粮控股股份有限公司
2019-02-25,300176,鸿特科技,广东鸿特科技股份有限公司,广东派生智能科技股份有限公司
2019-02-28,000533,顺钠股份,广东万家乐股份有限公司,广东顺钠电气股份有限公司
2019-03-07,002325,*ST洪涛,深圳市洪涛装饰股份有限公司,深圳洪涛集团股份有限公司
2019-03-08,002755,奥赛康,北京东方新星石化工程股份有限公司,北京奥赛康药业股份有限公司
2019-03-18,300190,维尔利,江苏维尔利环保科技股份有限公司,维尔利环保科技集团股份有限公司
2019-03-20,002335,科华数据,厦门科华恒盛股份有限公司,科华恒盛股份有限公司
2019-03-22,000031,大悦城,中粮地产（集团）股份有限公司,大悦城控股集团股份有限公司
2019-03-27,002456,欧菲光,欧菲科技股份有限公司,欧菲光集团股份有限公司
2019-03-27,000838,*ST发展,财信国兴地产发展股份有限公司,财信地产发展集团股份有限公司
2019-04-08,300011,鼎汉技术,北京鼎汉技术股份有限公司,北京鼎汉技术集团股份有限公司
2019-04-17,002621,*ST美吉,大连三垒机器股份有限公司,大连美吉姆教育科技股份有限公司
2019-04-23,002929,润建股份,润建通信股份有限公司,润建股份有限公司
2019-05-06,002555,三七互娱,芜湖顺荣三七互娱网络科技股份有限公司,芜湖三七互娱网络科技集团股份有限公司
2019-05-08,002285,世联行,深圳世联行地产顾问股份有限公司,深圳世联行集团股份有限公司
2019-05-13,002634,*ST棒杰,浙江棒杰数码针织品股份有限公司,浙江棒杰控股集团股份有限公司
2019-05-20,300057,万顺新材,汕头万顺包装材料股份有限公司,汕头万顺新材集团股份有限公司
2019-05-21,300164,通源石油,西安通源石油科技股份有限公司,通源石油科技集团股份有限公司
2019-05-22,300624,万兴科技,万兴科技股份有限公司,万兴科技集团股份有限公司
2019-05-22,000902,新洋丰,湖北新洋丰肥业股份有限公司,新洋丰农业科技股份有限公司
2019-05-23,002892,科力尔,湖南科力尔电机股份有限公司,科力尔电机集团股份有限公司
2019-05-24,300612,宣亚国际,宣亚国际品牌管理（北京）股份有限公司,宣亚国际营销科技（北京）股份有限公司
2019-05-29,002091,江苏国泰,江苏国泰国际集团国贸股份有限公司,江苏国泰国际集团股份有限公司
2019-05-30,002536,飞龙股份,河南省西峡汽车水泵股份有限公司,飞龙汽车部件股份有限公司
2019-05-30,002160,常铝股份,江苏常铝铝业股份有限公司,江苏常铝铝业集团股份有限公司
2019-05-31,002380,科远智慧,南京科远自动化集团股份有限公司,南京科远智慧科技集团股份有限公司
2019-06-05,000809,和展能源,铁岭新城投资控股股份有限公司,铁岭新城投资控股(集团)股份有限公司
2019-06-06,300189,神农种业,海南神农基因科技股份有限公司,海南神农科技股份有限公司
2019-06-12,002282,博深股份,博深工具股份有限公司,博深股份有限公司
2019-06-14,300688,创业黑马,创业黑马（北京）科技股份有限公司,创业黑马科技集团股份有限公司
2019-06-17,000572,海马汽车,海马汽车集团股份有限公司,海马汽车股份有限公司
2019-06-25,002015,协鑫能科,江苏霞客环保色纺股份有限公司,协鑫能源科技股份有限公司
2019-06-28,002727,一心堂,云南鸿翔一心堂药业（集团）股份有限公司,一心堂药业集团股份有限公司
2019-06-28,002189,中光学,利达光电股份有限公司,中光学集团股份有限公司
2019-07-02,002740,*ST爱迪,深圳市爱迪尔珠宝股份有限公司,福建省爱迪尔珠宝实业股份有限公司
2019-07-03,300767,震安科技,云南震安减震科技股份有限公司,震安科技股份有限公司
2019-07-03,000779,甘咨询,兰州三毛实业股份有限公司,甘肃工程咨询集团股份有限公司
2019-07-05,000510,新金路,四川金路集团股份有限公司,四川新金路集团股份有限公司
2019-07-08,300343,联创股份,山东联创互联网传媒股份有限公司,山东联创产业发展集团股份有限公司
2019-07-08,300276,三丰智能,湖北三丰智能输送装备股份有限公司,三丰智能装备集团股份有限公司
2019-07-09,000826,*ST启环,启迪桑德环境资源股份有限公司,启迪环境科技发展股份有限公司
2019-07-16,002211,ST宏达,江苏宏达新材料股份有限公司,上海宏达新材料股份有限公司
2019-07-16,002502,ST鼎龙,骅威文化股份有限公司,鼎龙文化股份有限公司
2019-07-17,300152,*ST动力,徐州科融环境资源股份有限公司,雄安科融环境科技股份有限公司
2019-07-17,300143,盈康生命,广东星普医学科技股份有限公司,盈康生命科技股份有限公司
2019-08-02,002781,奇信退,深圳市奇信建设集团股份有限公司,深圳市奇信集团股份有限公司
2019-08-13,002756,永兴材料,永兴特种不锈钢股份有限公司,永兴特种材料科技股份有限公司
2019-08-28,002605,姚记科技,上海姚记扑克股份有限公司,上海姚记科技股份有限公司
2019-08-29,300091,*ST金灵,江苏金通灵流体机械科技股份有限公司,金通灵科技集团股份有限公司
2019-09-02,300471,厚普股份,成都华气厚普机电设备股份有限公司,厚普清洁能源股份有限公司
2019-09-09,002803,吉宏股份,厦门吉宏包装科技股份有限公司,厦门吉宏科技股份有限公司
2019-09-16,002570,贝因美,贝因美婴童食品股份有限公司,贝因美股份有限公司
2019-09-18,002669,康达新材,上海康达化工新材料股份有限公司,上海康达化工新材料集团股份有限公司
2019-09-25,000930,中粮科技,中粮生物化学（安徽）股份有限公司,中粮生物科技股份有限公司
2019-09-25,002005,德豪润达,广东德豪润达电气股份有限公司,安徽德豪润达电气股份有限公司
2019-10-08,300103,达刚控股,西安达刚路面机械股份有限公司,达刚控股集团股份有限公司
2019-10-08,002423,中粮资本,中原特钢股份有限公司,中粮资本控股股份有限公司
2019-10-10,002435,ST长康,长江润发医药股份有限公司,长江润发健康产业股份有限公司
2019-10-11,000708,中信特钢,大冶特殊钢股份有限公司,中信泰富特钢集团股份有限公司
2019-10-15,002655,共达电声,山东共达电声股份有限公司,共达电声股份有限公司
2019-10-15,002398,垒知集团,厦门市建筑科学研究院集团股份有限公司,垒知控股集团股份有限公司
2019-10-17,000975,山金国际,银泰资源股份有限公司,银泰黄金股份有限公司
2019-10-23,300434,金石亚药,四川金石东方新材料设备股份有限公司,四川金石亚洲医药股份有限公司
2019-10-24,300180,华峰超纤,上海华峰超纤材料股份有限公司,上海华峰超纤科技股份有限公司
2019-10-24,002457,青龙管业,宁夏青龙管业股份有限公司,宁夏青龙管业集团股份有限公司
2019-10-29,000603,盛达资源,盛达矿业股份有限公司,盛达金属资源股份有限公司
2019-11-04,300425,中建环能,环能科技股份有限公司,中建环能科技股份有限公司
2019-11-08,002960,青鸟智控,北大青鸟环宇消防设备股份有限公司,青鸟消防股份有限公司
2019-11-15,002403,爱仕达,浙江爱仕达电器股份有限公司,爱仕达股份有限公司
2019-11-18,000403,派林生物,振兴生化股份有限公司,南方双林生物制药股份有限公司
2019-12-10,300470,中密控股,四川日机密封件股份有限公司,中密控股股份有限公司
2019-12-13,002459,晶澳科技,秦皇岛天业通联重工股份有限公司,晶澳太阳能科技股份有限公司
2019-12-13,002430,杭氧股份,杭州杭氧股份有限公司,杭州制氧机集团股份有限公司
2019-12-20,000796,凯撒旅业,海航凯撒旅游集团股份有限公司,凯撒同盛发展股份有限公司
2019-12-24,000923,河钢资源,河北宣化工程机械股份有限公司,河钢资源股份有限公司
2019-12-26,000785,居然智家,武汉中商集团股份有限公司,居然之家新零售集团股份有限公司
2019-12-31,002037,保利联合,贵州久联民爆器材发展股份有限公司,保利联合化工控股集团股份有限公司
2020-01-03,002665,ST航高,北京首航艾启威节能技术股份有限公司,首航高科能源技术股份有限公司
2020-01-07,300677,英科医疗,山东英科医疗用品股份有限公司,英科医疗科技股份有限公司
2020-01-13,000026,飞亚达,飞亚达（集团）股份有限公司,飞亚达精密科技股份有限公司
2020-01-13,200026,飞亚达Ｂ,飞亚达（集团）股份有限公司,飞亚达精密科技股份有限公司
2020-01-15,300134,大富科技,深圳市大富科技股份有限公司,大富科技（安徽）股份有限公司
2020-01-16,300061,旗天科技,上海康耐特旗计智能科技集团股份有限公司,旗天科技集团股份有限公司
2020-01-22,002734,利民股份,利民化工股份有限公司,利民控股集团股份有限公司
2020-01-23,300492,华图山鼎,山鼎设计股份有限公司,华图山鼎设计股份有限公司
2020-02-07,000100,TCL科技,TCL集团股份有限公司,TCL科技集团股份有限公司
2020-02-19,300056,中创环保,厦门三维丝环保股份有限公司,厦门中创环保科技股份有限公司
2020-02-19,300472,*ST新元,北京万向新元科技股份有限公司,江西万向新元科技股份有限公司
2020-02-28,300682,朗新科技,朗新科技股份有限公司,朗新科技集团股份有限公司
2020-03-02,300472,*ST新元,江西万向新元科技股份有限公司,万向新元科技股份有限公司
2020-03-18,002911,佛燃能源,佛山市燃气集团股份有限公司,佛燃能源集团股份有限公司
2020-03-19,200530,冰山B,大连冷冻机股份有限公司,冰山冷热科技股份有限公司
2020-03-19,000530,冰山冷热,大连冷冻机股份有限公司,冰山冷热科技股份有限公司
2020-03-23,300657,弘信电子,厦门弘信电子科技股份有限公司,厦门弘信电子科技集团股份有限公司
2020-03-25,300369,绿盟科技,北京神州绿盟信息安全科技股份有限公司,绿盟科技集团股份有限公司
2020-03-26,300111,向日葵,浙江向日葵光能科技股份有限公司,浙江向日葵大健康科技股份有限公司
2020-04-08,000790,华神科技,成都泰合健康科技集团股份有限公司,成都华神科技集团股份有限公司
2020-04-09,000048,京基智农,深圳市康达尔(集团)股份有限公司,深圳市京基智农时代股份有限公司
2020-04-21,002082,ST万邦,万邦德新材股份有限公司,万邦德医药控股集团股份有限公司
2020-04-23,300125,*ST聆达,大连易世达新能源发展股份有限公司,聆达集团股份有限公司
2020-04-30,002793,罗欣药业,浙江东音泵业股份有限公司,罗欣药业集团股份有限公司
2020-04-30,002283,天润工业,天润曲轴股份有限公司,天润工业技术股份有限公司
2020-05-12,300466,赛摩智能,赛摩电气股份有限公司,赛摩智能科技集团股份有限公司
2020-05-12,002811,郑中设计,深圳市亚泰国际建设股份有限公司,深圳市郑中设计股份有限公司
2020-05-13,002057,中钢天源,中钢集团安徽天源科技股份有限公司,中钢天源股份有限公司
2020-05-18,300456,赛微电子,北京耐威科技股份有限公司,北京赛微电子股份有限公司
2020-05-20,000800,一汽解放,一汽轿车股份有限公司,一汽解放集团股份有限公司
2020-05-29,002323,*ST雅博,江苏雅百特科技股份有限公司,山东雅博科技股份有限公司
2020-06-12,300486,东杰智能,山西东杰智能物流装备股份有限公司,东杰智能科技集团股份有限公司
2020-06-22,002163,海南发展,中航三鑫股份有限公司,海控南海发展股份有限公司
2020-06-22,300763,锦浪科技,宁波锦浪新能源科技股份有限公司,锦浪科技股份有限公司
2020-06-23,002419,天虹股份,天虹商场股份有限公司,天虹数科商业股份有限公司
2020-06-23,002246,北化股份,四川北方硝化棉股份有限公司,北方化学工业股份有限公司
2020-06-29,000567,海德股份,海南海德实业股份有限公司,海南海德资本管理股份有限公司
2020-07-13,300040,九洲集团,哈尔滨九洲电气股份有限公司,哈尔滨九洲集团股份有限公司
2020-07-15,300345,华民股份,湖南红宇耐磨新材料股份有限公司,湖南华民控股集团股份有限公司
2020-07-22,300083,创世纪,广东劲胜智能集团股份有限公司,广东创世纪智能装备股份有限公司
2020-08-04,002642,荣联科技,北京荣之联科技股份有限公司,荣联科技集团股份有限公司
2020-08-04,002532,天山铝业,新界泵业集团股份有限公司,天山铝业集团股份有限公司
2020-08-07,300010,ST豆神,北京立思辰科技股份有限公司,豆神教育科技（北京）股份有限公司
2020-08-10,300469,信息发展,上海中信信息发展股份有限公司,上海信联信息发展股份有限公司
2020-08-11,300173,ST福能,松德智慧装备股份有限公司,福能东方装备科技股份有限公司
2020-08-12,000803,山高环能,四川金宇汽车城(集团)股份有限公司,北清环能集团股份有限公司
2020-08-20,300374,中铁装配,北京恒通创新赛木科技股份有限公司,中铁装配式建筑股份有限公司
2020-08-21,300818,耐普矿机,江西耐普矿机新材料股份有限公司,江西耐普矿机股份有限公司
2020-08-28,002213,大为股份,深圳市特尔佳科技股份有限公司,深圳市大为创新科技股份有限公司
2020-09-07,000893,亚钾国际,广州东凌国际投资股份有限公司,亚钾国际投资（广州）股份有限公司
2020-09-18,300423,昇辉科技,山东鲁亿通智能电气股份有限公司,昇辉智能科技股份有限公司
2020-09-22,300149,睿智医药,量子高科（中国）生物股份有限公司,睿智医药科技股份有限公司
2020-09-28,300116,*ST保力,陕西坚瑞沃能股份有限公司,保力新能源科技股份有限公司
2020-10-15,300300,海峡创新,汉鼎宇佑互联网股份有限公司,海峡创新互联网股份有限公司
2020-10-16,300864,南大环境,南京大学环境规划设计研究院股份公司,南京大学环境规划设计研究院集团股份公司
2020-10-19,300600,国瑞科技,常熟瑞特电气股份有限公司,常熟市国瑞科技股份有限公司
2020-10-20,002524,光正眼科,光正集团股份有限公司,光正眼科医院集团股份有限公司
2020-10-22,002684,猛狮退,广东猛狮新能源科技股份有限公司,猛狮新能源科技（河南）股份有限公司
2020-10-27,002765,蓝黛科技,重庆蓝黛动力传动机械股份有限公司,蓝黛科技集团股份有限公司
2020-10-28,300766,每日互动,浙江每日互动网络科技股份有限公司,每日互动股份有限公司
2020-11-05,000576,甘化科工,江门甘蔗化工厂(集团)股份有限公司,广东甘化科工股份有限公司
2020-11-06,002240,盛新锂能,广东威华股份有限公司,深圳盛新锂能集团股份有限公司
2020-11-17,300063,天龙集团,广东天龙油墨集团股份有限公司,广东天龙科技集团股份有限公司
2020-11-19,000885,城发环境,河南城发环境股份有限公司,城发环境股份有限公司
2020-11-19,000615,*ST美谷,京汉实业投资集团股份有限公司,奥园美谷科技股份有限公司
2020-11-20,002123,梦网科技,梦网荣信科技集团股份有限公司,梦网云科技集团股份有限公司
2020-11-26,300671,富满微,深圳市富满电子集团股份有限公司,富满微电子集团股份有限公司
2020-11-26,002212,天融信,南洋天融信科技集团股份有限公司,天融信科技集团股份有限公司
2020-11-27,000752,*ST西发,西藏银河科技发展股份有限公司,西藏发展股份有限公司
2020-12-01,002290,禾盛新材,苏州中科创新型材料股份有限公司,苏州禾盛新型材料股份有限公司
2020-12-01,000768,中航西飞,中航飞机股份有限公司,中航西安飞机工业集团股份有限公司
2020-12-01,000004,国华退,深圳中国农大科技股份有限公司,深圳国华网安科技股份有限公司
2020-12-02,300399,天利科技,北京无线天利移动信息技术股份有限公司,江西天利科技股份有限公司
2020-12-02,300192,科德教育,苏州科斯伍德油墨股份有限公司,苏州科德教育科技股份有限公司
2020-12-03,300432,富临精工,绵阳富临精工机械股份有限公司,绵阳富临精工股份有限公司
2020-12-14,002245,蔚蓝锂芯,江苏澳洋顺昌股份有限公司,江苏蔚蓝锂芯股份有限公司
2020-12-16,300338,*ST开元,长沙开元仪器股份有限公司,开元教育科技集团股份有限公司
2020-12-16,000983,山西焦煤,山西西山煤电股份有限公司,山西焦煤能源集团股份有限公司
2020-12-18,002046,国机精工,洛阳轴研科技股份有限公司,国机精工股份有限公司
2020-12-22,300083,创世纪,广东创世纪智能装备股份有限公司,广东创世纪智能装备集团股份有限公司
2020-12-22,000590,古汉医药,启迪古汉集团股份有限公司,启迪药业集团股份公司
2020-12-23,000767,晋控电力,山西漳泽电力股份有限公司,晋能控股山西电力股份有限公司
2020-12-31,002973,侨银股份,侨银环保科技股份有限公司,侨银城市管理股份有限公司
2021-01-04,002758,浙农股份,浙江华通医药股份有限公司,浙农集团股份有限公司
2021-01-04,002505,鹏都农牧,湖南大康国际农业食品股份有限公司,鹏都农牧股份有限公司
2021-01-04,002064,华峰化学,浙江华峰氨纶股份有限公司,华峰化学股份有限公司
2021-01-08,000927,中国铁物,天津一汽夏利汽车股份有限公司,中国铁路物资股份有限公司
2021-01-08,300483,首华燃气,上海沃施园艺股份有限公司,首华燃气科技（上海）股份有限公司
2021-01-08,300388,节能国祯,安徽国祯环保节能科技股份有限公司,中节能国祯环保科技股份有限公司
2021-01-11,000957,中通客车,中通客车控股股份有限公司,中通客车股份有限公司
2021-01-13,000836,ST富通,天津富通鑫茂科技股份有限公司,天津富通信息科技股份有限公司
2021-01-21,002335,科华数据,科华恒盛股份有限公司,科华数据股份有限公司
2021-01-26,300344,立方退,太空智造股份有限公司,立方数科股份有限公司
2021-01-26,002243,力合科创,深圳市通产丽星股份有限公司,深圳市力合科创股份有限公司
2021-02-08,300368,汇金股份,河北汇金机电股份有限公司,河北汇金集团股份有限公司
2021-02-18,300756,金马游乐,中山市金马科技娱乐设备股份有限公司,广东金马游乐股份有限公司
2021-02-19,002952,亚世光电,亚世光电股份有限公司,亚世光电（集团）股份有限公司
2021-02-22,002374,中锐股份,山东丽鹏股份有限公司,山东中锐产业发展股份有限公司
2021-02-24,002333,罗普斯金,苏州罗普斯金铝业股份有限公司,中亿丰罗普斯金铝业股份有限公司
2021-03-10,002137,实益达,深圳市麦达数字股份有限公司,深圳市实益达科技股份有限公司
2021-03-26,300154,瑞凌股份,深圳市瑞凌实业股份有限公司,深圳市瑞凌实业集团股份有限公司
2021-04-02,000403,派林生物,南方双林生物制药股份有限公司,派斯双林生物制药股份有限公司
2021-04-02,300740,水羊股份,御家汇股份有限公司,水羊集团股份有限公司
2021-04-20,000526,学大教育,厦门紫光学大股份有限公司,学大（厦门）教育科技集团股份有限公司
2021-04-27,300837,浙矿股份,浙江浙矿重工股份有限公司,浙矿重工股份有限公司
2021-04-28,300197,节能铁汉,深圳市铁汉生态环境股份有限公司,中节能铁汉生态环境股份有限公司
2021-04-28,000915,华特达因,山东山大华特科技股份有限公司,山东华特达因健康股份有限公司
2021-04-30,003000,劲仔食品,华文食品股份有限公司,劲仔食品集团股份有限公司
2021-05-17,300539,横河精密,宁波横河模具股份有限公司,宁波横河精密工业股份有限公司
2021-05-17,300257,开山股份,浙江开山压缩机股份有限公司,开山集团股份有限公司
2021-05-18,002469,三维化学,山东三维石化工程股份有限公司,山东三维化学集团股份有限公司
2021-05-20,000727,冠捷科技,南京华东电子信息科技股份有限公司,冠捷电子科技股份有限公司
2021-05-20,000409,云鼎科技,山东地矿股份有限公司,云鼎科技股份有限公司
2021-05-26,002312,川发龙蟒,成都三泰控股集团股份有限公司,四川发展龙蟒股份有限公司
2021-06-03,300428,立中集团,河北四通新型金属材料股份有限公司,立中四通轻合金集团股份有限公司
2021-06-04,002030,达安基因,中山大学达安基因股份有限公司,广州达安基因股份有限公司
2021-06-11,300171,东富龙,上海东富龙科技股份有限公司,东富龙科技集团股份有限公司
2021-06-16,300370,安控科技,北京安控科技股份有限公司,四川安控科技股份有限公司
2021-06-21,300418,昆仑万维,北京昆仑万维科技股份有限公司,昆仑万维科技股份有限公司
2021-06-28,002407,多氟多,多氟多化工股份有限公司,多氟多新材料股份有限公司
2021-06-30,002761,浙江建投,多喜爱集团股份有限公司,浙江省建设投资集团股份有限公司
2021-06-30,002778,中晟高科,江苏高科石化股份有限公司,江苏中晟高科环境股份有限公司
2021-07-01,002514,*ST宝馨,苏州宝馨科技实业股份有限公司,江苏宝馨科技股份有限公司
2021-07-07,002661,克明食品,克明面业股份有限公司,陈克明食品股份有限公司
2021-07-07,002601,龙佰集团,龙蟒佰利联集团股份有限公司,龙佰集团股份有限公司
2021-07-13,300256,星星科技,浙江星星科技股份有限公司,江西星星科技股份有限公司
2021-07-16,300398,飞凯材料,上海飞凯光电材料股份有限公司,上海飞凯材料科技股份有限公司
2021-07-16,002669,康达新材,上海康达化工新材料集团股份有限公司,康达新材料（集团）股份有限公司
2021-07-19,300268,佳沃食品,佳沃农业开发股份有限公司,佳沃食品股份有限公司
2021-07-21,300069,金利华电,浙江金利华电气股份有限公司,金利华电气股份有限公司
2021-08-02,002627,三峡旅游,湖北宜昌交运集团股份有限公司,湖北三峡旅游集团股份有限公司
2021-08-05,300655,晶瑞电材,苏州晶瑞化学股份有限公司,晶瑞电子材料股份有限公司
2021-08-10,002485,ST雪发,希努尔男装股份有限公司,雪松发展股份有限公司
2021-08-18,300318,博晖创新,北京博晖创新生物技术股份有限公司,北京博晖创新生物技术集团股份有限公司
2021-08-18,002487,大金重工,辽宁大金重工股份有限公司,大金重工股份有限公司
2021-08-19,300459,汤姆猫,浙江金科文化产业股份有限公司,浙江金科汤姆猫文化产业股份有限公司
2021-08-25,000966,长源电力,国电长源电力股份有限公司,国家能源集团长源电力股份有限公司
2021-08-27,301030,*ST仕净,苏州仕净环保科技股份有限公司,苏州仕净科技股份有限公司
2021-09-06,002898,赛隆退,珠海赛隆药业股份有限公司,赛隆药业集团股份有限公司
2021-09-13,002240,盛新锂能,深圳盛新锂能集团股份有限公司,盛新锂能集团股份有限公司
2021-09-15,002341,ST新纶,深圳市新纶科技股份有限公司,新纶新材料股份有限公司
2021-09-22,000920,沃顿科技,南方汇通股份有限公司,沃顿科技股份有限公司
2021-09-22,002968,新大正,重庆新大正物业集团股份有限公司,新大正物业集团股份有限公司
2021-10-08,300404,博济医药,广州博济医药生物技术股份有限公司,博济医药科技股份有限公司
2021-10-12,300020,ST银江,银江股份有限公司,银江技术股份有限公司
2021-10-14,300629,新劲刚,广东新劲刚新材料科技股份有限公司,广东新劲刚科技股份有限公司
2021-10-18,002388,新亚制程,深圳市新亚电子制程股份有限公司,新亚电子制程（广东）股份有限公司
2021-10-27,002648,卫星化学,浙江卫星石化股份有限公司,卫星化学股份有限公司
2021-11-04,300475,香农芯创,安徽聚隆传动科技股份有限公司,香农芯创科技股份有限公司
2021-11-09,002529,海源复材,福建海源复合材料科技股份有限公司,江西海源复合材料科技股份有限公司
2021-11-11,002201,九鼎新材,江苏九鼎新材料股份有限公司,江苏正威新材料股份有限公司
2021-11-18,002128,电投能源,内蒙古霍林河露天煤业股份有限公司,内蒙古电投能源股份有限公司
2021-11-24,300489,光智科技,哈尔滨中飞新技术股份有限公司,光智科技股份有限公司
2021-12-06,000408,藏格矿业,藏格控股股份有限公司,藏格矿业股份有限公司
2021-12-20,000691,亚太实业,海南亚太实业发展股份有限公司,甘肃亚太实业发展股份有限公司
2021-12-21,002726,ST龙大,山东龙大肉食品股份有限公司,山东龙大美食股份有限公司
2021-12-23,002781,奇信退,深圳市奇信集团股份有限公司,江西奇信集团股份有限公司
2021-12-24,300650,太龙股份,太龙（福建）商业照明股份有限公司,太龙电子股份有限公司
2021-12-30,300530,领湃科技,广东达志环保科技股份有限公司,湖南领湃达志科技股份有限公司
2021-12-31,300030,阳普医疗,广州阳普医疗科技股份有限公司,阳普医疗科技股份有限公司
2022-01-05,002810,山东赫达,山东赫达股份有限公司,山东赫达集团股份有限公司
2022-01-14,002760,凤形股份,安徽省凤形耐磨材料股份有限公司,凤形股份有限公司
2022-01-17,000859,国风新材,安徽国风塑业股份有限公司,安徽国风新材料股份有限公司
2022-01-18,002683,广东宏大,广东宏大爆破股份有限公司,广东宏大控股集团股份有限公司
2022-01-20,002798,帝欧水华,帝欧家居股份有限公司,帝欧家居集团股份有限公司
2022-01-21,002641,公元股份,永高股份有限公司,公元股份有限公司
2022-01-27,002646,天佑德酒,青海互助青稞酒股份有限公司,青海互助天佑德青稞酒股份有限公司
2022-02-07,002333,罗普斯金,中亿丰罗普斯金铝业股份有限公司,中亿丰罗普斯金材料科技股份有限公司
2022-02-07,002534,西子洁能,杭州锅炉集团股份有限公司,西子清洁能源装备制造股份有限公司
2022-02-08,000593,德龙汇能,四川大通燃气开发股份有限公司,德龙汇能集团股份有限公司
2022-02-18,002354,天娱数科,大连天神娱乐股份有限公司,天娱数字科技（大连）集团股份有限公司
2022-02-21,000935,四川双马,四川双马水泥股份有限公司,四川和谐双马股份有限公司
2022-02-24,000737,北方铜业,南风化工集团股份有限公司,北方铜业（山西）股份有限公司
2022-03-02,300355,蒙草生态,内蒙古蒙草生态环境（集团）股份有限公司,蒙草生态环境（集团）股份有限公司
2022-03-24,300294,博雅生物,博雅生物制药集团股份有限公司,华润博雅生物制药集团股份有限公司
2022-03-31,300540,蜀道装备,成都深冷液化设备股份有限公司,四川蜀道装备科技股份有限公司
2022-03-31,002555,三七互娱,芜湖三七互娱网络科技集团股份有限公司,三七互娱网络科技集团股份有限公司
2022-04-14,300093,金刚光伏,广东金刚玻璃科技股份有限公司,甘肃金刚玻璃科技股份有限公司
2022-04-22,002553,南方精工,江苏南方轴承股份有限公司,江苏南方精工股份有限公司
2022-04-26,300280,紫天退,江苏紫天传媒科技股份有限公司,福建紫天传媒科技股份有限公司
2022-04-26,002430,杭氧股份,杭州制氧机集团股份有限公司,杭氧集团股份有限公司
2022-04-26,000501,武商集团,武汉武商集团股份有限公司,武商集团股份有限公司
2022-04-27,000619,海螺新材,芜湖海螺型材科技股份有限公司,海螺（安徽）节能环保新材料股份有限公司
2022-05-05,002759,ST天际,广东天际电器股份有限公司,天际新能源科技股份有限公司
2022-05-06,002452,长高电气,湖南长高高压开关集团股份公司,长高电新科技股份公司
2022-05-12,000851,*ST高鸿,大唐高鸿数据网络技术股份有限公司,大唐高鸿网络股份有限公司
2022-05-13,000958,电投产融,国家电投集团东方新能源股份有限公司,国家电投集团产融控股股份有限公司
2022-05-18,000559,万向钱潮,万向钱潮股份有限公司,万向钱潮股份公司
2022-05-31,300592,华凯易佰,湖南华凯文化创意股份有限公司,华凯易佰科技股份有限公司
2022-06-01,300471,厚普股份,厚普清洁能源股份有限公司,厚普清洁能源（集团）股份有限公司
2022-06-01,300291,百纳千成,北京华录百纳影视股份有限公司,北京百纳千成影视股份有限公司
2022-06-02,000848,承德露露,河北承德露露股份有限公司,承德露露股份公司
2022-06-06,002544,普天科技,广州杰赛科技股份有限公司,中电科普天科技股份有限公司
2022-06-13,002858,力盛体育,上海力盛赛车文化股份有限公司,力盛云动（上海）体育科技股份有限公司
2022-06-20,002129,TCL中环,天津中环半导体股份有限公司,TCL中环新能源科技股份有限公司
2022-06-20,300779,惠城环保,青岛惠城环保科技股份有限公司,青岛惠城环保科技集团股份有限公司
2022-07-04,300071,福石控股,北京华谊嘉信整合营销顾问集团股份有限公司,北京福石控股发展股份有限公司
2022-07-07,301073,君亭酒店,浙江君亭酒店管理股份有限公司,君亭酒店集团股份有限公司
2022-07-12,002722,物产金轮,金轮蓝海股份有限公司,物产中大金轮蓝海股份有限公司
2022-07-15,002200,交投生态,云南云投生态环境科技股份有限公司,云南交投生态科技股份有限公司
2022-07-20,300072,海新能科,北京三聚环保新材料股份有限公司,北京海新能源科技股份有限公司
2022-07-28,300013,新宁物流,江苏新宁现代物流股份有限公司,河南新宁现代物流股份有限公司
2022-08-01,002723,小崧股份,广东金莱特电器股份有限公司,广东小崧科技股份有限公司
2022-08-16,000537,绿发电力,天津广宇发展股份有限公司,天津中绿电投资股份有限公司
2022-08-17,300152,*ST动力,雄安科融环境科技股份有限公司,雄安新动力科技股份有限公司
2022-08-30,002188,中天服务,巴士在线股份有限公司,中天服务股份有限公司
2022-08-31,000803,山高环能,北清环能集团股份有限公司,山高环能集团股份有限公司
2022-09-07,002316,亚联发展,深圳亚联发展科技股份有限公司,吉林亚联发展科技股份有限公司
2022-09-08,200771,杭汽轮Ｂ,杭州汽轮机股份有限公司,杭州汽轮动力集团股份有限公司
2022-09-13,000737,北方铜业,北方铜业（山西）股份有限公司,北方铜业股份有限公司
2022-09-13,002636,金安国纪,金安国纪科技股份有限公司,金安国纪集团股份有限公司
2022-09-13,300442,润泽科技,上海普丽盛包装股份有限公司,润泽智算科技集团股份有限公司
2022-09-14,301077,星华新材,杭州星华反光材料股份有限公司,浙江星华新材料集团股份有限公司
2022-09-20,002664,信质集团,长鹰信质科技股份有限公司,信质集团股份有限公司
2022-09-22,301058,中粮科工,中粮工程科技股份有限公司,中粮科工股份有限公司
2022-09-23,002865,钧达股份,海南钧达汽车饰件股份有限公司,海南钧达新能源科技股份有限公司
2022-09-26,002264,新 华 都,新华都购物广场股份有限公司,新华都科技股份有限公司
2022-09-26,002219,新里程,恒康医疗集团股份有限公司,新里程健康科技集团股份有限公司
2022-10-10,300093,金刚光伏,甘肃金刚玻璃科技股份有限公司,甘肃金刚光伏股份有限公司
2022-10-11,002460,赣锋锂业,江西赣锋锂业股份有限公司,江西赣锋锂业集团股份有限公司
2022-10-13,000831,中国稀土,五矿稀土股份有限公司,中国稀土集团资源科技股份有限公司
2022-10-18,301229,纽泰格,江苏纽泰格科技股份有限公司,江苏纽泰格科技集团股份有限公司
2022-10-24,300801,泰和科技,山东泰和水处理科技股份有限公司,山东泰和科技股份有限公司
2022-10-24,000717,中南股份,广东韶钢松山股份有限公司,广东中南钢铁股份有限公司
2022-11-01,002175,*ST东智,东方时代网络传媒股份有限公司,广西东方智造科技股份有限公司
2022-11-11,300209,行云科技,天泽信息产业股份有限公司,有棵树科技股份有限公司
2022-11-18,300415,伊之密,广东伊之密精密机械股份有限公司,伊之密股份有限公司
2022-12-01,002291,遥望科技,星期六股份有限公司,佛山遥望科技股份有限公司
2022-12-09,000987,越秀资本,广州越秀金融控股集团股份有限公司,广州越秀资本控股集团股份有限公司
2022-12-13,002622,皓宸医疗,融钰集团股份有限公司,皓宸医疗科技股份有限公司
2022-12-13,300117,*ST嘉寓,北京嘉寓门窗幕墙股份有限公司,嘉寓控股股份公司
2022-12-28,300432,富临精工,绵阳富临精工股份有限公司,富临精工股份有限公司
2023-01-03,300860,锋尚文化,北京锋尚世纪文化传媒股份有限公司,北京锋尚文化传媒集团股份有限公司
2023-01-11,002268,电科网安,成都卫士通信息产业股份有限公司,中电科网络安全科技股份有限公司
2023-01-12,000981,山子高科,银亿股份有限公司,山子高科技股份有限公司
2023-02-02,300786,国林科技,青岛国林环保科技股份有限公司,青岛国林科技集团股份有限公司
2023-02-27,002254,泰和新材,烟台泰和新材料股份有限公司,泰和新材集团股份有限公司
2023-03-01,002967,广电计量,广州广电计量检测股份有限公司,广电计量检测集团股份有限公司
2023-03-03,300391,长药退,康跃科技股份有限公司,长江医药控股股份有限公司
2023-03-13,300716,*ST泉为,广东国立科技股份有限公司,广东泉为科技股份有限公司
2023-03-20,300860,锋尚文化,北京锋尚文化传媒集团股份有限公司,锋尚文化集团股份有限公司
2023-03-21,300390,天华新能,苏州天华超净科技股份有限公司,苏州天华新能源科技股份有限公司
2023-03-31,002006,精工科技,浙江精功科技股份有限公司,浙江精工集成科技股份有限公司
2023-04-11,300364,中文在线,中文在线数字出版集团股份有限公司,中文在线集团股份有限公司
2023-04-11,002893,京能热力,北京华远意通热力科技股份有限公司,北京京能热力股份有限公司
2023-04-18,000552,甘肃能化,甘肃靖远煤电股份有限公司,甘肃能化股份有限公司
2023-04-26,002388,新亚制程,新亚电子制程（广东）股份有限公司,新亚制程（浙江）股份有限公司
2023-05-04,300401,花园生物,浙江花园生物高科股份有限公司,浙江花园生物医药股份有限公司
2023-05-25,300455,航天智装,北京康拓红外技术股份有限公司,北京航天神舟智能装备科技股份有限公司
2023-05-25,002096,易普力,湖南南岭民用爆破器材股份有限公司,易普力股份有限公司
2023-05-25,001210,金房能源,北京金房暖通节能技术股份有限公司,金房能源集团股份有限公司
2023-05-30,300530,领湃科技,湖南领湃达志科技股份有限公司,湖南领湃科技股份有限公司
2023-05-30,301089,拓新药业,新乡拓新药业股份有限公司,拓新药业集团股份有限公司
2023-06-05,002122,ST汇洲,天马轴承集团股份有限公司,汇洲智能技术集团股份有限公司
2023-06-07,002215,诺 普 信,深圳诺普信农化股份有限公司,深圳诺普信作物科学股份有限公司
2023-06-07,300847,中船汉光,中船重工汉光科技股份有限公司,中船汉光科技股份有限公司
2023-06-09,002366,融发核电,台海玛努尔核电设备股份有限公司,融发核电设备股份有限公司
2023-06-12,000426,兴业银锡,内蒙古兴业矿业股份有限公司,内蒙古兴业银锡矿业股份有限公司
2023-06-13,300621,维业股份,深圳市维业装饰集团股份有限公司,维业建设集团股份有限公司
2023-06-13,002667,*ST威领,鞍山重型矿山机器股份有限公司,威领新能源股份有限公司
2023-06-19,002076,星光股份,广东雪莱特光电科技股份有限公司,广东星光发展股份有限公司
2023-06-28,301277,新天地,河南新天地药业股份有限公司,新天地药业股份有限公司
2023-06-28,300053,航宇微,珠海欧比特宇航科技股份有限公司,珠海航宇微科技股份有限公司
2023-07-10,002202,金风科技,新疆金风科技股份有限公司,金风科技股份有限公司
2023-07-11,002671,龙泉股份,山东龙泉管道工程股份有限公司,山东龙泉管业股份有限公司
2023-07-21,002265,建设工业,云南西仪工业股份有限公司,建设工业集团（云南）股份有限公司
2023-07-28,300332,天壕能源,天壕环境股份有限公司,天壕能源股份有限公司
2023-07-31,300169,天晟新材,常州天晟新材料股份有限公司,常州天晟新材料集团股份有限公司
2023-08-07,002195,岩山科技,上海二三四五网络控股集团股份有限公司,上海岩山科技股份有限公司
2023-08-22,002610,ST爱康,江苏爱康科技股份有限公司,浙江爱康新能源科技股份有限公司
2023-09-04,300157,新锦动力,恒泰艾普集团股份有限公司,新锦动力集团股份有限公司
2023-09-05,000555,神州信息,神州数码信息服务股份有限公司,神州数码信息服务集团股份有限公司
2023-09-06,002152,广电运通,广州广电运通金融电子股份有限公司,广电运通集团股份有限公司
2023-09-06,000520,凤凰航运,长航凤凰股份有限公司,凤凰航运（武汉）股份有限公司
2023-09-08,300140,节能环境,中节能环保装备股份有限公司,中节能环境保护股份有限公司
2023-09-11,300051,琏升科技,厦门三五互联科技股份有限公司,琏升科技股份有限公司
2023-09-20,002182,宝武镁业,南京云海特种金属股份有限公司,宝武镁业科技股份有限公司
2023-09-25,002413,雷科防务,江苏雷科防务科技股份有限公司,北京雷科防务科技股份有限公司
2023-09-25,300972,万辰集团,福建万辰生物科技股份有限公司,福建万辰生物科技集团股份有限公司
2023-09-26,301349,信德新材,辽宁信德新材料科技股份有限公司,辽宁信德新材料科技（集团）股份有限公司
2023-10-10,002046,国机精工,国机精工股份有限公司,国机精工集团股份有限公司
2023-10-18,300645,正元智慧,浙江正元智慧科技股份有限公司,正元智慧集团股份有限公司
2023-10-19,000911,*ST广糖,南宁糖业股份有限公司,广西农投糖业集团股份有限公司
2023-10-19,300772,运达股份,浙江运达风电股份有限公司,运达能源科技集团股份有限公司
2023-10-23,300446,航天智造,保定乐凯新材料股份有限公司,航天智造科技股份有限公司
2023-10-30,300817,双飞集团,浙江双飞无油轴承股份有限公司,双飞无油轴承集团股份有限公司
2023-10-31,300518,新迅达,深圳市盛讯达科技股份有限公司,广西新迅达科技集团股份公司
2023-11-15,300422,博世科,广西博世科环保科技股份有限公司,安徽博世科环保科技股份有限公司
2023-11-21,300765,石药创新,石药集团新诺威制药股份有限公司,石药创新制药股份有限公司
2023-11-24,002890,弘宇股份,山东弘宇农机股份有限公司,山东弘宇精机股份有限公司
2023-11-30,300530,领湃科技,湖南领湃科技股份有限公司,湖南领湃科技集团股份有限公司
2023-12-01,002879,长缆科技,长缆电工科技股份有限公司,长缆科技集团股份有限公司
2023-12-13,000523,红棉股份,广州市浪奇实业股份有限公司,广州市红棉智汇科创股份有限公司
2023-12-26,002168,ST惠程,深圳市惠程信息科技股份有限公司,重庆惠程信息科技股份有限公司
2023-12-27,300477,ST合纵,北京合纵科技股份有限公司,合纵科技股份有限公司
2024-01-02,300469,信息发展,上海信联信息发展股份有限公司,交信（浙江）信息发展股份有限公司
2024-01-02,300188,国投智能,厦门市美亚柏科信息股份有限公司,国投智能（厦门）信息股份有限公司
2024-01-02,002775,文科股份,深圳文科园林股份有限公司,广东文科绿色科技股份有限公司
2024-01-30,300277,汽轮科技,深圳海联讯科技股份有限公司,杭州海联讯科技股份有限公司
2024-01-30,002986,宇新股份,湖南宇新能源科技股份有限公司,广东宇新能源科技股份有限公司
2024-01-31,301418,协昌科技,江苏协昌电子科技股份有限公司,江苏协昌电子科技集团股份有限公司
2024-02-05,300617,安靠智电,江苏安靠智能输电工程科技股份有限公司,江苏安靠智电股份有限公司
2024-02-07,002060,广东建工,广东水电二局股份有限公司,广东省建筑工程集团股份有限公司
2024-02-28,300478,杭州高新,杭州高新橡塑材料股份有限公司,杭州高新材料科技股份有限公司
2024-04-02,300420,五洋自控,江苏五洋停车产业集团股份有限公司,江苏五洋自控技术股份有限公司
2024-04-08,000755,山西高速,山西路桥股份有限公司,山西高速集团股份有限公司
2024-04-10,002716,湖南白银,郴州市金贵银业股份有限公司,湖南白银股份有限公司
2024-04-23,002102,ST能特,冠福控股股份有限公司,湖北能特科技股份有限公司
2024-04-25,000877,天山股份,新疆天山水泥股份有限公司,天山材料股份有限公司
2024-05-10,002668,TCL智家,广东奥马电器股份有限公司,广东TCL智慧家电股份有限公司
2024-05-10,001337,四川黄金,四川容大黄金股份有限公司,四川黄金股份有限公司
2024-05-14,300999,金龙鱼,益海嘉里金龙鱼粮油食品股份有限公司,益海嘉里金龙鱼食品集团股份有限公司
2024-05-22,300977,深圳瑞捷,深圳瑞捷工程咨询股份有限公司,深圳瑞捷技术股份有限公司
2024-05-23,000809,和展能源,铁岭新城投资控股(集团)股份有限公司,辽宁和展能源集团股份有限公司
2024-05-29,300323,华灿光电,华灿光电股份有限公司,京东方华灿光电股份有限公司
2024-06-05,301239,普瑞眼科,成都普瑞眼科医院股份有限公司,成都普瑞眼科医院集团股份有限公司
2024-06-07,002976,瑞玛精密,苏州瑞玛精密工业股份有限公司,苏州瑞玛精密工业集团股份有限公司
2024-06-13,300823,建科智能,建科机械（天津）股份有限公司,建科智能装备制造（天津）股份有限公司
2024-06-21,300890,翔丰华,深圳市翔丰华科技股份有限公司,上海市翔丰华科技股份有限公司
2024-06-26,000782,恒申新材,广东新会美达锦纶股份有限公司,广东恒申美达新材料股份公司
2024-07-02,300732,设研院,河南省交通规划设计研究院股份有限公司,河南省中工设计研究院集团股份有限公司
2024-07-08,301110,青木科技,青木数字技术股份有限公司,青木科技股份有限公司
2024-07-10,000631,顺发恒能,顺发恒业股份公司,顺发恒能股份公司
2024-07-12,300189,神农种业,海南神农科技股份有限公司,海南神农种业科技股份有限公司
2024-07-25,000975,山金国际,银泰黄金股份有限公司,山金国际黄金股份有限公司
2024-08-02,002639,雪人集团,福建雪人股份有限公司,福建雪人集团股份有限公司
2024-08-05,001203,大中矿业,内蒙古大中矿业股份有限公司,大中矿业股份有限公司
2024-08-13,300970,华绿生物,江苏华绿生物科技股份有限公司,江苏华绿生物科技集团股份有限公司
2024-08-14,300237,ST美晨,山东美晨生态环境股份有限公司,山东美晨科技股份有限公司
2024-09-11,002888,惠威科技,广州惠威电声科技股份有限公司,广东惠威电声科技股份有限公司
2024-09-18,002828,贝肯能源,新疆贝肯能源工程股份有限公司,贝肯能源控股集团股份有限公司
2024-09-20,301152,天力锂能,新乡天力锂能股份有限公司,天力锂能集团股份有限公司
2024-09-23,300378,鼎捷数智,鼎捷软件股份有限公司,鼎捷数智股份有限公司
2024-09-30,002245,蔚蓝锂芯,江苏蔚蓝锂芯股份有限公司,江苏蔚蓝锂芯集团股份有限公司
2024-10-09,300430,*ST益通,北京诚益通控制工程科技股份有限公司,北京诚益通控制技术集团股份有限公司
2024-11-14,300058,蓝色光标,北京蓝色光标数据科技股份有限公司,北京蓝色光标数据科技集团股份有限公司
2024-11-21,300176,鸿特科技,广东派生智能科技股份有限公司,广东鸿特科技股份有限公司
2024-11-22,301305,朗坤科技,深圳市朗坤环境集团股份有限公司,深圳市朗坤科技股份有限公司
2024-11-25,301188,力诺药包,山东力诺特种玻璃股份有限公司,山东力诺医药包装股份有限公司
2024-11-28,002120,韵达股份,韵达控股股份有限公司,韵达控股集团股份有限公司
2024-12-10,000785,居然智家,居然之家新零售集团股份有限公司,居然智家新零售集团股份有限公司
2024-12-25,002769,普路通,深圳市普路通供应链管理股份有限公司,广东省普路通供应链管理股份有限公司
2025-01-06,301419,阿莱德,上海阿莱德实业股份有限公司,上海阿莱德实业集团股份有限公司
2025-01-06,300723,一品红,一品红药业股份有限公司,一品红药业集团股份有限公司
2025-01-17,300119,瑞普生物,天津瑞普生物技术股份有限公司,瑞普生物股份有限公司
2025-01-23,300587,天铁科技,浙江天铁实业股份有限公司,浙江天铁科技股份有限公司
2025-01-24,002442,龙星科技,龙星化工股份有限公司,龙星科技集团股份有限公司
2025-01-27,300761,立华股份,江苏立华牧业股份有限公司,江苏立华食品集团股份有限公司
2025-02-14,000558,天府文旅,莱茵达体育发展股份有限公司,成都新天府文化旅游发展股份有限公司
2025-02-24,002201,九鼎新材,江苏正威新材料股份有限公司,江苏九鼎新材料股份有限公司
2025-03-03,002298,中电鑫龙,安徽中电兴发与鑫龙科技股份有限公司,安徽中电鑫龙科技股份有限公司
2025-03-17,301197,工大科雅,河北工大科雅能源科技股份有限公司,河北工大科雅科技集团股份有限公司
2025-03-17,002457,青龙管业,宁夏青龙管业集团股份有限公司,青龙管业集团股份有限公司
2025-03-17,002350,北京科锐,北京科锐配电自动化股份有限公司,北京科锐集团股份有限公司
2025-03-21,301235,华康洁净,武汉华康世纪医疗股份有限公司,武汉华康世纪洁净科技股份有限公司
2025-03-28,300129,泰胜风能,上海泰胜风能装备股份有限公司,泰胜风能集团股份有限公司
2025-04-08,001202,炬申股份,广东炬申物流股份有限公司,炬申物流集团股份有限公司
2025-04-14,300422,博世科,安徽博世科环保科技股份有限公司,广西博世科环保科技股份有限公司
2025-04-24,301115,联检科技,常州市建筑科学研究院集团股份有限公司,联检（江苏）科技股份有限公司
2025-04-25,002662,峰璟股份,北京威卡威汽车零部件股份有限公司,北京峰璟汽车零部件股份有限公司
2025-04-25,300426,华智数媒,浙江唐德影视股份有限公司,浙江华智数媒传媒股份有限公司
2025-04-29,301127,武汉天源,武汉天源环保股份有限公司,武汉天源集团股份有限公司
2025-05-19,001236,弘业期货,弘业期货股份有限公司,苏豪弘业期货股份有限公司
2025-05-21,301367,瑞迈特,北京怡和嘉业医疗科技股份有限公司,北京瑞迈特医疗科技股份有限公司
2025-05-21,300145,南方泵业,南方中金环境股份有限公司,南方泵业股份有限公司
2025-05-21,000683,博源化工,内蒙古远兴能源股份有限公司,内蒙古博源化工股份有限公司
2025-06-06,300637,扬帆新材,浙江扬帆新材料股份有限公司,扬帆新材料（浙江）股份有限公司
2025-06-16,301239,普瑞眼科,成都普瑞眼科医院集团股份有限公司,普瑞眼科医院集团股份有限公司
2025-06-23,002700,万憬能源,新疆浩源天然气股份有限公司,新疆万憬能源股份有限公司
2025-06-25,000620,盈新发展,新华联文化旅游发展股份有限公司,北京铜官盈新文化旅游发展股份有限公司
2025-07-02,300548,长芯博创,博创科技股份有限公司,长芯博创科技股份有限公司
2025-07-08,300334,津膜科技,天津膜天膜科技股份有限公司,天津膜天膜科技集团股份有限公司
2025-07-21,000652,泰达股份,天津泰达股份有限公司,天津泰达资源循环集团股份有限公司
2025-07-23,000506,招金黄金,中润资源投资股份有限公司,招金国际黄金股份有限公司
2025-07-23,000722,湖南发展,湖南发展集团股份有限公司,湖南能源集团发展股份有限公司
2025-07-30,000595,新能股份,宝塔实业股份有限公司,宁夏国运新能源股份有限公司
2025-07-31,300808,久量股份,广东久量股份有限公司,湖北久量股份有限公司
2025-08-07,300100,双林股份,宁波双林汽车部件股份有限公司,双林股份有限公司
2025-08-22,000713,国投丰乐,合肥丰乐种业股份有限公司,国投丰乐种业股份有限公司
2025-08-25,002833,弘亚数控,广州弘亚数控机械股份有限公司,广州弘亚数控机械集团股份有限公司
2025-08-26,300242,佳云科技,广东佳兆业佳云科技股份有限公司,广东佳云科技股份有限公司
2025-09-02,002291,遥望科技,佛山遥望科技股份有限公司,广东遥望科技集团股份有限公司
2025-09-04,000401,金隅冀东,唐山冀东水泥股份有限公司,金隅冀东水泥集团股份有限公司
2025-09-10,002798,帝欧水华,帝欧家居集团股份有限公司,帝欧水华集团股份有限公司
2025-09-19,002239,奥特佳,奥特佳新能源科技股份有限公司,奥特佳新能源科技集团股份有限公司
2025-09-25,300598,诚迈科技,诚迈科技（南京）股份有限公司,诚迈科技股份有限公司
2025-10-20,002145,钛能化学,中核华原钛白股份有限公司,钛能化学股份有限公司
2025-10-22,300188,国投智能,国投智能（厦门）信息股份有限公司,国投智能信息科技股份有限公司
2025-10-28,002670,国盛证券,国盛金融控股集团股份有限公司,国盛证券股份有限公司
2025-11-07,301026,浩通科技,徐州浩通新材料科技股份有限公司,徐州浩通新材料科技集团股份有限公司
2025-11-18,002746,仙坛股份,山东仙坛股份有限公司,山东仙坛集团股份有限公司
2025-11-25,300952,恒辉安防,江苏恒辉安防股份有限公司,江苏恒辉安防集团股份有限公司
2025-11-26,300237,ST美晨,山东美晨科技股份有限公司,山东美晨科技集团股份有限公司
2025-12-02,301210,金杨精密,无锡市金杨新材料股份有限公司,无锡金杨精密制造股份有限公司
2025-12-17,003030,祖名股份,祖名豆制品股份有限公司,祖名豆制品集团股份有限公司
2025-12-23,000590,古汉医药,启迪药业集团股份公司,古汉医药集团股份公司
2025-12-26,300578,会畅科技,上海会畅通讯股份有限公司,上海会畅科技股份有限公司
2025-12-29,301550,斯菱智驱,浙江斯菱汽车轴承股份有限公司,浙江斯菱智能驱动集团股份有限公司
2026-01-05,002647,仁东控股,仁东控股股份有限公司,仁东控股集团股份有限公司
2026-01-05,000993,闽东电力,福建闽东电力股份有限公司,福建闽东电力集团股份有限公司
2026-01-05,000537,绿发电力,天津中绿电投资股份有限公司,天津绿发电力集团股份有限公司
2026-01-08,002812,恩捷股份,云南恩捷新材料股份有限公司,云南恩捷新材料（集团）股份有限公司
2026-01-12,000796,凯撒旅业,凯撒同盛发展股份有限公司,凯撒旅业集团股份有限公司
2026-01-12,300692,中赋科技,安徽中环环保科技股份有限公司,安徽中赋源创科技集团股份有限公司
2026-01-14,002310,东方新能,北京东方园林环境股份有限公司,北京东方生态新能源股份有限公司
2026-01-15,300746,汉嘉数智,汉嘉设计集团股份有限公司,汉嘉数智科技集团股份有限公司
2026-01-15,002150,正泰电源,江苏通润装备科技股份有限公司,江苏正泰电源科技股份有限公司
2026-01-16,300972,万辰集团,福建万辰生物科技集团股份有限公司,福建万辰食品集团股份有限公司
2026-01-20,300078,思创智联,思创医惠科技股份有限公司,思创智联科技股份有限公司
2026-01-26,301028,鼎熔岩,厦门东亚机械工业股份有限公司,厦门鼎熔岩科技股份有限公司
2026-01-30,002379,宏桥控股,山东宏创铝业控股股份有限公司,山东宏桥铝业控股股份有限公司
2026-02-02,301091,深城交,深圳市城市交通规划设计研究中心股份有限公司,深城交科技集团股份有限公司
2026-02-04,000875,电投绿能,吉林电力股份有限公司,国电投绿色能源股份有限公司
2026-02-04,000615,*ST美谷,奥园美谷科技股份有限公司,九州美谷科技股份有限公司
2026-02-06,301328,维峰电子,维峰电子（广东）股份有限公司,维峰电子股份有限公司
2026-02-13,300209,行云科技,有棵树科技股份有限公司,行云科技股份有限公司
2026-03-04,000711,ST京蓝,京蓝科技股份有限公司,铟靶新材（哈尔滨）股份有限公司
2026-03-05,301557,常友科技,江苏常友环保科技股份有限公司,常友科技集团股份有限公司
2026-03-19,300277,汽轮科技,杭州海联讯科技股份有限公司,浙江杭汽轮动力科技集团股份有限公司
2026-03-30,301185,鸥玛软件,山东山大鸥玛软件股份有限公司,山东鸥玛软件股份有限公司
2026-03-30,002354,天娱数科,天娱数字科技（大连）集团股份有限公司,天娱数字科技集团股份有限公司
2026-04-10,301265,华新科技,华新绿源环保股份有限公司,华新绿源资源科技股份有限公司
2026-04-20,002739,儒意电影,万达电影股份有限公司,儒意电影娱乐股份有限公司
2026-04-20,002180,奔图科技,纳思达股份有限公司,奔图科技股份有限公司
2026-04-22,002960,青鸟智控,青鸟消防股份有限公司,青鸟智慧控制科技股份有限公司
2026-04-23,000908,石药景峰,湖南景峰医药股份有限公司,石药集团湖南景峰医药股份有限公司
2026-05-12,000736,中交发展,中交地产股份有限公司,中交城市发展控股集团股份有限公司
2026-05-18,301617,博苑新材,山东博苑医药化学股份有限公司,山东博苑新材料股份有限公司
2026-05-28,000953,中哲精化,广西河池化工股份有限公司,广西中哲精化科技股份有限公司
2026-06-02,300055,万邦达,北京万邦达环保技术股份有限公司,北京万邦达新材料集团股份有限公司
2026-06-03,002452,长高电气,长高电新科技股份公司,长高电气集团股份公司
2026-06-05,000672,上峰材料,甘肃上峰水泥股份有限公司,甘肃上峰材料股份有限公司
2026-06-12,002742,冀衡医药,重庆三圣实业股份有限公司,重庆冀衡医药股份有限公司
2026-06-15,002476,新叶股份,山东宝莫生物化工股份有限公司,山东新叶化学股份有限公司
2026-06-17,300966,共同药业,湖北共同药业股份有限公司,湖北共同药业集团股份有限公司
2026-06-17,300741,华宝股份,华宝香精股份有限公司,华宝科技股份有限公司
2026-06-23,300190,维尔利,维尔利环保科技集团股份有限公司,维尔利科技集团股份有限公司
2026-06-30,002714,牧原股份,牧原食品股份有限公司,牧原食品集团股份有限公司
2026-07-03,301078,孩子王,孩子王儿童用品股份有限公司,孩子王数智科技股份有限公司
2026-07-08,301522,上大股份,中航上大高温合金材料股份有限公司,中和上大航空材料股份有限公司
2026-07-13,002356,鹏飞绿能,深圳赫美集团股份有限公司,深圳鹏飞绿能能源发展股份有限公司
