event,period,horizon,mean_excess_vs_date_universe,hac_se_excess_date_mean,hac_lcb_excess_date_mean
participation_shock,development_2012_2020,1,,,
participation_shock,development_2012_2020,3,-0.0009311138812552862,0.00037758613377200043,-0.0015236368239410917
participation_shock,development_2012_2020,5,-0.0027567806106808075,0.0005708572556188585,-0.004181778711979537
participation_shock,development_2012_2020,10,-0.004415923007229217,0.0009285823017139379,-0.00692487336535919
participation_shock,development_2012_2020,20,-0.0077163947444140206,0.001320084420699238,-0.011577715995343851
participation_shock,validation_2021_2022,1,,,
participation_shock,validation_2021_2022,3,0.00021061469657155697,0.0004787847358607912,-0.0008576686128417282
participation_shock,validation_2021_2022,5,-0.0006488669778803678,0.0008486476782457391,-0.002641902100997382
participation_shock,validation_2021_2022,10,-0.0009352272077361947,0.0015602847413097387,-0.004997517591908893
participation_shock,validation_2021_2022,20,-0.003171936304502328,0.0023038992417197504,-0.009455809742609237
participation_shock,oos_2023_2025,1,,,
participation_shock,oos_2023_2025,3,-0.0012736815093590736,0.0004813349655728714,-0.002401562393629082
participation_shock,oos_2023_2025,5,-0.0031003267321292206,0.0007384488812029069,-0.004869419503675308
participation_shock,oos_2023_2025,10,-0.006481728419515968,0.0011929871839598484,-0.009138532185704495
participation_shock,oos_2023_2025,20,-0.009456582786791283,0.0018301500418941232,-0.013434464843320565
positive_participation_shock,development_2012_2020,1,,,
positive_participation_shock,development_2012_2020,3,-0.0033575302312686497,0.0004632283624825281,-0.0042409609474841885
positive_participation_shock,development_2012_2020,5,-0.0069121858503431175,0.000641081072437935,-0.009625919326109303
positive_participation_shock,development_2012_2020,10,-0.009431100275486869,0.0010031646155951159,-0.013726045723940318
positive_participation_shock,development_2012_2020,20,-0.013265059253308082,0.0013246337177036773,-0.020322709915083188
positive_participation_shock,validation_2021_2022,1,,,
positive_participation_shock,validation_2021_2022,3,-0.002441834296156048,0.0007291346404251846,-0.004610870625649554
positive_participation_shock,validation_2021_2022,5,-0.004888369054857931,0.0011429942585594003,-0.00822086780781427
positive_participation_shock,validation_2021_2022,10,-0.00637041357450608,0.001921948958820742,-0.012110224963515645
positive_participation_shock,validation_2021_2022,20,-0.009919122460472454,0.0030301004632648314,-0.01996860606167574
positive_participation_shock,oos_2023_2025,1,,,
positive_participation_shock,oos_2023_2025,3,-0.004172918396355273,0.0006645507118833051,-0.0064677967588789055
positive_participation_shock,oos_2023_2025,5,-0.0071386944631645,0.0010671767618323255,-0.01121634607397047
positive_participation_shock,oos_2023_2025,10,-0.011715366346784552,0.0018047141252663863,-0.018394147041268714
positive_participation_shock,oos_2023_2025,20,-0.01584792843998053,0.0024473323036540997,-0.024550678081594945
range_expansion,development_2012_2020,1,,,
range_expansion,development_2012_2020,3,-0.001531765270543342,0.00041859142311885306,-0.002842669129922798
range_expansion,development_2012_2020,5,-0.0039914044832731295,0.0005484871256246156,-0.006883086481420844
range_expansion,development_2012_2020,10,-0.005585051249456247,0.0007558354116045493,-0.00997449372022045
range_expansion,development_2012_2020,20,-0.00786818216397875,0.0010382035513665953,-0.014488418871799521
range_expansion,validation_2021_2022,1,,,
range_expansion,validation_2021_2022,3,-0.0013230187249109332,0.0004992981595554452,-0.0034113559503259677
range_expansion,validation_2021_2022,5,-0.0027378746688826354,0.0007545462728810841,-0.006044576182722219
range_expansion,validation_2021_2022,10,-0.003550158335532408,0.0012025292154595147,-0.00850087698903041
range_expansion,validation_2021_2022,20,-0.00535219912570469,0.0019759268618039826,-0.013924034616140786
range_expansion,oos_2023_2025,1,,,
range_expansion,oos_2023_2025,3,-0.0024015694457222747,0.0005048008977558606,-0.004663622470860103
range_expansion,oos_2023_2025,5,-0.0040613289560689925,0.0007146766157208073,-0.007797772725174188
range_expansion,oos_2023_2025,10,-0.006667142664438941,0.001214142098916165,-0.01290720125641073
range_expansion,oos_2023_2025,20,-0.0098080186817873,0.0015581867757430287,-0.017103028899740184
breakout20,development_2012_2020,1,,,
breakout20,development_2012_2020,3,0.0018460720690028133,0.0010493764031856063,0.0022735536935605087
breakout20,development_2012_2020,5,0.00274275094819954,0.0017056563479191497,0.003012301058195001
breakout20,development_2012_2020,10,0.006691081667695613,0.0027387564153978122,0.006456241909389353
breakout20,development_2012_2020,20,0.005629620089326358,0.004141839454053114,0.002718036976862735
breakout20,validation_2021_2022,1,,,
breakout20,validation_2021_2022,3,-0.0016042615509860433,0.0010719106626354232,-0.004623492432265978
breakout20,validation_2021_2022,5,-0.0034751376123580233,0.0016622395883305941,-0.00810011422638321
breakout20,validation_2021_2022,10,-0.004451314840153622,0.002653364562229119,-0.01264020211734146
breakout20,validation_2021_2022,20,-0.007046272357823054,0.004249674389020164,-0.022257153559281935
breakout20,oos_2023_2025,1,,,
breakout20,oos_2023_2025,3,-0.002809900587660803,0.0009809904796234618,-0.006454114539321073
breakout20,oos_2023_2025,5,-0.004867801442050422,0.0015463538103558838,-0.011145373795433462
breakout20,oos_2023_2025,10,-0.007711554205394714,0.002384821176892068,-0.017422769915804444
breakout20,oos_2023_2025,20,-0.01152130477126917,0.0033446781330464426,-0.024983020027081394
breakout60,development_2012_2020,1,,,
breakout60,development_2012_2020,3,0.006011093967483366,0.0014343726378510241,0.009118991734743204
breakout60,development_2012_2020,5,0.009799710561870153,0.0024570576005076457,0.014175047266972794
breakout60,development_2012_2020,10,0.01741071519386256,0.004118909409414457,0.02217401531995975
breakout60,development_2012_2020,20,0.016271705910731748,0.005893453166788346,0.019219185518824282
breakout60,validation_2021_2022,1,,,
breakout60,validation_2021_2022,3,-0.0008055466466727576,0.0015183868628108677,-0.004893329643697484
breakout60,validation_2021_2022,5,-0.003174950375559926,0.0023869167335219335,-0.009825416728630007
breakout60,validation_2021_2022,10,-0.006308643909025012,0.0040120467830179595,-0.01880934865419824
breakout60,validation_2021_2022,20,-0.012551351527996722,0.006065874490422147,-0.033503812625201045
breakout60,oos_2023_2025,1,,,
breakout60,oos_2023_2025,3,-0.003914983490708818,0.0013680655801669508,-0.007572161485316254
breakout60,oos_2023_2025,5,-0.007315347827256231,0.002285030924025876,-0.014001417645781566
breakout60,oos_2023_2025,10,-0.011809581768352895,0.003405358968427359,-0.022153953390051655
breakout60,oos_2023_2025,20,-0.016494599124366727,0.004679447252180938,-0.03201530491068018
breakout_confirmed,development_2012_2020,1,,,
breakout_confirmed,development_2012_2020,3,-0.004527588145276925,0.0006313732859347066,-0.006223890407672109
breakout_confirmed,development_2012_2020,5,-0.008455873175473853,0.0008734761381450842,-0.012448869063089696
breakout_confirmed,development_2012_2020,10,-0.010991090821643843,0.0014043084575467311,-0.017954376565820655
breakout_confirmed,development_2012_2020,20,-0.015104774333983197,0.0021244369243922836,-0.026391699729192447
breakout_confirmed,validation_2021_2022,1,,,
breakout_confirmed,validation_2021_2022,3,-0.004092682918309437,0.001165751367439951,-0.007829873510705354
breakout_confirmed,validation_2021_2022,5,-0.007180781746326433,0.0018194258659716038,-0.012934527159778485
breakout_confirmed,validation_2021_2022,10,-0.00934071758516777,0.0028494534077669205,-0.01922963007177712
breakout_confirmed,validation_2021_2022,20,-0.012073977854326895,0.0047059240694575285,-0.029829619245324263
breakout_confirmed,oos_2023_2025,1,,,
breakout_confirmed,oos_2023_2025,3,-0.0054557047204074095,0.0012952864432653648,-0.010208315192820911
breakout_confirmed,oos_2023_2025,5,-0.008918658840036205,0.0019300251619761895,-0.01684422851961159
breakout_confirmed,oos_2023_2025,10,-0.013409640479226532,0.0027333694033054366,-0.024535502214503742
breakout_confirmed,oos_2023_2025,20,-0.01805009758075176,0.00364866897865751,-0.03323615152434034
retest20,development_2012_2020,1,,,
retest20,development_2012_2020,3,-0.001292684466571154,0.000903342843109107,-0.0035697091500760175
retest20,development_2012_2020,5,-0.001011790446130448,0.0014282930072100713,-0.0055028171238604385
retest20,development_2012_2020,10,1.9361283821180513e-05,0.0021880085172651205,-0.006715864400711404
retest20,development_2012_2020,20,0.00048557027487885086,0.0033247307802023044,-0.01058685844125885
retest20,validation_2021_2022,1,,,
retest20,validation_2021_2022,3,-0.004793494035551913,0.0020657922027358037,-0.010576917977869704
retest20,validation_2021_2022,5,-0.0055740909170447096,0.0031084371082664482,-0.012845440326487805
retest20,validation_2021_2022,10,-0.008447209195608287,0.0049330481178391904,-0.020837089008375737
retest20,validation_2021_2022,20,-0.010250924986113052,0.0069308242891863705,-0.026955645527852526
retest20,oos_2023_2025,1,,,
retest20,oos_2023_2025,3,0.00026957084507496504,0.0016197839989840273,-0.0031829954077215263
retest20,oos_2023_2025,5,0.0005269692499457199,0.002355414249439439,-0.005595144752652612
retest20,oos_2023_2025,10,0.003034134782604258,0.0038303134264647074,-0.00894508357600805
retest20,oos_2023_2025,20,0.0004013727985198602,0.005969311154013473,-0.01574739902951268
rebreakout20,development_2012_2020,1,,,
rebreakout20,development_2012_2020,3,-0.0025919419756640443,0.0013866666133961,-0.005358828559937514
rebreakout20,development_2012_2020,5,-0.005713864350859422,0.0017640394247576657,-0.007455854760667845
rebreakout20,development_2012_2020,10,-0.009217319055045236,0.0029390531112378137,-0.013708339351315386
rebreakout20,development_2012_2020,20,-0.009662755456616812,0.00441322800967424,-0.020218209466010217
rebreakout20,validation_2021_2022,1,,,
rebreakout20,validation_2021_2022,3,-0.00344274587118883,0.002936280008946718,-0.007463955682164126
rebreakout20,validation_2021_2022,5,-0.004980941281629144,0.004226580742861722,-0.011737232183946143
rebreakout20,validation_2021_2022,10,-0.009752647685054874,0.006726164678859538,-0.024944161522352775
rebreakout20,validation_2021_2022,20,-0.012681414968420925,0.009628302817308436,-0.03831811880174814
rebreakout20,oos_2023_2025,1,,,
rebreakout20,oos_2023_2025,3,5.1903709726907155e-05,0.0023845981928618163,-0.006208925424079056
rebreakout20,oos_2023_2025,5,-5.864737610999913e-05,0.00355105855496644,-0.009773227942484388
rebreakout20,oos_2023_2025,10,-0.0006335774657998682,0.005979095042211202,-0.013965784388883549
rebreakout20,oos_2023_2025,20,-0.002763005064661378,0.007702247603038734,-0.02276731928774927
climax_fade,development_2012_2020,1,,,
climax_fade,development_2012_2020,3,0.0018819949150672352,0.0017023173209195046,-0.00033907306440079856
climax_fade,development_2012_2020,5,-0.0020822628240626173,0.0023899245586886542,-0.006855036837351767
climax_fade,development_2012_2020,10,-0.007084485332268321,0.0028724589239624725,-0.012699200423740186
climax_fade,development_2012_2020,20,-0.014032560479657261,0.003761248662092526,-0.01744927024005869
climax_fade,validation_2021_2022,1,,,
climax_fade,validation_2021_2022,3,-0.00035832451385526637,0.0037219240790128906,-0.0088660437912601
climax_fade,validation_2021_2022,5,-0.004102752714401193,0.004453995704317284,-0.015085258400372559
climax_fade,validation_2021_2022,10,0.0029252352723359893,0.006147857506173359,-0.008655508638299272
climax_fade,validation_2021_2022,20,-0.00607079914451238,0.007608548909087232,-0.024153445044590334
climax_fade,oos_2023_2025,1,,,
climax_fade,oos_2023_2025,3,-0.0005462644675766353,0.0029203734154661797,-0.006980343091504635
climax_fade,oos_2023_2025,5,-0.0036404038736043503,0.003636507946109714,-0.009958914216391765
climax_fade,oos_2023_2025,10,-0.0036933631680177814,0.004845113496688362,-0.012842377174347445
climax_fade,oos_2023_2025,20,-0.0023831968854982955,0.006696542654115019,-0.014962036577357207
minute_trend_confirmed,development_2012_2020,1,,,
minute_trend_confirmed,development_2012_2020,3,-0.0005022168960155842,0.000809929131227866,-0.0031187280420283798
minute_trend_confirmed,development_2012_2020,5,-0.003301757510269913,0.0010851060756667487,-0.00812746985862029
minute_trend_confirmed,development_2012_2020,10,-0.005355482837716234,0.0015957066529344102,-0.013178580743741307
minute_trend_confirmed,development_2012_2020,20,-0.008488568731438448,0.002487708418979324,-0.018975245784560744
minute_trend_confirmed,validation_2021_2022,1,,,
minute_trend_confirmed,validation_2021_2022,3,-0.0012561738569021152,0.0012243529012603165,-0.006274943557818308
minute_trend_confirmed,validation_2021_2022,5,-0.003464385062627414,0.0017521236938123639,-0.0095919016520996
minute_trend_confirmed,validation_2021_2022,10,-0.004636581074333769,0.0026122228629444724,-0.014552207858433239
minute_trend_confirmed,validation_2021_2022,20,-0.008389007411130286,0.003997717004457404,-0.020239690454855085
minute_trend_confirmed,oos_2023_2025,1,,,
minute_trend_confirmed,oos_2023_2025,3,-0.00226462361937882,0.0013059033871995478,-0.0048060967687223455
minute_trend_confirmed,oos_2023_2025,5,-0.003905035410077816,0.0017509270850139494,-0.007657180699014937
minute_trend_confirmed,oos_2023_2025,10,-0.006924375189085568,0.0028200835233562083,-0.013916598016310372
minute_trend_confirmed,oos_2023_2025,20,-0.013710058023694873,0.004146347501637388,-0.019147586964583775
minute_closing_pressure,development_2012_2020,1,,,
minute_closing_pressure,development_2012_2020,3,-0.00471842062436041,0.0004406303099296223,-0.0064306500964139155
minute_closing_pressure,development_2012_2020,5,-0.007779395555674828,0.0005577912629162195,-0.010660601625700218
minute_closing_pressure,development_2012_2020,10,-0.010613634688946985,0.0009518666272127575,-0.015879345204396735
minute_closing_pressure,development_2012_2020,20,-0.013701632197378855,0.0012392630853849693,-0.020806203377669856
minute_closing_pressure,validation_2021_2022,1,,,
minute_closing_pressure,validation_2021_2022,3,-0.003993124259777792,0.0006036377772332942,-0.006440096971983107
minute_closing_pressure,validation_2021_2022,5,-0.0054897568490699395,0.0007466689881243554,-0.008313647957310436
minute_closing_pressure,validation_2021_2022,10,-0.005972955344292311,0.0012441699521570366,-0.01002601368820526
minute_closing_pressure,validation_2021_2022,20,-0.007212002172218263,0.0018723230210987813,-0.013433669054471804
minute_closing_pressure,oos_2023_2025,1,,,
minute_closing_pressure,oos_2023_2025,3,-0.0034072924051981013,0.0005565539936806632,-0.00493416803371944
minute_closing_pressure,oos_2023_2025,5,-0.005381833060410333,0.0007717498715338691,-0.007812515540675741
minute_closing_pressure,oos_2023_2025,10,-0.008099343074581105,0.001283529563243077,-0.011683023237468261
minute_closing_pressure,oos_2023_2025,20,-0.011101471020118717,0.001899990635609133,-0.014762252995605081
minute_intraday_fade,development_2012_2020,1,,,
minute_intraday_fade,development_2012_2020,3,0.0004448338691160865,0.0003715547086053039,-0.0007155365572962418
minute_intraday_fade,development_2012_2020,5,-0.001614456555579376,0.0005200276955041081,-0.0032969246025580227
minute_intraday_fade,development_2012_2020,10,-0.004151969836688071,0.0008668052463052893,-0.007271648453125256
minute_intraday_fade,development_2012_2020,20,-0.00830032954252985,0.001189466166492794,-0.012631582755190425
minute_intraday_fade,validation_2021_2022,1,,,
minute_intraday_fade,validation_2021_2022,3,0.0019993594280475814,0.0005668001304471561,0.0003976113645579285
minute_intraday_fade,validation_2021_2022,5,0.0014761317828162171,0.000979589762360554,-0.0015511540630256848
minute_intraday_fade,validation_2021_2022,10,0.0007911196025559847,0.0016519759573268233,-0.004023695007634439
minute_intraday_fade,validation_2021_2022,20,-0.0024447277584022037,0.002359910289224748,-0.009308953834892513
minute_intraday_fade,oos_2023_2025,1,,,
minute_intraday_fade,oos_2023_2025,3,0.0006415975489001279,0.0006053592048311446,-0.001440791239376901
minute_intraday_fade,oos_2023_2025,5,-0.0011947184154346713,0.0008524806334910119,-0.003655512766604296
minute_intraday_fade,oos_2023_2025,10,-0.0050116932281512715,0.0014385682391174189,-0.008329868955964437
minute_intraday_fade,oos_2023_2025,20,-0.008130233664917294,0.0024026031790361215,-0.01333317557639608
hot_confirmed,development_2012_2020,1,,,
hot_confirmed,development_2012_2020,3,-0.0017747904924398396,0.000920559816596066,-0.004017901461949493
hot_confirmed,development_2012_2020,5,-0.0056674013219631504,0.0012440764406830191,-0.010058420993104724
hot_confirmed,development_2012_2020,10,-0.008880026626490088,0.0018330286054722847,-0.015932399105896854
hot_confirmed,development_2012_2020,20,-0.013044562553091308,0.0026530815291219514,-0.023683448094475857
hot_confirmed,validation_2021_2022,1,,,
hot_confirmed,validation_2021_2022,3,-0.0016935495358321117,0.0016537743823788749,-0.005522868285329757
hot_confirmed,validation_2021_2022,5,-0.003116365247265739,0.0020680120095271765,-0.007387880363559218
hot_confirmed,validation_2021_2022,10,-0.004938828746180205,0.0029260127965882055,-0.011462269479438264
hot_confirmed,validation_2021_2022,20,-0.008270610697842101,0.004669982575103789,-0.015607638573363801
hot_confirmed,oos_2023_2025,1,,,
hot_confirmed,oos_2023_2025,3,-0.0033319039296459793,0.001527552009552979,-0.0050433893346013454
hot_confirmed,oos_2023_2025,5,-0.006478749802361919,0.0020583386286814544,-0.00909507039523276
hot_confirmed,oos_2023_2025,10,-0.011133012024085997,0.003245304605565622,-0.016728507266749564
hot_confirmed,oos_2023_2025,20,-0.01936675362827841,0.00467498851441061,-0.020295664078410564
breakout_confirmed_intraday,development_2012_2020,1,,,
breakout_confirmed_intraday,development_2012_2020,3,-0.0025773647322268494,0.0010917488455680932,-0.004727130703893308
breakout_confirmed_intraday,development_2012_2020,5,-0.0064657862705009206,0.0015741648096245968,-0.010346631006564511
breakout_confirmed_intraday,development_2012_2020,10,-0.010596016268075064,0.0021872811953984306,-0.017228493096997175
breakout_confirmed_intraday,development_2012_2020,20,-0.015310554353548576,0.003070563108839175,-0.025776594786927214
breakout_confirmed_intraday,validation_2021_2022,1,,,
breakout_confirmed_intraday,validation_2021_2022,3,-0.0016230748021302662,0.0027328893966645346,-0.0077141513003395265
breakout_confirmed_intraday,validation_2021_2022,5,-0.0025426960092053566,0.0033236688257363895,-0.01007807573839112
breakout_confirmed_intraday,validation_2021_2022,10,-0.0041369174112194694,0.0047871797200217696,-0.01588715358414928
breakout_confirmed_intraday,validation_2021_2022,20,-0.007556350664951977,0.007020446245681051,-0.020337281375396397
breakout_confirmed_intraday,oos_2023_2025,1,,,
breakout_confirmed_intraday,oos_2023_2025,3,-0.003859144298204996,0.0021197385748723896,-0.007467504901447801
breakout_confirmed_intraday,oos_2023_2025,5,-0.007910602895430403,0.0023417338614991094,-0.012694218864252937
breakout_confirmed_intraday,oos_2023_2025,10,-0.013785513571715823,0.004140365686640882,-0.02183742618239274
breakout_confirmed_intraday,oos_2023_2025,20,-0.02432901541367889,0.005425120002390563,-0.02771828857370197
retest_confirmed,development_2012_2020,1,,,
retest_confirmed,development_2012_2020,3,-0.001991192681752063,0.0011837671325504971,-0.003718285527692986
retest_confirmed,development_2012_2020,5,-0.0009487517758208675,0.0018463790309449911,-0.0033792345690717837
retest_confirmed,development_2012_2020,10,-0.0010660445512433374,0.0027912905390158555,-0.005329666044398197
retest_confirmed,development_2012_2020,20,-0.0020567586724989815,0.004492207055407756,-0.011049565754480418
retest_confirmed,validation_2021_2022,1,,,
retest_confirmed,validation_2021_2022,3,-0.00861221471652619,0.0029094242434052034,-0.012954154029477995
retest_confirmed,validation_2021_2022,5,-0.01147757518320085,0.003715635854027113,-0.017987231189514237
retest_confirmed,validation_2021_2022,10,-0.020097758313691986,0.004903137451857317,-0.028571556847328636
retest_confirmed,validation_2021_2022,20,-0.019639667225152965,0.00903183593295168,-0.036729231532467266
retest_confirmed,oos_2023_2025,1,,,
retest_confirmed,oos_2023_2025,3,-0.0012613015334862975,0.0020556494829861924,-0.004691622676715511
retest_confirmed,oos_2023_2025,5,-0.001876596934521485,0.0028744740494465264,-0.00942197406967286
retest_confirmed,oos_2023_2025,10,0.0013789317891786145,0.004979065421067693,-0.011363054466070093
retest_confirmed,oos_2023_2025,20,-0.0005729589781950432,0.006212603929319402,-0.014888656534156879
