candidate_id,trade_date,date_idx,symbol_idx,symbol,name,compact_symbol_idx,variant,score,predicted_exit_day,predicted_best_exit_close_return,predicted_pre_exit_max_drawdown,predicted_max_return,predicted_min_return,predicted_final_return,predicted_peak_day,predicted_trough_day,predicted_drawdown_after_peak,predicted_next_open_vs_signal_close,predicted_close_return_d2,predicted_high_return_d2,predicted_low_return_d2,predicted_close_return_d3,predicted_high_return_d3,predicted_low_return_d3,predicted_close_return_d5,predicted_high_return_d5,predicted_low_return_d5,predicted_close_return_d7,predicted_high_return_d7,predicted_low_return_d7,predicted_close_return_d10,predicted_high_return_d10,predicted_low_return_d10,predicted_close_return_d14,predicted_high_return_d14,predicted_low_return_d14,predicted_close_return_d16,predicted_high_return_d16,predicted_low_return_d16,predicted_close_return_d20,predicted_high_return_d20,predicted_low_return_d20,predicted_close_return_d30,predicted_high_return_d30,predicted_low_return_d30,predicted_close_return_d40,predicted_high_return_d40,predicted_low_return_d40,predicted_close_return_d50,predicted_high_return_d50,predicted_low_return_d50,predicted_close_return_d60,predicted_high_return_d60,predicted_low_return_d60,log_turnover_pct,relative_turnover_20,turnover_valid,rank,signal_open,signal_high,signal_low,signal_close,signal_volume,signal_amount,signal_raw_close_change_1d
2604,2026-07-21,189,2623,603360.SH,百傲化学,2628,qdp_strict_carry_forward,0.5124720335006714,19,0.53701251745224,5.206220521358773e-05,0.5596033334732056,-5.206220521358773e-05,0.41724228858947754,18,1,-0.2069811373949051,-0.20488525927066803,0.32146066427230835,0.32208260893821716,0.2311517894268036,0.33067622780799866,0.3381393551826477,0.11020122468471527,0.38830530643463135,0.39633381366729736,0.3549857437610626,0.43399226665496826,0.4353533685207367,0.39151880145072937,0.48619189858436584,0.48919036984443665,0.44492536783218384,0.5283015966415405,0.544025719165802,0.49917781352996826,0.5346518158912659,0.5454349517822266,0.5005142688751221,0.5367019176483154,0.553327202796936,0.4981381893157959,0.5251691937446594,0.5439475774765015,0.4937133491039276,0.501116931438446,0.5232552289962769,0.43549907207489014,0.4859447777271271,0.5052991509437561,0.4563383460044861,0.41724228858947754,0.44182509183883667,0.2367948591709137,1.305454969406128,0.1733473539352417,True,1,11.7,12.29,11.18,12.26,18992947.0,224746976.45,0.05236051502145922
2426,2026-07-21,189,2440,603121.SH,华培动力,2445,qdp_strict_carry_forward,0.5097880363464355,20,0.534903347492218,3.5495682823238894e-05,0.5549638867378235,-3.5495682823238894e-05,0.39802613854408264,19,1,-0.22622133791446686,-0.2090928852558136,0.3209846317768097,0.32347968220710754,0.23866218328475952,0.32342731952667236,0.32715290784835815,0.07949092239141464,0.38004183769226074,0.3958793878555298,0.3432157635688782,0.41901054978370667,0.4205480217933655,0.35536789894104004,0.4790322780609131,0.48083314299583435,0.44956961274147034,0.5225973129272461,0.5358633399009705,0.4913865029811859,0.5310053825378418,0.541068434715271,0.4950167238712311,0.534903347492218,0.5524053573608398,0.4962223172187805,0.5238043069839478,0.5427066087722778,0.4914856255054474,0.4974961280822754,0.5231865644454956,0.4058699607849121,0.4887182414531708,0.5096098184585571,0.4584176242351532,0.39802613854408264,0.41303783655166626,0.20319786667823792,1.316749930381775,0.0430527925491333,True,2,10.28,10.35,9.5,10.22,9246286.0,92374379.68,0.0
1957,2026-07-21,189,1966,600791.SH,京能置业,1971,qdp_strict_carry_forward,0.5059628486633301,19,0.5304896235466003,2.921833765867632e-05,0.5520535111427307,-2.921833765867632e-05,0.39272719621658325,18,1,-0.22599127888679504,-0.20900015532970428,0.3254408836364746,0.3329322338104248,0.25565773248672485,0.32841670513153076,0.3315463364124298,0.08497227728366852,0.38363975286483765,0.40702977776527405,0.34349414706230164,0.42071035504341125,0.42219090461730957,0.35791948437690735,0.48049691319465637,0.48335906863212585,0.4275985360145569,0.522382378578186,0.5337295532226562,0.4947243630886078,0.5261995196342468,0.5362310409545898,0.4895123839378357,0.5302503108978271,0.5478635430335999,0.49338477849960327,0.5160281658172607,0.5347289443016052,0.48342493176460266,0.4898429214954376,0.5142090320587158,0.40517985820770264,0.47881755232810974,0.4993882179260254,0.44882509112358093,0.39272719621658325,0.40927621722221375,0.20130294561386108,1.878204584121704,0.02037358283996582,True,3,6.1,6.4,5.62,6.36,25066090.0,150750850.4,0.019230769230769162
2402,2026-07-21,189,2416,603095.SH,越剑智能,2421,qdp_strict_carry_forward,0.5047712326049805,19,0.5293110013008118,5.084729491500184e-05,0.5534704923629761,-5.084729491500184e-05,0.4000445306301117,19,1,-0.22073571383953094,-0.20581525564193726,0.3134540915489197,0.3305489122867584,0.2396681010723114,0.3157111704349518,0.32060232758522034,0.07453106343746185,0.37462911009788513,0.38587456941604614,0.32463669776916504,0.41662561893463135,0.41779887676239014,0.36506348848342896,0.47606000304222107,0.47801777720451355,0.4424165189266205,0.5198366641998291,0.5328736901283264,0.49248674511909485,0.5249728560447693,0.535150408744812,0.49205732345581055,0.5288445949554443,0.5473195910453796,0.49021345376968384,0.5163606405258179,0.5347878336906433,0.4836810529232025,0.491681843996048,0.5145525932312012,0.41578519344329834,0.47825905680656433,0.49813032150268555,0.44854286313056946,0.4000445306301117,0.41979342699050903,0.21056407690048218,1.3288320302963257,0.3560745120048523,True,4,11.4,11.64,10.63,11.59,7171180.0,80428241.8,0.009581881533101022
2486,2026-07-21,189,2500,603200.SH,上海洗霸,2505,qdp_strict_carry_forward,0.5034900307655334,19,0.5280320048332214,5.456107828649692e-05,0.5489122271537781,-5.456107828649692e-05,0.41321611404418945,19,1,-0.20245632529258728,-0.2049775868654251,0.31959107518196106,0.3234449625015259,0.24105304479599,0.3249405324459076,0.3307754099369049,0.08509575575590134,0.3810097277164459,0.3994167149066925,0.34625717997550964,0.42118632793426514,0.4222213625907898,0.3768851161003113,0.4749014675617218,0.48682108521461487,0.44864463806152344,0.5177751779556274,0.5324748158454895,0.48900654911994934,0.5247834920883179,0.5347675085067749,0.4904136061668396,0.5286089181900024,0.5458118319511414,0.49019962549209595,0.5186499953269958,0.5374181270599365,0.48718512058258057,0.4946926534175873,0.5166547298431396,0.42956650257110596,0.4794616401195526,0.49852967262268066,0.4500890374183655,0.41321611404418945,0.43873727321624756,0.2353251427412033,1.302381992340088,0.17636871337890625,True,5,32.45,33.2,30.85,33.07,4699440.0,151302865.8,0.018478595626732375
1345,2026-07-21,189,1354,002988.SZ,豪美新材,1359,qdp_strict_carry_forward,0.49373534321784973,16,0.5164366960525513,7.573061884613708e-05,0.5408253073692322,-7.573061884613708e-05,0.39445167779922485,19,1,-0.2147258073091507,-0.2054615169763565,0.321664959192276,0.32220974564552307,0.22399233281612396,0.3287685513496399,0.3341659903526306,0.10007013380527496,0.38312822580337524,0.4058101773262024,0.34722259640693665,0.42335936427116394,0.4287059009075165,0.38485217094421387,0.4747717082500458,0.4775249660015106,0.43708333373069763,0.5112108588218689,0.5268908143043518,0.48210272192955017,0.5164366960525513,0.5285398960113525,0.48239174485206604,0.5179758667945862,0.5362852215766907,0.48075640201568604,0.505900502204895,0.5245110988616943,0.47464388608932495,0.48158103227615356,0.5035529732704163,0.4131353199481964,0.4667392373085022,0.48604556918144226,0.4374634623527527,0.39445167779922485,0.41599032282829285,0.2099703550338745,1.0535075664520264,0.044130921363830566,True,6,18.86,19.25,18.18,19.05,4665579.0,87903142.41,-0.0031397174254316207
2786,2026-07-21,189,2808,603778.SH,国晟科技,2815,qdp_strict_carry_forward,0.48937252163887024,19,0.5139048099517822,3.839596683974378e-05,0.53606778383255,-3.839596683974378e-05,0.38111284375190735,18,1,-0.2250705510377884,-0.2094569057226181,0.3180559575557709,0.3205942213535309,0.22751539945602417,0.32600292563438416,0.3315789997577667,0.10775329917669296,0.378130704164505,0.3968011736869812,0.3510122001171112,0.4149598777294159,0.4162718951702118,0.36681222915649414,0.4661090075969696,0.4694061279296875,0.40006935596466064,0.5053337216377258,0.5179315805435181,0.47649359703063965,0.510513424873352,0.521086573600769,0.47450852394104004,0.5135295391082764,0.5299966931343079,0.4775126576423645,0.500054657459259,0.5185238718986511,0.46751177310943604,0.47417137026786804,0.498504102230072,0.38788342475891113,0.46413716673851013,0.48448309302330017,0.4346001148223877,0.38111284375190735,0.3974931836128235,0.1903441697359085,2.7175450325012207,0.2872195243835449,True,7,8.42,8.6,7.56,8.57,90919928.0,738513805.57,0.020238095238095166
846,2026-07-21,189,855,002394.SZ,联发股份,860,qdp_strict_carry_forward,0.4829733967781067,16,0.5056542158126831,4.1526076529407874e-05,0.5280979871749878,-4.1526076529407874e-05,0.3774518072605133,19,1,-0.2212725430727005,-0.2069666087627411,0.32303789258003235,0.3326697051525116,0.24635890126228333,0.32659611105918884,0.32993414998054504,0.09528237581253052,0.37344858050346375,0.4062175452709198,0.32539060711860657,0.41313591599464417,0.41428375244140625,0.3765697777271271,0.4653564691543579,0.4673849642276764,0.4392843246459961,0.5003336668014526,0.512779951095581,0.47102001309394836,0.5056542158126831,0.5174229145050049,0.47530779242515564,0.5071824789047241,0.5254981517791748,0.4709193706512451,0.4948047697544098,0.5146772861480713,0.46410930156707764,0.4695505201816559,0.4935847520828247,0.3883272409439087,0.458088755607605,0.4782082140445709,0.42862147092819214,0.3774518072605133,0.39596524834632874,0.18997186422348022,1.3173365592956543,0.15357637405395508,True,8,7.99,8.1,7.6,7.97,8832405.0,69251673.9,-0.01726263871763256
2988,2026-07-21,189,3010,605365.SH,立达信,3017,qdp_strict_carry_forward,0.4826773405075073,16,0.5053514838218689,3.0379402232938446e-05,0.5280668139457703,-3.0379402232938446e-05,0.3716204762458801,18,1,-0.2283468395471573,-0.2068580687046051,0.31734955310821533,0.31884509325027466,0.25431546568870544,0.31840503215789795,0.3234208822250366,0.0868687629699707,0.3643980026245117,0.3832716643810272,0.3229603171348572,0.4075443148612976,0.4086831510066986,0.358205646276474,0.4579094350337982,0.4629649519920349,0.42834100127220154,0.49812230467796326,0.5110213160514832,0.46735870838165283,0.5053514838218689,0.5160503387451172,0.47579091787338257,0.5071094632148743,0.5239120125770569,0.47003716230392456,0.49548640847206116,0.5142115354537964,0.463889479637146,0.46993255615234375,0.4948737919330597,0.3835503160953522,0.4602045714855194,0.48064568638801575,0.43064212799072266,0.3716204762458801,0.3855927884578705,0.17913758754730225,0.8231233358383179,0.21883416175842285,True,9,12.25,12.39,11.58,12.33,6413729.0,77433905.28,0.0065306122448980375
316,2026-07-21,189,316,000890.SZ,法尔胜,316,qdp_strict_carry_forward,0.4818287193775177,19,0.506352961063385,2.4982420654851012e-05,0.5268682241439819,-2.4982420654851012e-05,0.3684810698032379,18,1,-0.2278720587491989,-0.2102791666984558,0.32302001118659973,0.33219027519226074,0.2589092552661896,0.3243742287158966,0.3277982175350189,0.08669345080852509,0.3719409704208374,0.3967021703720093,0.3199799656867981,0.40788450837135315,0.40906426310539246,0.35964757204055786,0.4602307379245758,0.4628327786922455,0.4303286373615265,0.49814850091934204,0.5121480822563171,0.4702550768852234,0.5031108260154724,0.5128408670425415,0.46513962745666504,0.5064391493797302,0.5236165523529053,0.4706082046031952,0.49321281909942627,0.5116665959358215,0.46152734756469727,0.4663790762424469,0.4920485019683838,0.37162962555885315,0.4592635929584503,0.47994181513786316,0.4295097291469574,0.3684810698032379,0.38180479407310486,0.1789376139640808,1.9323856830596924,0.14688527584075928,True,10,6.13,6.27,5.56,6.22,24775000.0,147250478.9,0.006472491909385036
1740,2026-07-21,189,1749,600510.SH,黑牡丹,1754,qdp_strict_carry_forward,0.4764406383037567,16,0.4991232752799988,4.4539556256495416e-05,0.5216950178146362,-4.4539556256495416e-05,0.3783375918865204,18,1,-0.21184907853603363,-0.204415962100029,0.3085830509662628,0.31047365069389343,0.2474106252193451,0.3155348002910614,0.32318630814552307,0.09497077763080597,0.37189480662345886,0.3801063597202301,0.34665319323539734,0.41096407175064087,0.4120749533176422,0.37337931990623474,0.4595367908477783,0.46229350566864014,0.4166218340396881,0.4943788945674896,0.5061485767364502,0.4610670506954193,0.4991232752799988,0.5107993483543396,0.4699374735355377,0.4991634786128998,0.5160983800888062,0.46160081028938293,0.4868900775909424,0.5081451535224915,0.45559099316596985,0.46221762895584106,0.48569542169570923,0.38380008935928345,0.45053887367248535,0.47053876519203186,0.42127618193626404,0.3783375918865204,0.40113040804862976,0.1993253380060196,0.940627932548523,0.16547739505767822,True,11,5.76,5.83,5.33,5.82,16116000.0,90051328.0,0.030088495575221197
1996,2026-07-21,189,2005,600841.SH,动力新科,2010,qdp_strict_carry_forward,0.4692608416080475,16,0.49194586277008057,4.851844278164208e-05,0.512537956237793,-4.851844278164208e-05,0.36072349548339844,18,1,-0.22323153913021088,-0.2073138803243637,0.31304773688316345,0.3149228096008301,0.21953079104423523,0.3220885396003723,0.3270990550518036,0.09848417341709137,0.37679821252822876,0.388232946395874,0.34970593452453613,0.4117112457752228,0.41364026069641113,0.3706815838813782,0.4589531123638153,0.4622088074684143,0.40687528252601624,0.48890987038612366,0.5012296438217163,0.4573380947113037,0.49194586277008057,0.5045270323753357,0.4606964886188507,0.49171844124794006,0.5093114972114563,0.45569130778312683,0.4782121181488037,0.4968787431716919,0.4478035569190979,0.45323023200035095,0.4762220084667206,0.3770160675048828,0.44061172008514404,0.46042537689208984,0.41160085797309875,0.36072349548339844,0.3785414397716522,0.17489178478717804,0.9912269115447998,0.07251501083374023,True,12,5.42,5.51,5.22,5.43,17674450.0,95320776.0,0.0018450184501843658
937,2026-07-21,189,946,002497.SZ,雅化集团,951,qdp_strict_carry_forward,0.46904832124710083,17,0.49240657687187195,0.00011105363955721259,0.5119519233703613,-0.00011105363955721259,0.35903286933898926,17,1,-0.22192786633968353,-0.2044476568698883,0.3120465576648712,0.3129984438419342,0.21459168195724487,0.33563530445098877,0.3398902714252472,0.21119046211242676,0.37877514958381653,0.38127049803733826,0.33609917759895325,0.4239407181739807,0.4492603540420532,0.3989080786705017,0.45981714129447937,0.4637402594089508,0.4034145772457123,0.4866344630718231,0.4987042546272278,0.44894856214523315,0.4904666244983673,0.5085485577583313,0.46045181155204773,0.48866403102874756,0.5065697431564331,0.45585718750953674,0.47120779752731323,0.490011066198349,0.4417511820793152,0.4464133679866791,0.46925511956214905,0.3751862943172455,0.43322718143463135,0.4524710476398468,0.4045694172382355,0.35903286933898926,0.3786712884902954,0.17640765011310577,1.8710414171218872,-0.10552442073822021,True,13,16.0,17.04,15.87,16.91,58224942.0,964457788.32,0.03806015960712106
1942,2026-07-21,189,1951,600773.SH,西藏城投,1956,qdp_strict_carry_forward,0.4690335988998413,17,0.4923480749130249,3.809395639109425e-05,0.5159091353416443,-3.809395639109425e-05,0.36229804158210754,18,1,-0.22446352243423462,-0.20710116624832153,0.31117260456085205,0.3120628595352173,0.22570286691188812,0.31961920857429504,0.32552075386047363,0.1042725145816803,0.3697182834148407,0.37820735573768616,0.3492593467235565,0.405500590801239,0.4089336693286896,0.36102065443992615,0.4484902024269104,0.4512796700000763,0.403141587972641,0.48604539036750793,0.49905064702033997,0.4556916654109955,0.49121567606925964,0.502121090888977,0.4598393142223358,0.4923765957355499,0.5087053775787354,0.4549782872200012,0.47952044010162354,0.49780499935150146,0.4488394558429718,0.45448729395866394,0.4777979552745819,0.3763657212257385,0.4426593482494354,0.462528258562088,0.41360726952552795,0.36229804158210754,0.37957990169525146,0.17564283311367035,1.6366277933120728,0.29444921016693115,True,14,9.96,10.17,9.3,10.16,39374900.0,385347724.94,0.01905717151454356
2844,2026-07-21,189,2866,603897.SH,长城科技,2873,qdp_strict_carry_forward,0.4644941985607147,16,0.4871690571308136,3.157894389005378e-05,0.5107638239860535,-3.157894389005378e-05,0.3665006756782532,18,1,-0.21400676667690277,-0.2077299803495407,0.3194217085838318,0.3205230236053467,0.25248783826828003,0.3251863718032837,0.3306317925453186,0.1047433391213417,0.3660447597503662,0.40035122632980347,0.32851386070251465,0.4060622453689575,0.4109576642513275,0.36729946732521057,0.4475453495979309,0.4510903060436249,0.4005557894706726,0.4821852445602417,0.49753522872924805,0.45201757550239563,0.4871690571308136,0.4981071650981903,0.45604461431503296,0.4885339140892029,0.5052857995033264,0.45318976044654846,0.47387441992759705,0.49309688806533813,0.44382262229919434,0.4495660960674286,0.47191470861434937,0.377527117729187,0.43645352125167847,0.4557073712348938,0.40773123502731323,0.3665006756782532,0.38876742124557495,0.18745014071464539,1.9309250116348267,0.2978532314300537,True,15,22.43,23.46,20.69,23.45,12171213.0,271101952.45,0.0450089126559714
2867,2026-07-21,189,2889,603937.SH,丽岛新材,2896,qdp_strict_carry_forward,0.46126651763916016,14,0.48270076513290405,0.00018736341735348105,0.5086219906806946,-0.00018736341735348105,0.3751358091831207,18,1,-0.19251926243305206,-0.20135174691677094,0.3059855103492737,0.33649468421936035,0.21792466938495636,0.3119427263736725,0.3154277503490448,0.0763302892446518,0.3713778555393219,0.38669586181640625,0.3320715129375458,0.39971253275871277,0.4014570713043213,0.3599960505962372,0.44936129450798035,0.45197421312332153,0.3973543643951416,0.48270076513290405,0.4968132972717285,0.45586973428726196,0.4817452132701874,0.4924583435058594,0.44745856523513794,0.4836566746234894,0.5018898248672485,0.4462624490261078,0.4699819087982178,0.4881193935871124,0.43848729133605957,0.4479343593120575,0.4679456651210785,0.39495280385017395,0.43168506026268005,0.45001736283302307,0.4028809666633606,0.3751358091831207,0.40248897671699524,0.21818318963050842,1.6618133783340454,0.07707440853118896,True,16,9.39,9.5,8.66,9.49,8917300.0,81444406.0,0.01497326203208571
2971,2026-07-21,189,2993,605286.SH,同力天启,3000,qdp_strict_carry_forward,0.4609394073486328,16,0.4836222529411316,4.488965350901708e-05,0.5003288984298706,-4.488965350901708e-05,0.3592393696308136,19,1,-0.2162684053182602,-0.2049775868654251,0.3114570379257202,0.317687451839447,0.24230723083019257,0.31592464447021484,0.3205953538417816,0.09219607710838318,0.36342182755470276,0.38111692667007446,0.32392996549606323,0.4040108025074005,0.4055739939212799,0.3752131462097168,0.44620445370674133,0.4487915337085724,0.40145212411880493,0.478177011013031,0.4873519241809845,0.44417738914489746,0.4836222529411316,0.49937236309051514,0.45590025186538696,0.4827735424041748,0.5002284049987793,0.4494297206401825,0.47032102942466736,0.49024948477745056,0.4403417110443115,0.4461022615432739,0.4684799909591675,0.37558552622795105,0.4324635863304138,0.4515891969203949,0.40382108092308044,0.3592393696308136,0.3789903223514557,0.17585515975952148,1.1718922853469849,0.21283107995986938,True,17,21.57,21.76,20.28,21.2,3743200.0,79000027.0,-0.007025761124121899
2541,2026-07-21,189,2556,603278.SH,大业股份,2561,qdp_strict_carry_forward,0.4575841426849365,19,0.4821290671825409,5.9458376199472696e-05,0.5042929649353027,-5.9458376199472696e-05,0.35853326320648193,18,1,-0.21497125923633575,-0.20680350065231323,0.3128986954689026,0.33455634117126465,0.23746417462825775,0.3175249993801117,0.32081466913223267,0.08728004992008209,0.3675760328769684,0.39150169491767883,0.334335595369339,0.3941260874271393,0.39948272705078125,0.34653639793395996,0.44217365980148315,0.4451402723789215,0.39946991205215454,0.47775977849960327,0.4913037121295929,0.45074084401130676,0.47929951548576355,0.4890412986278534,0.4453589618206024,0.4818379580974579,0.49851447343826294,0.44649800658226013,0.46702897548675537,0.4850577712059021,0.4362626075744629,0.4430672526359558,0.46419233083724976,0.3785834312438965,0.4281488358974457,0.4469049870967865,0.39969396591186523,0.35853326320648193,0.3799476623535156,0.18091320991516113,1.8474247455596924,0.004445075988769531,True,18,8.08,8.25,7.38,8.2,18261783.0,143570299.71,0.014851485148514865
1451,2026-07-21,189,1460,600076.SH,康欣新材,1465,qdp_strict_carry_forward,0.45681557059288025,14,0.4781985282897949,0.0001018864568322897,0.5003379583358765,-0.0001018864568322897,0.36919644474983215,18,1,-0.19191381335258484,-0.20131444931030273,0.3057754635810852,0.30746087431907654,0.2402331382036209,0.3193025588989258,0.3237733840942383,0.12726238369941711,0.3711039423942566,0.3837118148803711,0.34943699836730957,0.4027200937271118,0.41456663608551025,0.363046258687973,0.4482029676437378,0.45183292031288147,0.39303693175315857,0.4781985282897949,0.4928092956542969,0.44616925716400146,0.47798439860343933,0.4891059398651123,0.44602617621421814,0.4792422950267792,0.495185911655426,0.4449920654296875,0.4654073119163513,0.48425889015197754,0.4346693158149719,0.44282928109169006,0.4631817042827606,0.3884124755859375,0.4268152415752411,0.44522202014923096,0.39830878376960754,0.36919644474983215,0.39633268117904663,0.2124023735523224,1.0385328531265259,-0.22395551204681396,True,19,2.68,2.75,2.5,2.74,24538849.0,64477481.28,0.02621722846441954
1872,2026-07-21,189,1881,600683.SH,京投发展,1886,qdp_strict_carry_forward,0.4565625786781311,17,0.47987669706344604,3.750753967324272e-05,0.49904000759124756,-3.750753967324272e-05,0.34777891635894775,18,1,-0.22391751408576965,-0.2046365737915039,0.310197651386261,0.31313273310661316,0.25590601563453674,0.31708553433418274,0.3213964104652405,0.1070018783211708,0.36808180809020996,0.3783763349056244,0.33760493993759155,0.40258756279945374,0.4048672020435333,0.36795881390571594,0.4422972798347473,0.44541749358177185,0.39400193095207214,0.47446194291114807,0.48618555068969727,0.4375442564487457,0.4791035056114197,0.49207067489624023,0.4514164924621582,0.47853097319602966,0.49470824003219604,0.44354215264320374,0.46410804986953735,0.48357126116752625,0.43409618735313416,0.4389714002609253,0.46294260025024414,0.35545510053634644,0.4290124475955963,0.4490653872489929,0.4001840054988861,0.34777891635894775,0.36437320709228516,0.16337868571281433,1.6062144041061401,0.31899917125701904,True,20,7.7,7.86,6.8,7.8,29511900.0,215912034.0,0.0331125827814569
