preferred_task,reference_task,date_count,lag_or_block_days,annualized_mean_log_return_difference,annualized_hac_standard_error,hac_t,annualized_block_bootstrap_ci_low,annualized_block_bootstrap_ci_high,slot_count,cost,preferred_threshold,reference_threshold
dual_mfe_risk_veto__tp08_d20__k06__base,dual_mfe_risk_veto__tp05_d20__k06__base,727,20,0.08150696529770016,0.09522464056155547,0.8559440583554854,-0.10546770357570044,0.26438183274818366,6,base,8pct,tp05
dual_mfe_risk_veto__tp08_d20__k06__base,dual_mfe_risk_veto__tp05_d20__k06__base,727,60,0.08150696529770016,0.10251337526324464,0.7950861542544863,-0.10767347918197205,0.3047303129918942,6,base,8pct,tp05
dual_mfe_risk_veto__tp08_d20__k06__base,dual_mfe_risk_veto__tp10_d20__k06__base,727,20,0.08581751421248528,0.10554017068654832,0.8131265437059142,-0.13118518991253525,0.2915043783689671,6,base,8pct,tp10
dual_mfe_risk_veto__tp08_d20__k06__base,dual_mfe_risk_veto__tp10_d20__k06__base,727,60,0.08581751421248528,0.09072447886431396,0.9459135537260295,-0.09888679098640807,0.26236251434371677,6,base,8pct,tp10
dual_mfe_risk_veto__tp08_d20__k06__base,dual_mfe_risk_veto__timeout_only_d20__k06__base,727,20,0.060083908080999573,0.15932270210827312,0.3771208201086592,-0.2584037385361993,0.36208312396075604,6,base,8pct,timeout_only
dual_mfe_risk_veto__tp08_d20__k06__base,dual_mfe_risk_veto__timeout_only_d20__k06__base,727,60,0.060083908080999573,0.17810988565640654,0.33734179245338464,-0.2692915262666344,0.44307320935484773,6,base,8pct,timeout_only
dual_mfe_risk_veto__tp08_d20__k06__stress,dual_mfe_risk_veto__tp05_d20__k06__stress,727,20,0.08765873743397255,0.09428740493895887,0.9296972113160005,-0.1072241002673863,0.2755005875657312,6,stress,8pct,tp05
dual_mfe_risk_veto__tp08_d20__k06__stress,dual_mfe_risk_veto__tp05_d20__k06__stress,727,60,0.08765873743397255,0.10120524632666716,0.8661481555119228,-0.09555034254820448,0.3139233607253734,6,stress,8pct,tp05
dual_mfe_risk_veto__tp08_d20__k06__stress,dual_mfe_risk_veto__tp10_d20__k06__stress,727,20,0.08047742999907226,0.10482346262573124,0.7677425261786506,-0.1342435949530418,0.277129087469301,6,stress,8pct,tp10
dual_mfe_risk_veto__tp08_d20__k06__stress,dual_mfe_risk_veto__tp10_d20__k06__stress,727,60,0.08047742999907226,0.0902906312446844,0.8913153988366888,-0.1115696116638083,0.2576356905873082,6,stress,8pct,tp10
dual_mfe_risk_veto__tp08_d20__k06__stress,dual_mfe_risk_veto__timeout_only_d20__k06__stress,727,20,0.042858612403774476,0.15890286716514837,0.2697157903339236,-0.2717742113307317,0.3486922832863382,6,stress,8pct,timeout_only
dual_mfe_risk_veto__tp08_d20__k06__stress,dual_mfe_risk_veto__timeout_only_d20__k06__stress,727,60,0.042858612403774476,0.17756023554215078,0.24137505941526152,-0.2710173314627884,0.42842333567610347,6,stress,8pct,timeout_only
dual_mfe_risk_veto__tp08_d20__k12__base,dual_mfe_risk_veto__tp05_d20__k12__base,727,20,0.1852350252408429,0.05811716914109193,3.187268546944278,0.07590171738889745,0.30637800056793135,12,base,8pct,tp05
dual_mfe_risk_veto__tp08_d20__k12__base,dual_mfe_risk_veto__tp05_d20__k12__base,727,60,0.1852350252408429,0.05247683089909086,3.5298439724196844,0.0837484754376952,0.29420727939998326,12,base,8pct,tp05
dual_mfe_risk_veto__tp08_d20__k12__base,dual_mfe_risk_veto__tp10_d20__k12__base,727,20,0.07475416420539067,0.06903671921950316,1.0828174491853941,-0.07182663883025577,0.21244050937758704,12,base,8pct,tp10
dual_mfe_risk_veto__tp08_d20__k12__base,dual_mfe_risk_veto__tp10_d20__k12__base,727,60,0.07475416420539067,0.07203712590803019,1.037717194614751,-0.06432739239892736,0.22260718264707877,12,base,8pct,tp10
dual_mfe_risk_veto__tp08_d20__k12__base,dual_mfe_risk_veto__timeout_only_d20__k12__base,727,20,0.21886871075869008,0.0922968133030136,2.371357178282381,0.03414223825508498,0.39769690172099825,12,base,8pct,timeout_only
dual_mfe_risk_veto__tp08_d20__k12__base,dual_mfe_risk_veto__timeout_only_d20__k12__base,727,60,0.21886871075869008,0.06278007711630088,3.4862765516078147,0.10043503801870132,0.35091740708196234,12,base,8pct,timeout_only
dual_mfe_risk_veto__tp08_d20__k12__stress,dual_mfe_risk_veto__tp05_d20__k12__stress,727,20,0.19434795660362555,0.05796951108900633,3.3525891965040713,0.0823849979410787,0.3095109657822533,12,stress,8pct,tp05
dual_mfe_risk_veto__tp08_d20__k12__stress,dual_mfe_risk_veto__tp05_d20__k12__stress,727,60,0.19434795660362555,0.05214002148146776,3.7274237923492812,0.09298392747289871,0.30682893732363187,12,stress,8pct,tp05
dual_mfe_risk_veto__tp08_d20__k12__stress,dual_mfe_risk_veto__tp10_d20__k12__stress,727,20,0.0728175262457398,0.06823585612961894,1.0671446124661739,-0.06033595531199486,0.20397253389045583,12,stress,8pct,tp10
dual_mfe_risk_veto__tp08_d20__k12__stress,dual_mfe_risk_veto__tp10_d20__k12__stress,727,60,0.0728175262457398,0.07074386859759287,1.0293121890172894,-0.06153952240479438,0.22757658020418847,12,stress,8pct,tp10
dual_mfe_risk_veto__tp08_d20__k12__stress,dual_mfe_risk_veto__timeout_only_d20__k12__stress,727,20,0.20955484688252504,0.09337661473663961,2.244189805697666,0.019605534507348518,0.40201308555572546,12,stress,8pct,timeout_only
dual_mfe_risk_veto__tp08_d20__k12__stress,dual_mfe_risk_veto__timeout_only_d20__k12__stress,727,60,0.20955484688252504,0.06382734026312523,3.283151796998668,0.0867842050404183,0.33909790147669144,12,stress,8pct,timeout_only
