strategy_id,selection_ranker,policy_id,shared_account_count,same_return_sign_fraction,primary_mean_return,supplemental_mean_return,primary_median_return,supplemental_median_return
cs_r3_leader_confirmation,flow_quality,fast_failure_2pct_target4pct_2d,5,0.8,-0.54246879372,-0.01895459296,-0.5636971241,-0.0310395925
cs_r3_leader_confirmation,flow_quality,momentum_trail_4pct_5d,5,1.0,-0.30309674861999997,-0.02376132288,-0.3943720048,-0.0142426665
cs_r3_leader_confirmation,flow_quality,next_open_1d,5,1.0,-0.47953754794,-0.056030783220000005,-0.4831308221,-0.0748864147
cs_r3_leader_confirmation,flow_quality,next_open_2d,5,0.2,-0.07375637877999999,0.00616481604,-0.0698256362,0.0050800344
cs_r3_leader_confirmation,flow_quality,next_open_3d,5,0.6,-0.18832815817999998,-0.024874630939999996,-0.185557495,-0.0173318857
cs_r3_leader_confirmation,flow_quality,next_open_5d,5,0.4,0.04880213275999999,-0.01809241022,-0.0975966574,-0.0258893121
cs_r3_leader_confirmation,flow_quality,protect_3pct_target6pct_3d,5,1.0,-0.36749125764,-0.0337707851,-0.3517288772,-0.0343981074
cs_r3_leader_confirmation,random_hash,fast_failure_2pct_target4pct_2d,5,0.8,-0.5498805408,-0.02316266774,-0.5503917557,-0.0264518483
cs_r3_leader_confirmation,random_hash,momentum_trail_4pct_5d,5,1.0,-0.31991921434,-0.02018147842,-0.3389331628,-0.0139422123
cs_r3_leader_confirmation,random_hash,next_open_1d,5,1.0,-0.47868370163999996,-0.05498785112,-0.483617803,-0.0690020463
cs_r3_leader_confirmation,random_hash,next_open_2d,5,0.4,-0.06787935106,0.006163361099999999,-0.0697147461,0.0050727597
cs_r3_leader_confirmation,random_hash,next_open_3d,5,0.6,-0.16795610994000001,-0.024874630939999996,-0.1691956833,-0.0173318857
cs_r3_leader_confirmation,random_hash,next_open_5d,5,0.4,0.04637511394,-0.01809241022,-0.1105924047,-0.0258893121
cs_r3_leader_confirmation,random_hash,protect_3pct_target6pct_3d,5,0.8,-0.42546286695999996,-0.02953591212,-0.4179028083,-0.0302172913
cs_r3_leader_confirmation,sector_leader,fast_failure_2pct_target4pct_2d,5,1.0,-0.5470285904,-0.0503963594,-0.5470285904,-0.0503963594
cs_r3_leader_confirmation,sector_leader,momentum_trail_4pct_5d,5,1.0,-0.46044745339999993,-0.0999103875,-0.4604474534,-0.0999103875
cs_r3_leader_confirmation,sector_leader,next_open_1d,5,0.0,-0.5726597874,0.032239476,-0.5726597874,0.032239476
cs_r3_leader_confirmation,sector_leader,next_open_2d,5,0.0,-0.0955158393,0.0086853041,-0.0955158393,0.0086853041
cs_r3_leader_confirmation,sector_leader,next_open_3d,5,1.0,-0.1684054879,-0.005286982,-0.1684054879,-0.005286982
cs_r3_leader_confirmation,sector_leader,next_open_5d,5,1.0,-0.0119428848,-0.0451772311,-0.0119428848,-0.0451772311
cs_r3_leader_confirmation,sector_leader,protect_3pct_target6pct_3d,5,1.0,-0.3811761008,-0.0802441653,-0.3811761008,-0.0802441653
cs_r3_leader_confirmation,trend_structure,fast_failure_2pct_target4pct_2d,5,0.6,-0.59203382506,-0.01980237768,-0.6020884353,-0.0270201845
cs_r3_leader_confirmation,trend_structure,momentum_trail_4pct_5d,5,1.0,-0.35027200346,-0.07384583471999999,-0.3041372655,-0.0725483815
cs_r3_leader_confirmation,trend_structure,next_open_1d,5,1.0,-0.49608812570000005,-0.05651790423999999,-0.5112931976,-0.0551914177
cs_r3_leader_confirmation,trend_structure,next_open_2d,5,0.8,-0.22457939286,-0.00955390318,-0.2520776482,-0.0148113268
cs_r3_leader_confirmation,trend_structure,next_open_3d,5,1.0,-0.153564126,-0.0667396116,-0.1284058184,-0.0756360475
cs_r3_leader_confirmation,trend_structure,next_open_5d,5,0.8,-0.0423359458,-0.06275848422,-0.0888018177,-0.0662196548
cs_r3_leader_confirmation,trend_structure,protect_3pct_target6pct_3d,5,1.0,-0.4401019636,-0.01824631796,-0.4615505294,-0.0198076158
fu_r3_core_pullback,flow_quality,fast_failure_2pct_target4pct_2d,5,0.6,-0.11102880904000001,-0.011601727019999999,-0.120326474,-0.0105600739
fu_r3_core_pullback,flow_quality,momentum_trail_4pct_5d,5,0.4,0.06980781516000001,-0.03453325424,0.1081746147,-0.0390469495
fu_r3_core_pullback,flow_quality,next_open_1d,5,0.6,-0.14038555753999998,-0.01671205798,-0.1418058603,-0.0211750086
fu_r3_core_pullback,flow_quality,next_open_2d,5,0.6,-0.030543186840000004,-1.9200959999999406e-05,-0.0710439516,0.0010918697
fu_r3_core_pullback,flow_quality,next_open_3d,5,0.4,0.1512169429,-0.02135415672,0.119203165,-0.0197280592
fu_r3_core_pullback,flow_quality,next_open_5d,5,0.8,-0.0759136188,-0.03469268792,-0.1389153578,-0.0294892198
fu_r3_core_pullback,flow_quality,protect_3pct_target6pct_3d,5,0.6,0.01824348456,-0.02037134472,0.075894693,-0.0201175056
fu_r3_core_pullback,random_hash,fast_failure_2pct_target4pct_2d,5,0.6,-0.01355211502,-0.005351171479999999,-0.0135161228,-0.0006261476
fu_r3_core_pullback,random_hash,momentum_trail_4pct_5d,5,0.4,0.1285562262,-0.030817408419999998,0.2059041901,-0.0393236545
fu_r3_core_pullback,random_hash,next_open_1d,5,0.6,-0.13987205826,-0.007479370139999999,-0.1330751287,-0.0130365762
fu_r3_core_pullback,random_hash,next_open_2d,5,0.0,-0.019023683340000003,0.00175731152,0.0391686559,-0.0063887268
fu_r3_core_pullback,random_hash,next_open_3d,5,0.0,0.1753303024,-0.01831966992,0.0728756788,-0.0194270112
fu_r3_core_pullback,random_hash,next_open_5d,5,0.8,-0.12499004904,-0.03222357918,-0.1801496531,-0.0282590784
fu_r3_core_pullback,random_hash,protect_3pct_target6pct_3d,5,0.6,-0.014366436239999992,-0.01172557866,-0.0609717853,-0.020746368
fu_r3_core_pullback,sector_leader,fast_failure_2pct_target4pct_2d,5,0.0,-0.0726341242,0.0393069874,-0.0726341242,0.0393069874
fu_r3_core_pullback,sector_leader,momentum_trail_4pct_5d,5,0.0,0.0859274498,-0.0103624535,0.0859274498,-0.0103624535
fu_r3_core_pullback,sector_leader,next_open_1d,5,0.0,-0.2262366171,0.0212298996,-0.2262366171,0.0212298996
fu_r3_core_pullback,sector_leader,next_open_2d,5,1.0,-0.2142292162,-0.0882183564,-0.2142292162,-0.0882183564
fu_r3_core_pullback,sector_leader,next_open_3d,5,0.0,0.3899542759,-0.1392660365,0.3899542759,-0.1392660365
fu_r3_core_pullback,sector_leader,next_open_5d,5,0.0,0.1397532544,-0.0835851002,0.1397532544,-0.0835851002
fu_r3_core_pullback,sector_leader,protect_3pct_target6pct_3d,5,1.0,0.2002119724,0.0016432969,0.2002119724,0.0016432969
fu_r3_core_pullback,trend_structure,fast_failure_2pct_target4pct_2d,5,1.0,-0.21731178972,-0.039075179,-0.2607710084,-0.0228072587
fu_r3_core_pullback,trend_structure,momentum_trail_4pct_5d,5,1.0,-0.17092207564,-0.05019587446,-0.1407858517,-0.056852576
fu_r3_core_pullback,trend_structure,next_open_1d,5,0.8,-0.261776459,-0.028991729580000004,-0.3400819653,-0.0405805457
fu_r3_core_pullback,trend_structure,next_open_2d,5,1.0,-0.27781788972,-0.030400113779999998,-0.2743947914,-0.038038428
fu_r3_core_pullback,trend_structure,next_open_3d,5,0.6,-0.15677980354,-0.047802836700000004,-0.2426790015,-0.0528368351
fu_r3_core_pullback,trend_structure,next_open_5d,5,1.0,-0.14993105232,-0.06341154898,-0.0819565647,-0.0627331041
fu_r3_core_pullback,trend_structure,protect_3pct_target6pct_3d,5,0.8,-0.17864636796,-0.014522050860000002,-0.1850762685,-0.008569074
ht_r3_core_pullback,flow_quality,fast_failure_2pct_target4pct_2d,5,1.0,-0.55105019,-0.03925301772,-0.5580057814,-0.0345303927
ht_r3_core_pullback,flow_quality,momentum_trail_4pct_5d,5,0.8,-0.34944114173999996,-0.03402009372,-0.3341298935,-0.0312684307
ht_r3_core_pullback,flow_quality,next_open_1d,5,0.8,-0.5216233186,-0.04097355566,-0.5254733553,-0.0433879681
ht_r3_core_pullback,flow_quality,next_open_2d,5,1.0,-0.33197094693999996,-0.035940346639999995,-0.2855418935,-0.0385790034
ht_r3_core_pullback,flow_quality,next_open_3d,5,0.4,-0.11910417188,-0.02158548072,-0.2208929702,-0.0362456186
ht_r3_core_pullback,flow_quality,next_open_5d,5,0.2,-0.08531448829999999,-0.010475828780000002,-0.0734886621,0.0010421407
ht_r3_core_pullback,flow_quality,protect_3pct_target6pct_3d,5,0.8,-0.5427659836600001,-0.04324030632,-0.5745439945,-0.0527637252
ht_r3_core_pullback,random_hash,fast_failure_2pct_target4pct_2d,5,0.8,-0.63871169368,-0.0338792704,-0.6622676654,-0.0428337987
ht_r3_core_pullback,random_hash,momentum_trail_4pct_5d,5,0.6,-0.38040807542,-0.01195837722,-0.34224464,-0.0145898776
ht_r3_core_pullback,random_hash,next_open_1d,5,1.0,-0.58477562042,-0.06156698052,-0.5788847646,-0.065522561
ht_r3_core_pullback,random_hash,next_open_2d,5,1.0,-0.38986874418,-0.04381678856,-0.3944675094,-0.0393226215
ht_r3_core_pullback,random_hash,next_open_3d,5,1.0,-0.25079621616,-0.03652997116,-0.2604275328,-0.042573997
ht_r3_core_pullback,random_hash,next_open_5d,5,0.6,-0.22040062367999996,-0.0065788376800000005,-0.3256374338,0.0008022706
ht_r3_core_pullback,random_hash,protect_3pct_target6pct_3d,5,0.8,-0.58549979372,-0.01852722224,-0.5866367162,-0.0095981106
ht_r3_core_pullback,sector_leader,fast_failure_2pct_target4pct_2d,5,1.0,-0.5789901841,-0.0639440573,-0.5789901841,-0.0639440573
ht_r3_core_pullback,sector_leader,momentum_trail_4pct_5d,5,1.0,-0.4513508546000001,-0.0811954425,-0.4513508546,-0.0811954425
ht_r3_core_pullback,sector_leader,next_open_1d,5,1.0,-0.4221197619,-0.082393967,-0.4221197619,-0.082393967
ht_r3_core_pullback,sector_leader,next_open_2d,5,1.0,-0.23832895110000002,-0.0482128426,-0.2383289511,-0.0482128426
ht_r3_core_pullback,sector_leader,next_open_3d,5,1.0,-0.388011931,-0.0674984856,-0.388011931,-0.0674984856
ht_r3_core_pullback,sector_leader,next_open_5d,5,0.0,0.02170607,-0.0088156606,0.02170607,-0.0088156606
ht_r3_core_pullback,sector_leader,protect_3pct_target6pct_3d,5,1.0,-0.5618830181,-0.0494541508,-0.5618830181,-0.0494541508
ht_r3_core_pullback,trend_structure,fast_failure_2pct_target4pct_2d,5,0.8,-0.6387833655799999,-0.010451237620000001,-0.6776588315,-0.0192994026
ht_r3_core_pullback,trend_structure,momentum_trail_4pct_5d,5,0.4,-0.57694889064,-0.001187055540000001,-0.629188091,0.0183424968
ht_r3_core_pullback,trend_structure,next_open_1d,5,1.0,-0.69112356822,-0.03513546366,-0.6897841124,-0.0340740239
ht_r3_core_pullback,trend_structure,next_open_2d,5,0.2,-0.45905037952,0.0221099489,-0.4459664133,0.0282150771
ht_r3_core_pullback,trend_structure,next_open_3d,5,0.8,-0.39684510378,-0.00797126004,-0.4022819306,-0.0142663433
ht_r3_core_pullback,trend_structure,next_open_5d,5,0.6,-0.28526717856,-0.006934958959999999,-0.2857960265,-0.0040616394
ht_r3_core_pullback,trend_structure,protect_3pct_target6pct_3d,5,0.4,-0.6301843932800001,0.00834679706,-0.6229691227,0.0073147292
ng_r1_auction_reclaim,flow_quality,fast_failure_2pct_target4pct_2d,5,0.6,-0.10574724788,-0.009904956900000001,-0.1223191005,-0.0101088152
ng_r1_auction_reclaim,flow_quality,momentum_trail_4pct_5d,5,0.4,-0.004077098619999997,-0.015132472260000002,-0.0708497516,-0.0051167132
ng_r1_auction_reclaim,flow_quality,next_open_1d,5,0.2,-0.13001467966,0.028379289620000005,-0.1674553402,0.0255970607
ng_r1_auction_reclaim,flow_quality,next_open_2d,5,0.8,-0.14074516824,-0.00901700462,-0.1595825505,-0.0203869866
ng_r1_auction_reclaim,flow_quality,next_open_3d,5,0.4,-0.011761844179999998,-0.01022351472,0.0085265707,-0.0184054809
ng_r1_auction_reclaim,flow_quality,next_open_5d,5,1.0,-0.16937038512,-0.028328891919999998,-0.1802099478,-0.0280533357
ng_r1_auction_reclaim,flow_quality,protect_3pct_target6pct_3d,5,0.6,-0.0740275597,-0.017327305100000003,-0.0642623407,-0.0160528396
ng_r1_auction_reclaim,random_hash,fast_failure_2pct_target4pct_2d,5,0.6,-0.08970856416,-0.011429339739999999,-0.1222930785,-0.0108758911
ng_r1_auction_reclaim,random_hash,momentum_trail_4pct_5d,5,0.6,-0.03440161128000001,-0.02289573738,-0.064658463,-0.0378608948
ng_r1_auction_reclaim,random_hash,next_open_1d,5,0.6,-0.11539996402,0.0055699005400000005,-0.157885047,0.0042168215
ng_r1_auction_reclaim,random_hash,next_open_2d,5,0.6,-0.18047072718,0.000412146020000001,-0.2679367421,0.0025395159
ng_r1_auction_reclaim,random_hash,next_open_3d,5,0.6,0.0036624440400000015,-0.00979837668,-0.0030057635,-0.011771791
ng_r1_auction_reclaim,random_hash,next_open_5d,5,0.6,-0.05254362832,-0.023574675679999997,-0.0626975157,-0.0355868402
ng_r1_auction_reclaim,random_hash,protect_3pct_target6pct_3d,5,0.8,-0.01695587812,-0.013904309240000001,-0.0389037833,-0.0055913156
ng_r1_auction_reclaim,sector_leader,fast_failure_2pct_target4pct_2d,5,0.0,-0.1260333532,0.048981217,-0.1260333532,0.048981217
ng_r1_auction_reclaim,sector_leader,momentum_trail_4pct_5d,5,0.0,0.1212264881,-0.0998250932,0.1212264881,-0.0998250932
ng_r1_auction_reclaim,sector_leader,next_open_1d,5,0.0,-0.05458177830000001,0.0269319322,-0.0545817783,0.0269319322
ng_r1_auction_reclaim,sector_leader,next_open_2d,5,1.0,-0.1429228107,-0.0367653034,-0.1429228107,-0.0367653034
ng_r1_auction_reclaim,sector_leader,next_open_3d,5,1.0,-0.20007464879999998,-0.068266986,-0.2000746488,-0.068266986
ng_r1_auction_reclaim,sector_leader,next_open_5d,5,0.0,0.46066969750000003,-0.0419543678,0.4606696975,-0.0419543678
ng_r1_auction_reclaim,sector_leader,protect_3pct_target6pct_3d,5,1.0,0.0408863578,0.0146195768,0.0408863578,0.0146195768
ng_r1_auction_reclaim,trend_structure,fast_failure_2pct_target4pct_2d,5,0.0,-0.25109217893999997,0.01564913238,-0.2536235474,0.0151095689
ng_r1_auction_reclaim,trend_structure,momentum_trail_4pct_5d,5,0.6,-0.22913654432000002,0.00021247408000000002,-0.2404059386,-0.0013112602
ng_r1_auction_reclaim,trend_structure,next_open_1d,5,0.0,-0.34594443184,0.010080845080000001,-0.3294210447,0.0105692817
ng_r1_auction_reclaim,trend_structure,next_open_2d,5,1.0,-0.31981393742,-0.0096349225,-0.3323379558,-0.0096349225
ng_r1_auction_reclaim,trend_structure,next_open_3d,5,1.0,-0.24122333357999998,-0.0153428497,-0.2390306377,-0.0153428497
ng_r1_auction_reclaim,trend_structure,next_open_5d,5,0.0,-0.38729882362,0.0123239904,-0.3875002401,0.0123239904
ng_r1_auction_reclaim,trend_structure,protect_3pct_target6pct_3d,5,0.0,-0.23564231923999998,0.0035543134400000003,-0.2352199307,0.0046095056
ng_r3_volume_quality,flow_quality,fast_failure_2pct_target4pct_2d,5,0.8,-0.48250427405999996,-0.025066326639999997,-0.472527255,-0.0197568805
ng_r3_volume_quality,flow_quality,momentum_trail_4pct_5d,5,0.8,-0.27243196162,-0.031625222120000004,-0.3642879186,-0.0315622885
ng_r3_volume_quality,flow_quality,next_open_1d,5,0.8,-0.57555876196,-0.0313820966,-0.5757644154,-0.0363417855
ng_r3_volume_quality,flow_quality,next_open_2d,5,0.4,-0.24884000512,-0.001276643899999999,-0.3009906958,0.0109963993
ng_r3_volume_quality,flow_quality,next_open_3d,5,0.6,-0.014483761180000007,-0.00803209008,0.0204877396,-0.0035821472
ng_r3_volume_quality,flow_quality,next_open_5d,5,0.6,-0.12864905634,-0.01954643668,-0.1462580107,-0.0295619625
ng_r3_volume_quality,flow_quality,protect_3pct_target6pct_3d,5,0.8,-0.39563162842,-0.02658746648,-0.3835220731,-0.0430882855
ng_r3_volume_quality,random_hash,fast_failure_2pct_target4pct_2d,5,1.0,-0.48496030464000006,-0.04276701946,-0.5314728811,-0.0468171233
ng_r3_volume_quality,random_hash,momentum_trail_4pct_5d,5,1.0,-0.21907509038,-0.027443369540000002,-0.2284916369,-0.0198507182
ng_r3_volume_quality,random_hash,next_open_1d,5,1.0,-0.5776177461199999,-0.03422045898,-0.5685512448,-0.0433372507
ng_r3_volume_quality,random_hash,next_open_2d,5,0.6,-0.3257429904,-0.01391112526,-0.3751291381,-0.0030199225
ng_r3_volume_quality,random_hash,next_open_3d,5,0.8,-0.1512055279,-0.01627706744,-0.0936200867,-0.0150955857
ng_r3_volume_quality,random_hash,next_open_5d,5,0.6,-0.14951201706,-0.024980034800000002,-0.1778606748,-0.0272343425
ng_r3_volume_quality,random_hash,protect_3pct_target6pct_3d,5,0.8,-0.32376122116,-0.04122461652,-0.3545719837,-0.0377087578
ng_r3_volume_quality,sector_leader,fast_failure_2pct_target4pct_2d,5,1.0,-0.48742359999999996,-0.0406265911,-0.4874236,-0.0406265911
ng_r3_volume_quality,sector_leader,momentum_trail_4pct_5d,5,1.0,-0.4895362337,-0.12259943930000002,-0.4895362337,-0.1225994393
ng_r3_volume_quality,sector_leader,next_open_1d,5,1.0,-0.4460258469999999,-0.0603969593,-0.446025847,-0.0603969593
ng_r3_volume_quality,sector_leader,next_open_2d,5,1.0,0.0169288256,0.0326361408,0.0169288256,0.0326361408
ng_r3_volume_quality,sector_leader,next_open_3d,5,1.0,-0.2207219093,-0.0062693597,-0.2207219093,-0.0062693597
ng_r3_volume_quality,sector_leader,next_open_5d,5,1.0,-0.1539859986,-0.0131385006,-0.1539859986,-0.0131385006
ng_r3_volume_quality,sector_leader,protect_3pct_target6pct_3d,5,1.0,-0.6044361628,-0.055654069900000006,-0.6044361628,-0.0556540699
ng_r3_volume_quality,trend_structure,fast_failure_2pct_target4pct_2d,5,1.0,-0.73037899416,-0.06284332888000001,-0.7443585627,-0.0739042031
ng_r3_volume_quality,trend_structure,momentum_trail_4pct_5d,5,0.8,-0.45831289216000004,-0.008360684140000001,-0.3874726567,-0.0103183935
ng_r3_volume_quality,trend_structure,next_open_1d,5,1.0,-0.7067462638,-0.07293212101999999,-0.7062498623,-0.0834788751
ng_r3_volume_quality,trend_structure,next_open_2d,5,0.6,-0.55091722284,-0.030351129119999997,-0.5101670467,-0.0284872032
ng_r3_volume_quality,trend_structure,next_open_3d,5,0.8,-0.30720989072,-0.04603162606,-0.2661995531,-0.0497179303
ng_r3_volume_quality,trend_structure,next_open_5d,5,0.6,-0.46110803104000003,-0.01609025646,-0.4614613152,-0.0349666134
ng_r3_volume_quality,trend_structure,protect_3pct_target6pct_3d,5,0.6,-0.6201059822599999,-0.01424551376,-0.6352958557,-0.013275882
s0_distance_only,flow_quality,fast_failure_2pct_target4pct_2d,5,1.0,-0.44269948378000007,-0.052676471540000006,-0.4316506013,-0.0606063083
s0_distance_only,flow_quality,momentum_trail_4pct_5d,5,0.8,-0.17343243128000002,-0.03883362606,-0.1604514876,-0.02937753
s0_distance_only,flow_quality,next_open_1d,5,1.0,-0.5082197031,-0.051768616239999996,-0.4936505626,-0.0548589332
s0_distance_only,flow_quality,next_open_2d,5,0.8,-0.24117130109999999,-0.031337321200000004,-0.2356796641,-0.0389284773
s0_distance_only,flow_quality,next_open_3d,5,0.8,-0.12037280556,-0.03588525762,-0.1981382326,-0.0365487625
s0_distance_only,flow_quality,next_open_5d,5,0.6,-0.004447424900000008,-0.04174172512,-0.0598265523,-0.0450821749
s0_distance_only,flow_quality,protect_3pct_target6pct_3d,5,0.8,-0.25559935066,-0.029491483460000002,-0.2066757843,-0.0281918487
s0_distance_only,random_hash,fast_failure_2pct_target4pct_2d,5,0.8,-0.3819578094,-0.05442048026,-0.3777099391,-0.0655554109
s0_distance_only,random_hash,momentum_trail_4pct_5d,5,1.0,-0.22879976924000003,-0.02978086726,-0.1844261281,-0.0222594039
s0_distance_only,random_hash,next_open_1d,5,1.0,-0.49146928032000003,-0.05141110602,-0.5172317546,-0.0533503888
s0_distance_only,random_hash,next_open_2d,5,0.8,-0.22441954604000003,-0.031091838160000003,-0.2356175664,-0.0389284773
s0_distance_only,random_hash,next_open_3d,5,0.8,-0.12994556908,-0.03566344452,-0.1873504803,-0.0401113298
s0_distance_only,random_hash,next_open_5d,5,0.8,-0.014495852939999998,-0.0378346316,-0.0859823655,-0.0450821749
s0_distance_only,random_hash,protect_3pct_target6pct_3d,5,0.6,-0.3087553579,-0.02967734348,-0.3918404565,-0.0384917825
s0_distance_only,sector_leader,fast_failure_2pct_target4pct_2d,5,1.0,-0.5864905244,-0.0961078979,-0.5864905244,-0.0961078979
s0_distance_only,sector_leader,momentum_trail_4pct_5d,5,1.0,-0.4854309969,-0.1443530667,-0.4854309969,-0.1443530667
s0_distance_only,sector_leader,next_open_1d,5,1.0,-0.5588599332,-0.1375624919,-0.5588599332,-0.1375624919
s0_distance_only,sector_leader,next_open_2d,5,1.0,-0.0069028537,-0.0227626999,-0.0069028537,-0.0227626999
s0_distance_only,sector_leader,next_open_3d,5,1.0,-0.1082410139,-0.1617494503,-0.1082410139,-0.1617494503
s0_distance_only,sector_leader,next_open_5d,5,1.0,-0.0202478586,-0.0863066343,-0.0202478586,-0.0863066343
s0_distance_only,sector_leader,protect_3pct_target6pct_3d,5,1.0,-0.2792876306,-0.1654246531,-0.2792876306,-0.1654246531
s0_distance_only,trend_structure,fast_failure_2pct_target4pct_2d,5,1.0,-0.5774241349,-0.05777068892,-0.6206845425,-0.0693187635
s0_distance_only,trend_structure,momentum_trail_4pct_5d,5,0.8,-0.38386028292,-0.0389539536,-0.3820409165,-0.0587062025
s0_distance_only,trend_structure,next_open_1d,5,1.0,-0.46822596066,-0.0680644379,-0.4473978805,-0.0659227442
s0_distance_only,trend_structure,next_open_2d,5,0.8,-0.49094428160000003,-0.05609585471999999,-0.4796292784,-0.0523611413
s0_distance_only,trend_structure,next_open_3d,5,1.0,-0.41647559084,-0.05739258128,-0.4289945723,-0.0637817066
s0_distance_only,trend_structure,next_open_5d,5,0.8,-0.10452597593999999,-0.036892692959999994,-0.099730632,-0.050926553
s0_distance_only,trend_structure,protect_3pct_target6pct_3d,5,1.0,-0.5264618939,-0.06879060008,-0.531063631,-0.0591145798
s0_strong_no_ma,flow_quality,fast_failure_2pct_target4pct_2d,5,0.8,-0.54719378342,-0.03563076558,-0.5110228377,-0.0169848602
s0_strong_no_ma,flow_quality,momentum_trail_4pct_5d,5,1.0,-0.37915197475999995,-0.02865933242,-0.3829707448,-0.0308048847
s0_strong_no_ma,flow_quality,next_open_1d,5,1.0,-0.5089365083,-0.06570287554000001,-0.5475892235,-0.0567981242
s0_strong_no_ma,flow_quality,next_open_2d,5,1.0,-0.44371261353999997,-0.050437858,-0.5113569969,-0.0352514679
s0_strong_no_ma,flow_quality,next_open_3d,5,0.8,-0.26888311248,-0.07698254373999999,-0.3132073356,-0.0847972079
s0_strong_no_ma,flow_quality,next_open_5d,5,0.8,-0.14947526338,-0.0171050229,-0.2413536184,-0.0107886928
s0_strong_no_ma,flow_quality,protect_3pct_target6pct_3d,5,1.0,-0.4115831656,-0.0761384255,-0.3407012788,-0.0898535724
s0_strong_no_ma,random_hash,fast_failure_2pct_target4pct_2d,5,0.8,-0.45248438344,-0.04821494006,-0.4347790971,-0.0326312442
s0_strong_no_ma,random_hash,momentum_trail_4pct_5d,5,0.8,-0.3027572617,-0.02965893724,-0.3703787868,-0.0255674812
s0_strong_no_ma,random_hash,next_open_1d,5,1.0,-0.4900306393599999,-0.0621519501,-0.5263195244,-0.0567981242
s0_strong_no_ma,random_hash,next_open_2d,5,1.0,-0.42281823044,-0.04564969346,-0.463516147,-0.0352514679
s0_strong_no_ma,random_hash,next_open_3d,5,0.8,-0.23187143282,-0.07738830886,-0.3044896701,-0.0847972079
s0_strong_no_ma,random_hash,next_open_5d,5,0.6,-0.10917543250000002,-0.0171050229,-0.1872588717,-0.0107886928
s0_strong_no_ma,random_hash,protect_3pct_target6pct_3d,5,1.0,-0.45619645314,-0.07108140892,-0.4293941309,-0.071690355
s0_strong_no_ma,sector_leader,fast_failure_2pct_target4pct_2d,5,1.0,-0.3428268882,-0.0395802972,-0.3428268882,-0.0395802972
s0_strong_no_ma,sector_leader,momentum_trail_4pct_5d,5,0.0,0.0048789537,-0.0002642053,0.0048789537,-0.0002642053
s0_strong_no_ma,sector_leader,next_open_1d,5,0.0,0.1271284622,-0.0243563355,0.1271284622,-0.0243563355
s0_strong_no_ma,sector_leader,next_open_2d,5,1.0,-0.3637848015,-0.0237597767,-0.3637848015,-0.0237597767
s0_strong_no_ma,sector_leader,next_open_3d,5,1.0,-0.2825416499,-0.0178666509,-0.2825416499,-0.0178666509
s0_strong_no_ma,sector_leader,next_open_5d,5,0.0,0.4310192018,-0.0901488266,0.4310192018,-0.0901488266
s0_strong_no_ma,sector_leader,protect_3pct_target6pct_3d,5,0.0,-0.2610120716,0.013726111500000002,-0.2610120716,0.0137261115
s0_strong_no_ma,trend_structure,fast_failure_2pct_target4pct_2d,5,1.0,-0.49366617692000003,-0.05089207496,-0.5248539208,-0.0407479958
s0_strong_no_ma,trend_structure,momentum_trail_4pct_5d,5,0.8,-0.28569049292,-0.0387748918,-0.2976069265,-0.0466936991
s0_strong_no_ma,trend_structure,next_open_1d,5,0.8,-0.46416963569999997,0.03042406138,-0.4656300279,-0.0495727419
s0_strong_no_ma,trend_structure,next_open_2d,5,0.6,-0.53756389846,-0.0441506963,-0.5393307966,-0.0451540939
s0_strong_no_ma,trend_structure,next_open_3d,5,0.6,-0.54922724962,-0.025785221960000004,-0.614629103,-0.060367151
s0_strong_no_ma,trend_structure,next_open_5d,5,0.8,-0.31252834578,-0.02684987882,-0.4296033011,-0.0273112312
s0_strong_no_ma,trend_structure,protect_3pct_target6pct_3d,5,0.8,-0.42121122295999996,-0.05602926558,-0.4211481166,-0.0627077919
s1_break_reclaim_stable3,flow_quality,fast_failure_2pct_target4pct_2d,5,0.4,-0.45063570653999996,0.003723295319999999,-0.4700910329,0.0073263046
s1_break_reclaim_stable3,flow_quality,momentum_trail_4pct_5d,5,0.8,-0.28631356943999997,-0.00715965566,-0.3055416696,-0.0088328449
s1_break_reclaim_stable3,flow_quality,next_open_1d,5,0.4,-0.41193036414,-0.00041546846,-0.4530042214,0.0012844421
s1_break_reclaim_stable3,flow_quality,next_open_2d,5,0.4,-0.13107116552,0.023509367460000003,-0.1434247998,0.0101707984
s1_break_reclaim_stable3,flow_quality,next_open_3d,5,0.6,-0.0471478467,-0.00397622112,0.0278105603,0.0017771698
s1_break_reclaim_stable3,flow_quality,next_open_5d,5,0.4,-0.11725485367999999,-0.006742760740000001,-0.1333504854,-0.0127290717
s1_break_reclaim_stable3,flow_quality,protect_3pct_target6pct_3d,5,1.0,-0.35805606506,-0.02194733914,-0.3761198083,-0.0224669466
s1_break_reclaim_stable3,random_hash,fast_failure_2pct_target4pct_2d,5,0.4,-0.40118225366000004,-0.00338052064,-0.3934146178,0.0026901048
s1_break_reclaim_stable3,random_hash,momentum_trail_4pct_5d,5,0.8,-0.33767675228,-0.01731654334,-0.3304490985,-0.0157209755
s1_break_reclaim_stable3,random_hash,next_open_1d,5,0.8,-0.40932134824000005,-0.00494595234,-0.4308535692,-0.0069797927
s1_break_reclaim_stable3,random_hash,next_open_2d,5,0.4,-0.15135182894,0.02178091908,-0.1587872864,0.0069519155
s1_break_reclaim_stable3,random_hash,next_open_3d,5,0.2,-0.05411452860000001,-0.0053151862000000005,-0.0019142849,-0.0044119549
s1_break_reclaim_stable3,random_hash,next_open_5d,5,0.4,-0.13314925760000001,-0.00325584832,-0.0988760979,-0.0127290717
s1_break_reclaim_stable3,random_hash,protect_3pct_target6pct_3d,5,0.8,-0.34539318198,-0.01098275366,-0.3914260715,-0.0041889045
s1_break_reclaim_stable3,sector_leader,fast_failure_2pct_target4pct_2d,5,1.0,-0.5984441312,-0.0607682902,-0.5984441312,-0.0607682902
s1_break_reclaim_stable3,sector_leader,momentum_trail_4pct_5d,5,1.0,-0.5711741931,-0.1153628602,-0.5711741931,-0.1153628602
s1_break_reclaim_stable3,sector_leader,next_open_1d,5,1.0,-0.3938022836,-0.0457614568,-0.3938022836,-0.0457614568
s1_break_reclaim_stable3,sector_leader,next_open_2d,5,1.0,-0.24639384829999997,-0.0642236376,-0.2463938483,-0.0642236376
s1_break_reclaim_stable3,sector_leader,next_open_3d,5,1.0,-0.10806787739999998,-0.0077178288,-0.1080678774,-0.0077178288
s1_break_reclaim_stable3,sector_leader,next_open_5d,5,1.0,-0.40575881789999996,-0.0521708852,-0.4057588179,-0.0521708852
s1_break_reclaim_stable3,sector_leader,protect_3pct_target6pct_3d,5,1.0,-0.53456018884,-0.1003876638,-0.5345544966,-0.1003876638
s1_break_reclaim_stable3,trend_structure,fast_failure_2pct_target4pct_2d,5,0.8,-0.61156103142,-0.03625397962,-0.5903456867,-0.0435033437
s1_break_reclaim_stable3,trend_structure,momentum_trail_4pct_5d,5,0.6,-0.43277758962,-0.01808746138,-0.4717150732,-0.0265898098
s1_break_reclaim_stable3,trend_structure,next_open_1d,5,0.6,-0.5394275364600001,-0.03805754132,-0.5308180286,-0.0593090682
s1_break_reclaim_stable3,trend_structure,next_open_2d,5,0.6,-0.54972710236,-0.026342718239999997,-0.5187590136,-0.0547767669
s1_break_reclaim_stable3,trend_structure,next_open_3d,5,0.6,-0.07590077118,-0.0318413748,-0.0854997765,-0.0461810678
s1_break_reclaim_stable3,trend_structure,next_open_5d,5,0.8,-0.24150657301999998,-0.02908216944,-0.2758189283,-0.0303542442
s1_break_reclaim_stable3,trend_structure,protect_3pct_target6pct_3d,5,0.2,-0.50210874124,0.00307077076,-0.5212465091,0.0049431766
s1_near_reversal,flow_quality,fast_failure_2pct_target4pct_2d,5,1.0,-0.4913895099,-0.0382923991,-0.5483934816,-0.0396840351
s1_near_reversal,flow_quality,momentum_trail_4pct_5d,5,0.8,-0.24754060732000002,-0.03167278236,-0.3741004647,-0.0285909697
s1_near_reversal,flow_quality,next_open_1d,5,0.6,-0.46620705372,-0.026559799819999997,-0.4870229395,-0.0463237308
s1_near_reversal,flow_quality,next_open_2d,5,0.8,-0.27446426422000003,-0.017603507159999997,-0.240561684,-0.0178094335
s1_near_reversal,flow_quality,next_open_3d,5,1.0,-0.19965205446,-0.02765423278,-0.2223615639,-0.0200761276
s1_near_reversal,flow_quality,next_open_5d,5,1.0,-0.13740303656000002,-0.034748790880000005,-0.1257434923,-0.0401466823
s1_near_reversal,flow_quality,protect_3pct_target6pct_3d,5,0.8,-0.40029253546000004,-0.02165718452,-0.5073264076,-0.0163888493
s1_near_reversal,random_hash,fast_failure_2pct_target4pct_2d,5,1.0,-0.49408423904000004,-0.04420764178,-0.5023134888,-0.0469727007
s1_near_reversal,random_hash,momentum_trail_4pct_5d,5,0.8,-0.12611434145999997,-0.01578236502,-0.1691530872,-0.0141634152
s1_near_reversal,random_hash,next_open_1d,5,0.6,-0.4447699464,-0.030708779539999998,-0.4608816207,-0.0507624855
s1_near_reversal,random_hash,next_open_2d,5,1.0,-0.26375771678,-0.02076146082,-0.2253450132,-0.0178094335
s1_near_reversal,random_hash,next_open_3d,5,1.0,-0.18202842594,-0.028477993,-0.2252105147,-0.0200761276
s1_near_reversal,random_hash,next_open_5d,5,1.0,-0.12339865643999999,-0.036324601899999996,-0.1138890154,-0.0401466823
s1_near_reversal,random_hash,protect_3pct_target6pct_3d,5,0.8,-0.36821304356,-0.015828107619999997,-0.3365417917,-0.0241817339
s1_near_reversal,sector_leader,fast_failure_2pct_target4pct_2d,5,1.0,-0.0748420753,-0.0780126768,-0.0748420753,-0.0780126768
s1_near_reversal,sector_leader,momentum_trail_4pct_5d,5,1.0,-0.0935710991,-0.0554444825,-0.0935710991,-0.0554444825
s1_near_reversal,sector_leader,next_open_1d,5,1.0,-0.1706955193,-0.0350986535,-0.1706955193,-0.0350986535
s1_near_reversal,sector_leader,next_open_2d,5,1.0,0.1170160517,0.0499776689,0.1170160517,0.0499776689
s1_near_reversal,sector_leader,next_open_3d,5,0.0,0.2527672571,-0.0161971458,0.2527672571,-0.0161971458
s1_near_reversal,sector_leader,next_open_5d,5,1.0,-0.0023993644,-0.0590110242,-0.0023993644,-0.0590110242
s1_near_reversal,sector_leader,protect_3pct_target6pct_3d,5,1.0,-0.22301832399999996,-0.0969997702,-0.223018324,-0.0969997702
s1_near_reversal,trend_structure,fast_failure_2pct_target4pct_2d,5,1.0,-0.49620006192000005,-0.04203871192,-0.508937719,-0.0410224204
s1_near_reversal,trend_structure,momentum_trail_4pct_5d,5,0.8,-0.38044694922,-0.03118678194,-0.3689661616,-0.033705722
s1_near_reversal,trend_structure,next_open_1d,5,1.0,-0.53037633916,-0.0433035907,-0.5403815252,-0.0450469867
s1_near_reversal,trend_structure,next_open_2d,5,1.0,-0.5424038794999999,-0.044284318020000005,-0.5506544612,-0.0528751831
s1_near_reversal,trend_structure,next_open_3d,5,0.6,-0.43157056897999996,-0.012939678739999998,-0.4681458494,-0.0257371412
s1_near_reversal,trend_structure,next_open_5d,5,1.0,-0.1992928649,-0.020928722,-0.2216286865,-0.0136543215
s1_near_reversal,trend_structure,protect_3pct_target6pct_3d,5,1.0,-0.50089488746,-0.03835971204,-0.4630914602,-0.0428754125
s1_touch_immediate,flow_quality,fast_failure_2pct_target4pct_2d,5,0.8,-0.3666292796,-0.020399592299999998,-0.3687853431,-0.0321581368
s1_touch_immediate,flow_quality,momentum_trail_4pct_5d,5,0.8,-0.24786635372000002,-0.03540799942,-0.3415881181,-0.024937465
s1_touch_immediate,flow_quality,next_open_1d,5,1.0,-0.35596757228000003,-0.04241164186,-0.3297499812,-0.0471184639
s1_touch_immediate,flow_quality,next_open_2d,5,0.8,-0.11291029932,-0.03047590628,-0.1717597649,-0.0305281952
s1_touch_immediate,flow_quality,next_open_3d,5,0.6,-0.14169252691999998,-0.0276890938,-0.136329077,-0.0346362361
s1_touch_immediate,flow_quality,next_open_5d,5,1.0,-0.22152353688,-0.060919337899999995,-0.2014318381,-0.0657645034
s1_touch_immediate,flow_quality,protect_3pct_target6pct_3d,5,0.8,-0.32384966051999997,-0.027261324240000002,-0.3170820692,-0.0361563341
s1_touch_immediate,random_hash,fast_failure_2pct_target4pct_2d,5,0.8,-0.41634880444,-0.01705741284,-0.4675618399,-0.0254619039
s1_touch_immediate,random_hash,momentum_trail_4pct_5d,5,0.8,-0.29136972650000004,-0.02763826226,-0.3249758483,-0.038503888
s1_touch_immediate,random_hash,next_open_1d,5,1.0,-0.36192999152,-0.039754833239999995,-0.3912688493,-0.0389614597
s1_touch_immediate,random_hash,next_open_2d,5,0.8,-0.10132738554000001,-0.03061241824,-0.1378828601,-0.0313798971
s1_touch_immediate,random_hash,next_open_3d,5,0.6,-0.13065386276000002,-0.02608684126,-0.0710905228,-0.0254804847
s1_touch_immediate,random_hash,next_open_5d,5,1.0,-0.19866990108,-0.06165395812,-0.1936922287,-0.0657645034
s1_touch_immediate,random_hash,protect_3pct_target6pct_3d,5,1.0,-0.42907225897999995,-0.03380088578,-0.4235720934,-0.0361878983
s1_touch_immediate,sector_leader,fast_failure_2pct_target4pct_2d,5,1.0,-0.541364921,-0.0571578141,-0.541364921,-0.0571578141
s1_touch_immediate,sector_leader,momentum_trail_4pct_5d,5,1.0,-0.385084977,-0.0977073101,-0.385084977,-0.0977073101
s1_touch_immediate,sector_leader,next_open_1d,5,0.0,-0.5317254694,0.0031361238,-0.5317254694,0.0031361238
s1_touch_immediate,sector_leader,next_open_2d,5,0.0,-0.5351020994,0.0019032688,-0.5351020994,0.0019032688
s1_touch_immediate,sector_leader,next_open_3d,5,1.0,-0.3308816556,-0.0839559332,-0.3308816556,-0.0839559332
s1_touch_immediate,sector_leader,next_open_5d,5,1.0,-0.20751656069999996,-0.0753048995,-0.2075165607,-0.0753048995
s1_touch_immediate,sector_leader,protect_3pct_target6pct_3d,5,1.0,-0.40598041244000005,-0.1248592176,-0.4059401094,-0.1248592176
s1_touch_immediate,trend_structure,fast_failure_2pct_target4pct_2d,5,1.0,-0.52966581068,-0.07925395332,-0.4965401838,-0.0798829849
s1_touch_immediate,trend_structure,momentum_trail_4pct_5d,5,1.0,-0.31802042068,-0.04881383822,-0.2292885583,-0.0577406263
s1_touch_immediate,trend_structure,next_open_1d,5,1.0,-0.52289037902,-0.09922944924,-0.6225425746,-0.1052037663
s1_touch_immediate,trend_structure,next_open_2d,5,1.0,-0.38638846561999995,-0.057850749140000005,-0.4158779488,-0.0481388546
s1_touch_immediate,trend_structure,next_open_3d,5,0.6,-0.19266456982,-0.05677125674,-0.3474781507,-0.0637984435
s1_touch_immediate,trend_structure,next_open_5d,5,0.8,-0.1862181098,-0.0445006032,-0.2117701088,-0.0272441647
s1_touch_immediate,trend_structure,protect_3pct_target6pct_3d,5,1.0,-0.40868289286000004,-0.0532145801,-0.4644144759,-0.0564136722
s1_touch_reclaim,flow_quality,fast_failure_2pct_target4pct_2d,5,0.8,-0.36204097082,-0.02508734308,-0.3649098107,-0.0332685296
s1_touch_reclaim,flow_quality,momentum_trail_4pct_5d,5,0.6,-0.21805096532,-0.00945796656,-0.2437000234,-0.0025669128
s1_touch_reclaim,flow_quality,next_open_1d,5,1.0,-0.3921632503,-0.0547471509,-0.3879076644,-0.0737460916
s1_touch_reclaim,flow_quality,next_open_2d,5,0.8,-0.30227319308,-0.035054775780000005,-0.3837983535,-0.0541933617
s1_touch_reclaim,flow_quality,next_open_3d,5,0.6,-0.09571171028,-0.04426316358,-0.0900026436,-0.0582355099
s1_touch_reclaim,flow_quality,next_open_5d,5,0.8,-0.10557405154000002,-0.028705578580000002,-0.059515735,-0.0388062567
s1_touch_reclaim,flow_quality,protect_3pct_target6pct_3d,5,1.0,-0.26308298106,-0.04313513024,-0.2402825558,-0.0342567793
s1_touch_reclaim,random_hash,fast_failure_2pct_target4pct_2d,5,0.6,-0.24174959054,-0.021745287199999998,-0.2830570896,-0.0151270273
s1_touch_reclaim,random_hash,momentum_trail_4pct_5d,5,0.6,-0.25843265836,-0.02787784628,-0.3258299329,-0.0162104518
s1_touch_reclaim,random_hash,next_open_1d,5,1.0,-0.40316058278,-0.05429750273999999,-0.4062422208,-0.0744217936
s1_touch_reclaim,random_hash,next_open_2d,5,0.8,-0.3079793811,-0.03611829478,-0.4034725946,-0.0541933617
s1_touch_reclaim,random_hash,next_open_3d,5,0.6,-0.10110434609999999,-0.042669357660000004,-0.1028156668,-0.0546739474
s1_touch_reclaim,random_hash,next_open_5d,5,0.8,-0.10771506166,-0.028705578580000002,-0.0848528954,-0.0388062567
s1_touch_reclaim,random_hash,protect_3pct_target6pct_3d,5,1.0,-0.2861891889,-0.04132508366,-0.3185289396,-0.0345167218
s1_touch_reclaim,sector_leader,fast_failure_2pct_target4pct_2d,5,1.0,-0.5464098567,-0.025992175299999996,-0.5464098567,-0.0259921753
s1_touch_reclaim,sector_leader,momentum_trail_4pct_5d,5,1.0,-0.2814076315,-0.0855712607,-0.2814076315,-0.0855712607
s1_touch_reclaim,sector_leader,next_open_1d,5,0.0,-0.4851012937,0.0301423975,-0.4851012937,0.0301423975
s1_touch_reclaim,sector_leader,next_open_2d,5,0.0,-0.3972325343,0.0396697379,-0.3972325343,0.0396697379
s1_touch_reclaim,sector_leader,next_open_3d,5,1.0,-0.2795879906,-0.031567053,-0.2795879906,-0.031567053
s1_touch_reclaim,sector_leader,next_open_5d,5,1.0,-0.1139709668,-0.0326303712,-0.1139709668,-0.0326303712
s1_touch_reclaim,sector_leader,protect_3pct_target6pct_3d,5,1.0,-0.2807851928,-0.0266109569,-0.2807851928,-0.0266109569
s1_touch_reclaim,trend_structure,fast_failure_2pct_target4pct_2d,5,1.0,-0.5107963519800001,-0.06211752793999999,-0.5435248171,-0.0545847764
s1_touch_reclaim,trend_structure,momentum_trail_4pct_5d,5,0.8,-0.28104088038,-0.036887772060000004,-0.3229617106,-0.0318715534
s1_touch_reclaim,trend_structure,next_open_1d,5,1.0,-0.51632871658,-0.08457863260000001,-0.6107969999,-0.0868920272
s1_touch_reclaim,trend_structure,next_open_2d,5,1.0,-0.28766154504,-0.052156156220000006,-0.2274752313,-0.0482145165
s1_touch_reclaim,trend_structure,next_open_3d,5,0.2,0.1018105335,-0.0611887353,0.0886634294,-0.0592165633
s1_touch_reclaim,trend_structure,next_open_5d,5,0.2,0.03447523304,-0.03243132276,0.0178703212,-0.0328013374
s1_touch_reclaim,trend_structure,protect_3pct_target6pct_3d,5,1.0,-0.39306770358,-0.049767244,-0.458242989,-0.03365187
s2_first_touch_reclaim,flow_quality,fast_failure_2pct_target4pct_2d,5,1.0,-0.35734116908,-0.04073658168,-0.3635785524,-0.0465733027
s2_first_touch_reclaim,flow_quality,momentum_trail_4pct_5d,5,1.0,-0.21793467274,-0.03716414236,-0.2105406007,-0.0253474472
s2_first_touch_reclaim,flow_quality,next_open_1d,5,1.0,-0.35149691835999997,-0.0601332951,-0.3096880782,-0.0488598242
s2_first_touch_reclaim,flow_quality,next_open_2d,5,0.6,-0.27990929111999996,-0.04953928238000001,-0.3192482238,-0.0484592802
s2_first_touch_reclaim,flow_quality,next_open_3d,5,0.6,-0.24291427836,-0.03506468816,-0.1199675915,-0.0281367175
s2_first_touch_reclaim,flow_quality,next_open_5d,5,0.6,-0.24770962566,-0.038686692720000006,-0.2834996469,-0.041320635
s2_first_touch_reclaim,flow_quality,protect_3pct_target6pct_3d,5,0.8,-0.32871436002000004,-0.02757555802,-0.3613245576,-0.0336836422
s2_first_touch_reclaim,random_hash,fast_failure_2pct_target4pct_2d,5,1.0,-0.38012945278,-0.05472200214,-0.3932895373,-0.0501143289
s2_first_touch_reclaim,random_hash,momentum_trail_4pct_5d,5,0.8,-0.34254137344,-0.03422833398,-0.3778463803,-0.0364040518
s2_first_touch_reclaim,random_hash,next_open_1d,5,1.0,-0.35524492138,-0.05940104885999999,-0.3010150645,-0.0477789354
s2_first_touch_reclaim,random_hash,next_open_2d,5,0.6,-0.28201085108,-0.05194045648000001,-0.3360991244,-0.0591704621
s2_first_touch_reclaim,random_hash,next_open_3d,5,0.6,-0.25435850876,-0.03506468816,-0.1553026434,-0.0281367175
s2_first_touch_reclaim,random_hash,next_open_5d,5,0.6,-0.24509483486,-0.038686692720000006,-0.2973424388,-0.041320635
s2_first_touch_reclaim,random_hash,protect_3pct_target6pct_3d,5,1.0,-0.392249642,-0.048126313,-0.3775294674,-0.0391109793
s2_first_touch_reclaim,sector_leader,fast_failure_2pct_target4pct_2d,5,1.0,-0.8160095727,-0.0801760667,-0.8160095727,-0.0801760667
s2_first_touch_reclaim,sector_leader,momentum_trail_4pct_5d,5,0.0,-0.599599662,0.0514206799,-0.599599662,0.0514206799
s2_first_touch_reclaim,sector_leader,next_open_1d,5,1.0,-0.7774481853,-0.0321937252,-0.7774481853,-0.0321937252
s2_first_touch_reclaim,sector_leader,next_open_2d,5,1.0,-0.5262044869,-0.0532575444,-0.5262044869,-0.0532575444
s2_first_touch_reclaim,sector_leader,next_open_3d,5,0.0,-0.49194976849999994,0.0415249008,-0.4919497685,0.0415249008
s2_first_touch_reclaim,sector_leader,next_open_5d,5,1.0,-0.4677141809,-0.0333675678,-0.4677141809,-0.0333675678
s2_first_touch_reclaim,sector_leader,protect_3pct_target6pct_3d,5,0.0,-0.6039594658,0.0160058827,-0.6039594658,0.0160058827
s2_first_touch_reclaim,trend_structure,fast_failure_2pct_target4pct_2d,5,1.0,-0.37220091568,-0.05784287582000001,-0.3906650617,-0.0632836066
s2_first_touch_reclaim,trend_structure,momentum_trail_4pct_5d,5,0.8,-0.18718900162,-0.03334325438,-0.2005378068,-0.0484812528
s2_first_touch_reclaim,trend_structure,next_open_1d,5,1.0,-0.33980780272,-0.08919455188,-0.3302538978,-0.0907991929
s2_first_touch_reclaim,trend_structure,next_open_2d,5,0.8,-0.15571579324,-0.09835930870000001,-0.2176638451,-0.0902251493
s2_first_touch_reclaim,trend_structure,next_open_3d,5,1.0,-0.31201727236,-0.07113073236,-0.3500656344,-0.0569126954
s2_first_touch_reclaim,trend_structure,next_open_5d,5,0.8,-0.21201705452000003,-0.02534439182,-0.2072206865,-0.0253576091
s2_first_touch_reclaim,trend_structure,protect_3pct_target6pct_3d,5,0.8,-0.29441250722,-0.046564223700000004,-0.2826233166,-0.0493791658
s2_reclaim_acceleration,flow_quality,fast_failure_2pct_target4pct_2d,5,1.0,-0.45400956806000003,-0.02351485934,-0.4214189966,-0.0192335474
s2_reclaim_acceleration,flow_quality,momentum_trail_4pct_5d,5,0.4,-0.24558189038,0.0008561745400000001,-0.2773054621,0.0039959413
s2_reclaim_acceleration,flow_quality,next_open_1d,5,1.0,-0.50680596922,-0.043596679640000004,-0.4939329805,-0.046019826
s2_reclaim_acceleration,flow_quality,next_open_2d,5,0.6,-0.24270993615999997,-0.006357597920000001,-0.2595332361,-0.032216823
s2_reclaim_acceleration,flow_quality,next_open_3d,5,0.6,-0.1633369753,0.013398388059999999,-0.1386709499,0.0156422175
s2_reclaim_acceleration,flow_quality,next_open_5d,5,0.4,-0.1288556277,-0.0054775501800000004,-0.2412039953,-0.0012834903
s2_reclaim_acceleration,flow_quality,protect_3pct_target6pct_3d,5,0.8,-0.32862266815999996,-0.014383326100000001,-0.3185659838,-0.0091941363
s2_reclaim_acceleration,random_hash,fast_failure_2pct_target4pct_2d,5,0.8,-0.35692750007999996,-0.0190940305,-0.4665670897,-0.0243470293
s2_reclaim_acceleration,random_hash,momentum_trail_4pct_5d,5,0.2,-0.24462198736000001,0.01263780008,-0.2621609193,0.0077065244
s2_reclaim_acceleration,random_hash,next_open_1d,5,1.0,-0.5145036790399999,-0.0395126813,-0.502765198,-0.046019826
s2_reclaim_acceleration,random_hash,next_open_2d,5,0.6,-0.26475016444,-0.00491498176,-0.2753889803,-0.0307104777
s2_reclaim_acceleration,random_hash,next_open_3d,5,0.4,-0.1622901147,0.01253028234,-0.1578944848,0.0130760463
s2_reclaim_acceleration,random_hash,next_open_5d,5,0.4,-0.15769997106,-0.0065674008,-0.2294593229,-0.0012834903
s2_reclaim_acceleration,random_hash,protect_3pct_target6pct_3d,5,0.6,-0.32949052887999997,-0.014077359000000001,-0.3252229792,-0.0080494197
s2_reclaim_acceleration,sector_leader,fast_failure_2pct_target4pct_2d,5,1.0,-0.6899013663,-0.11516885220000002,-0.6899013663,-0.1151688522
s2_reclaim_acceleration,sector_leader,momentum_trail_4pct_5d,5,1.0,-0.3049217909,-0.0220774962,-0.3049217909,-0.0220774962
s2_reclaim_acceleration,sector_leader,next_open_1d,5,1.0,-0.5957724798,-0.1218815186,-0.5957724798,-0.1218815186
s2_reclaim_acceleration,sector_leader,next_open_2d,5,1.0,-0.210601474,-0.0697818888,-0.210601474,-0.0697818888
s2_reclaim_acceleration,sector_leader,next_open_3d,5,1.0,-0.1321168073,-0.0654150604,-0.1321168073,-0.0654150604
s2_reclaim_acceleration,sector_leader,next_open_5d,5,1.0,-0.1062882299,-0.0675909547,-0.1062882299,-0.0675909547
s2_reclaim_acceleration,sector_leader,protect_3pct_target6pct_3d,5,1.0,-0.3865743005,-0.0847862241,-0.3865743005,-0.0847862241
s2_reclaim_acceleration,trend_structure,fast_failure_2pct_target4pct_2d,5,0.6,-0.54023595566,-0.007391156279999998,-0.5913323948,-0.0383471308
s2_reclaim_acceleration,trend_structure,momentum_trail_4pct_5d,5,1.0,-0.34284502706,-0.02208210134,-0.3503734418,-0.0173918349
s2_reclaim_acceleration,trend_structure,next_open_1d,5,0.6,-0.45989412766,-0.037908147,-0.4455278056,-0.0411619257
s2_reclaim_acceleration,trend_structure,next_open_2d,5,0.6,-0.37201327017999997,-0.029283362079999996,-0.3129686457,-0.0399816596
s2_reclaim_acceleration,trend_structure,next_open_3d,5,0.6,0.027074742000000006,-0.0403981431,0.0259536689,-0.0457623985
s2_reclaim_acceleration,trend_structure,next_open_5d,5,0.6,-0.10608841958,-0.029387790320000003,-0.0557853679,-0.0354216545
s2_reclaim_acceleration,trend_structure,protect_3pct_target6pct_3d,5,1.0,-0.37184500460000003,-0.02673357482,-0.3672872234,-0.025923321
s2_reclaim_bull_stack,flow_quality,fast_failure_2pct_target4pct_2d,5,1.0,-0.70315760944,-0.03989481722,-0.7034077477,-0.0429556239
s2_reclaim_bull_stack,flow_quality,momentum_trail_4pct_5d,5,1.0,-0.66260261334,-0.06135582636,-0.6703812816,-0.0613750828
s2_reclaim_bull_stack,flow_quality,next_open_1d,5,0.8,-0.55681126036,-0.00124850956,-0.5832739611,-0.0018069339
s2_reclaim_bull_stack,flow_quality,next_open_2d,5,1.0,-0.14706332530000002,-0.023598295,-0.1432204527,-0.0218231098
s2_reclaim_bull_stack,flow_quality,next_open_3d,5,0.0,-0.51127910184,0.03992857644,-0.5219028655,0.044631773
s2_reclaim_bull_stack,flow_quality,next_open_5d,5,1.0,-0.38975304644,-0.0391193556,-0.4073278651,-0.0413299553
s2_reclaim_bull_stack,flow_quality,protect_3pct_target6pct_3d,5,1.0,-0.69134844438,-0.04368317142,-0.6945287901,-0.0541215829
s2_reclaim_bull_stack,random_hash,fast_failure_2pct_target4pct_2d,5,1.0,-0.6979561569799999,-0.048648678099999995,-0.6887540979,-0.048998075
s2_reclaim_bull_stack,random_hash,momentum_trail_4pct_5d,5,1.0,-0.53464444276,-0.06135582636,-0.5551388212,-0.0613750828
s2_reclaim_bull_stack,random_hash,next_open_1d,5,0.2,-0.5613991175599999,0.00268722874,-0.5839796124,0.0038208767
s2_reclaim_bull_stack,random_hash,next_open_2d,5,1.0,-0.17431291704000001,-0.023598295,-0.1614021093,-0.0218231098
s2_reclaim_bull_stack,random_hash,next_open_3d,5,0.0,-0.5150627819,0.03992857644,-0.5285820023,0.044631773
s2_reclaim_bull_stack,random_hash,next_open_5d,5,1.0,-0.38975304644,-0.0391193556,-0.4073278651,-0.0413299553
s2_reclaim_bull_stack,random_hash,protect_3pct_target6pct_3d,5,1.0,-0.73194226216,-0.04626591274,-0.7454101829,-0.0557890155
s2_reclaim_bull_stack,sector_leader,fast_failure_2pct_target4pct_2d,5,0.0,-0.45290748890000004,0.0325539008,-0.4529074889,0.0325539008
s2_reclaim_bull_stack,sector_leader,momentum_trail_4pct_5d,5,0.0,-0.1096793967,0.0494956325,-0.1096793967,0.0494956325
s2_reclaim_bull_stack,sector_leader,next_open_1d,5,0.0,-0.2698377635,0.0080976439,-0.2698377635,0.0080976439
s2_reclaim_bull_stack,sector_leader,next_open_2d,5,1.0,-0.3787117127,-0.0681817228,-0.3787117127,-0.0681817228
s2_reclaim_bull_stack,sector_leader,next_open_3d,5,0.0,0.2220736187,-0.0112534359,0.2220736187,-0.0112534359
s2_reclaim_bull_stack,sector_leader,next_open_5d,5,1.0,-0.3669174215,-0.0581861183,-0.3669174215,-0.0581861183
s2_reclaim_bull_stack,sector_leader,protect_3pct_target6pct_3d,5,1.0,-0.42447787209999993,-0.027289269999999997,-0.4244778721,-0.02728927
s2_reclaim_bull_stack,trend_structure,fast_failure_2pct_target4pct_2d,5,0.0,-0.6891812874000001,0.045631185819999996,-0.6939842813,0.0430774958
s2_reclaim_bull_stack,trend_structure,momentum_trail_4pct_5d,5,1.0,-0.44829132960000007,-0.0101008491,-0.459102402,-0.0101008491
s2_reclaim_bull_stack,trend_structure,next_open_1d,5,0.0,-0.65590645722,0.00387918824,-0.6643369547,0.0038218142
s2_reclaim_bull_stack,trend_structure,next_open_2d,5,0.0,-0.36585602684,0.01825763314,-0.3630088097,0.0187578885
s2_reclaim_bull_stack,trend_structure,next_open_3d,5,0.0,-0.56468747966,0.03915298872,-0.5643267101,0.0426872321
s2_reclaim_bull_stack,trend_structure,next_open_5d,5,1.0,-0.28420256911999997,-0.0101008491,-0.2807630623,-0.0101008491
s2_reclaim_bull_stack,trend_structure,protect_3pct_target6pct_3d,5,0.0,-0.76480183662,0.04454073712,-0.7757942949,0.0521344454
s2_reclaim_daily_trend,flow_quality,fast_failure_2pct_target4pct_2d,5,1.0,-0.33327987102,-0.058300945879999996,-0.295497641,-0.0419445853
s2_reclaim_daily_trend,flow_quality,momentum_trail_4pct_5d,5,0.8,-0.32688708546,-0.028053766200000003,-0.3959051992,-0.0314485294
s2_reclaim_daily_trend,flow_quality,next_open_1d,5,1.0,-0.33037807799999996,-0.07369710877999999,-0.3285504805,-0.0748493416
s2_reclaim_daily_trend,flow_quality,next_open_2d,5,0.6,-0.26975643068,-0.029455377980000003,-0.3708468853,-0.0133927775
s2_reclaim_daily_trend,flow_quality,next_open_3d,5,0.6,-0.21673106908,-0.006400807200000002,-0.2619074584,-0.0344860681
s2_reclaim_daily_trend,flow_quality,next_open_5d,5,0.8,-0.05464334064,-0.04652646576,-0.0220870202,-0.0473848447
s2_reclaim_daily_trend,flow_quality,protect_3pct_target6pct_3d,5,1.0,-0.31924442838,-0.043299419240000005,-0.3308924716,-0.0442124248
s2_reclaim_daily_trend,random_hash,fast_failure_2pct_target4pct_2d,5,1.0,-0.3698477837,-0.06865362427999999,-0.3841887274,-0.0679039707
s2_reclaim_daily_trend,random_hash,momentum_trail_4pct_5d,5,1.0,-0.33509110228,-0.0553023963,-0.3506109184,-0.0388982643
s2_reclaim_daily_trend,random_hash,next_open_1d,5,1.0,-0.33581853532,-0.07279785736,-0.3208838048,-0.0743730716
s2_reclaim_daily_trend,random_hash,next_open_2d,5,0.6,-0.24884141629999998,-0.029980270019999998,-0.2924984088,-0.0153130755
s2_reclaim_daily_trend,random_hash,next_open_3d,5,0.6,-0.18720575228,-0.005692462679999998,-0.1678445234,-0.0320868529
s2_reclaim_daily_trend,random_hash,next_open_5d,5,0.6,-0.05208137388000002,-0.04469433786,-0.0562054212,-0.0382242052
s2_reclaim_daily_trend,random_hash,protect_3pct_target6pct_3d,5,1.0,-0.36025525786,-0.055740729499999996,-0.3980242732,-0.0472673595
s2_reclaim_daily_trend,sector_leader,fast_failure_2pct_target4pct_2d,5,1.0,-0.2799217183,-0.0294313487,-0.2799217183,-0.0294313487
s2_reclaim_daily_trend,sector_leader,momentum_trail_4pct_5d,5,0.0,-0.3266008801,0.0212244825,-0.3266008801,0.0212244825
s2_reclaim_daily_trend,sector_leader,next_open_1d,5,1.0,-0.2154897408,-0.0343052822,-0.2154897408,-0.0343052822
s2_reclaim_daily_trend,sector_leader,next_open_2d,5,0.0,0.0723148578,-0.0586503938,0.0723148578,-0.0586503938
s2_reclaim_daily_trend,sector_leader,next_open_3d,5,0.0,0.5291129121,-0.0666508029,0.5291129121,-0.0666508029
s2_reclaim_daily_trend,sector_leader,next_open_5d,5,0.0,0.5808613067,-0.0819486207,0.5808613067,-0.0819486207
s2_reclaim_daily_trend,sector_leader,protect_3pct_target6pct_3d,5,0.0,-0.41810077418,0.0463308491,-0.4265416923,0.0463308491
s2_reclaim_daily_trend,trend_structure,fast_failure_2pct_target4pct_2d,5,0.6,-0.46172629968,-0.01068917476,-0.4957697209,-0.0474030228
s2_reclaim_daily_trend,trend_structure,momentum_trail_4pct_5d,5,0.6,-0.23129870720000004,-0.03515720524,-0.1403112672,-0.0566677236
s2_reclaim_daily_trend,trend_structure,next_open_1d,5,1.0,-0.3413150043,-0.0764366155,-0.2970983545,-0.0800682702
s2_reclaim_daily_trend,trend_structure,next_open_2d,5,0.6,-0.22965015576,-0.042984361900000004,-0.2349301509,-0.0603395705
s2_reclaim_daily_trend,trend_structure,next_open_3d,5,0.4,0.03953284786,-0.02097238744,0.0862025685,-0.0118363126
s2_reclaim_daily_trend,trend_structure,next_open_5d,5,0.4,0.03498886649999999,-0.043162156019999995,0.023917452,-0.0499266623
s2_reclaim_daily_trend,trend_structure,protect_3pct_target6pct_3d,5,0.8,-0.36297836148,-0.02838542308,-0.3348929948,-0.0202528692
s2_reclaim_positive_slope,flow_quality,fast_failure_2pct_target4pct_2d,5,1.0,-0.25478284862,-0.03237362028,-0.2074318516,-0.0320730132
s2_reclaim_positive_slope,flow_quality,momentum_trail_4pct_5d,5,1.0,-0.23031957132,-0.04363913582,-0.2733038343,-0.0418924369
s2_reclaim_positive_slope,flow_quality,next_open_1d,5,1.0,-0.28017077978,-0.03725108408,-0.2366527282,-0.0413771234
s2_reclaim_positive_slope,flow_quality,next_open_2d,5,0.8,-0.24719717880000003,-0.017532215139999998,-0.2602661207,-0.018640384
s2_reclaim_positive_slope,flow_quality,next_open_3d,5,0.8,-0.23491265302,-0.030094458680000002,-0.1961449122,-0.0135240591
s2_reclaim_positive_slope,flow_quality,next_open_5d,5,0.2,-0.02773285256000001,-0.007159268620000001,-0.1071758856,-0.0075256736
s2_reclaim_positive_slope,flow_quality,protect_3pct_target6pct_3d,5,0.8,-0.36883112844,-0.01286150976,-0.3849837233,-0.0176956907
s2_reclaim_positive_slope,random_hash,fast_failure_2pct_target4pct_2d,5,0.8,-0.2506235712,-0.03751398002,-0.2815447402,-0.0343401008
s2_reclaim_positive_slope,random_hash,momentum_trail_4pct_5d,5,0.8,-0.19902450104,-0.03492726692,-0.1532266609,-0.0376520922
s2_reclaim_positive_slope,random_hash,next_open_1d,5,1.0,-0.28698504176,-0.03888972814,-0.2625467714,-0.0434335672
s2_reclaim_positive_slope,random_hash,next_open_2d,5,0.8,-0.26151492434,-0.0158566048,-0.2934756246,-0.0179411382
s2_reclaim_positive_slope,random_hash,next_open_3d,5,0.8,-0.21132065964,-0.03147172196,-0.1651377538,-0.0204103755
s2_reclaim_positive_slope,random_hash,next_open_5d,5,0.2,-0.045296819720000006,-0.007159268620000001,-0.0880581299,-0.0075256736
s2_reclaim_positive_slope,random_hash,protect_3pct_target6pct_3d,5,0.8,-0.32729969716,-0.00933964932,-0.397743826,-0.0055727727
s2_reclaim_positive_slope,sector_leader,fast_failure_2pct_target4pct_2d,5,0.0,-0.1320629164,0.0315856826,-0.1320629164,0.0315856826
s2_reclaim_positive_slope,sector_leader,momentum_trail_4pct_5d,5,0.0,-0.264825954,0.0155449112,-0.264825954,0.0155449112
s2_reclaim_positive_slope,sector_leader,next_open_1d,5,0.0,-0.2285852624,0.0793825809,-0.2285852624,0.0793825809
s2_reclaim_positive_slope,sector_leader,next_open_2d,5,0.0,-0.11631311959999999,0.000216629,-0.1163131196,0.000216629
s2_reclaim_positive_slope,sector_leader,next_open_3d,5,1.0,0.2713386834,0.0468729487,0.2713386834,0.0468729487
s2_reclaim_positive_slope,sector_leader,next_open_5d,5,0.0,0.2903082877,-0.0698917026,0.2903082877,-0.0698917026
s2_reclaim_positive_slope,sector_leader,protect_3pct_target6pct_3d,5,1.0,-0.420147081,-0.0269744198,-0.420147081,-0.0269744198
s2_reclaim_positive_slope,trend_structure,fast_failure_2pct_target4pct_2d,5,0.8,-0.46714107342,-0.05049729704,-0.5111824454,-0.0456159773
s2_reclaim_positive_slope,trend_structure,momentum_trail_4pct_5d,5,0.8,-0.32958208728000005,-0.04080794694,-0.3031304642,-0.0384246954
s2_reclaim_positive_slope,trend_structure,next_open_1d,5,0.8,-0.28224611856,-0.07425788477999999,-0.2866728308,-0.0794910219
s2_reclaim_positive_slope,trend_structure,next_open_2d,5,1.0,-0.33319182562,-0.04999987386,-0.3338594573,-0.0592771997
s2_reclaim_positive_slope,trend_structure,next_open_3d,5,0.4,0.03622368294,-0.0593872001,0.011502549,-0.0644223857
s2_reclaim_positive_slope,trend_structure,next_open_5d,5,0.6,-0.0274296449,-0.04430163164,-0.0387718347,-0.0429413578
s2_reclaim_positive_slope,trend_structure,protect_3pct_target6pct_3d,5,1.0,-0.41801154273999996,-0.04718300316,-0.4599611701,-0.0512247846
s2_reclaim_recent_high,flow_quality,fast_failure_2pct_target4pct_2d,5,1.0,-0.63043990104,-0.07247388219999999,-0.6786745929,-0.0764885524
s2_reclaim_recent_high,flow_quality,momentum_trail_4pct_5d,5,0.8,-0.44153602976000006,-0.01367815262,-0.4766855176,-0.0163075677
s2_reclaim_recent_high,flow_quality,next_open_1d,5,1.0,-0.6132134275200001,-0.08361862810000001,-0.6391347712,-0.0978418362
s2_reclaim_recent_high,flow_quality,next_open_2d,5,1.0,-0.48231271422000005,-0.07267689424,-0.5306061439,-0.0827725426
s2_reclaim_recent_high,flow_quality,next_open_3d,5,0.0,-0.43166501997999995,0.03941295754,-0.3589757816,0.0419614941
s2_reclaim_recent_high,flow_quality,next_open_5d,5,0.4,-0.45819905042000003,0.01528321808,-0.4463874616,0.0021493664
s2_reclaim_recent_high,flow_quality,protect_3pct_target6pct_3d,5,0.6,-0.57347666538,-0.025930235500000003,-0.6047392863,-0.0309694963
s2_reclaim_recent_high,random_hash,fast_failure_2pct_target4pct_2d,5,1.0,-0.64963325072,-0.06690303964000001,-0.6551687926,-0.0557374942
s2_reclaim_recent_high,random_hash,momentum_trail_4pct_5d,5,1.0,-0.50431868876,-0.03145835132,-0.5369029766,-0.0288924949
s2_reclaim_recent_high,random_hash,next_open_1d,5,1.0,-0.55982411158,-0.06288664118000001,-0.6873406091,-0.0872781499
s2_reclaim_recent_high,random_hash,next_open_2d,5,1.0,-0.49418945876000003,-0.09339408708,-0.4805166264,-0.0933115514
s2_reclaim_recent_high,random_hash,next_open_3d,5,1.0,-0.4633313341,-0.0411384074,-0.4603875426,-0.0418529374
s2_reclaim_recent_high,random_hash,next_open_5d,5,0.4,-0.42275966198,-0.01763401158,-0.4133043439,0.0087988881
s2_reclaim_recent_high,random_hash,protect_3pct_target6pct_3d,5,0.8,-0.51241328432,-0.05370503864,-0.5862440119,-0.066406045
s2_reclaim_recent_high,sector_leader,fast_failure_2pct_target4pct_2d,5,1.0,-0.7455334137,-0.0153782221,-0.7455334137,-0.0153782221
s2_reclaim_recent_high,sector_leader,momentum_trail_4pct_5d,5,0.0,-0.6981839055,0.0144039526,-0.6981839055,0.0144039526
s2_reclaim_recent_high,sector_leader,next_open_1d,5,1.0,-0.4442518249,-0.0428376568,-0.4442518249,-0.0428376568
s2_reclaim_recent_high,sector_leader,next_open_2d,5,1.0,-0.4094255099,-0.1096801137,-0.4094255099,-0.1096801137
s2_reclaim_recent_high,sector_leader,next_open_3d,5,1.0,-0.7585358976,-0.0113389024,-0.7585358976,-0.0113389024
s2_reclaim_recent_high,sector_leader,next_open_5d,5,0.0,-0.0707676121,0.1188073237,-0.0707676121,0.1188073237
s2_reclaim_recent_high,sector_leader,protect_3pct_target6pct_3d,5,0.0,-0.7200474106,0.0566147838,-0.7200474106,0.0566147838
s2_reclaim_recent_high,trend_structure,fast_failure_2pct_target4pct_2d,5,1.0,-0.72203854742,-0.06935702031999999,-0.7690983129,-0.0618936141
s2_reclaim_recent_high,trend_structure,momentum_trail_4pct_5d,5,0.8,-0.60167409322,-0.021226926400000002,-0.6248908788,-0.0075322445
s2_reclaim_recent_high,trend_structure,next_open_1d,5,1.0,-0.6094656675000001,-0.08033376245999999,-0.7009878038,-0.0742781454
s2_reclaim_recent_high,trend_structure,next_open_2d,5,1.0,-0.41852293001999996,-0.08824884168,-0.4799969538,-0.0896343312
s2_reclaim_recent_high,trend_structure,next_open_3d,5,1.0,-0.41173321861999995,-0.03049774938,-0.3916993822,-0.0107763132
s2_reclaim_recent_high,trend_structure,next_open_5d,5,0.4,-0.47848331537999994,0.009178814280000003,-0.4890763707,0.0193322101
s2_reclaim_recent_high,trend_structure,protect_3pct_target6pct_3d,5,0.8,-0.56004021072,-0.027797071819999998,-0.588244181,-0.0406833787
s4_auction_confirmed_reclaim,flow_quality,fast_failure_2pct_target4pct_2d,5,0.4,-0.49798185996,-0.0006925815799999999,-0.5735080659,0.0080748126
s4_auction_confirmed_reclaim,flow_quality,momentum_trail_4pct_5d,5,0.8,-0.29939920356,-0.03011873224,-0.3485420489,-0.0458594113
s4_auction_confirmed_reclaim,flow_quality,next_open_1d,5,0.8,-0.4671089801,-0.02863983454,-0.5324712061,-0.0424709367
s4_auction_confirmed_reclaim,flow_quality,next_open_2d,5,0.4,-0.1737799675,-0.022443764839999998,-0.1726799492,-0.0339697855
s4_auction_confirmed_reclaim,flow_quality,next_open_3d,5,0.8,-0.19086949313999999,-0.02131418518,-0.2171412952,-0.0324498096
s4_auction_confirmed_reclaim,flow_quality,next_open_5d,5,0.6,-0.15327914736,-0.02456160356,-0.1900973614,-0.0269916482
s4_auction_confirmed_reclaim,flow_quality,protect_3pct_target6pct_3d,5,0.8,-0.29195495688,-0.014336612440000002,-0.2960610907,-0.0352382263
s4_auction_confirmed_reclaim,random_hash,fast_failure_2pct_target4pct_2d,5,0.6,-0.43644870873999997,-0.011264759080000002,-0.4326103204,-0.0144657281
s4_auction_confirmed_reclaim,random_hash,momentum_trail_4pct_5d,5,0.8,-0.28492590906,-0.03092474442,-0.2953503508,-0.045811056
s4_auction_confirmed_reclaim,random_hash,next_open_1d,5,0.8,-0.44085612652000006,-0.026917273279999997,-0.4929272375,-0.0410151139
s4_auction_confirmed_reclaim,random_hash,next_open_2d,5,0.2,-0.10256504920000001,-0.019314044,-0.1231635783,-0.033498823
s4_auction_confirmed_reclaim,random_hash,next_open_3d,5,0.6,-0.16098545916,-0.01953738072,-0.1756059691,-0.0256091384
s4_auction_confirmed_reclaim,random_hash,next_open_5d,5,0.8,-0.16620158142,-0.0238550631,-0.1770111556,-0.0227533183
s4_auction_confirmed_reclaim,random_hash,protect_3pct_target6pct_3d,5,0.8,-0.32240757593999997,-0.01219840678,-0.2941215888,-0.0306093581
s4_auction_confirmed_reclaim,sector_leader,fast_failure_2pct_target4pct_2d,5,1.0,-0.3270107124,-0.1077255551,-0.3270107124,-0.1077255551
s4_auction_confirmed_reclaim,sector_leader,momentum_trail_4pct_5d,5,1.0,-0.4566517972,-0.0640408497,-0.4566517972,-0.0640408497
s4_auction_confirmed_reclaim,sector_leader,next_open_1d,5,1.0,-0.27947040362,-0.12834862,-0.2794659193,-0.12834862
s4_auction_confirmed_reclaim,sector_leader,next_open_2d,5,0.0,-0.42367173830000004,0.0154232661,-0.4236717383,0.0154232661
s4_auction_confirmed_reclaim,sector_leader,next_open_3d,5,1.0,-0.21236837737999997,-0.0447723444,-0.2119957489,-0.0447723444
s4_auction_confirmed_reclaim,sector_leader,next_open_5d,5,1.0,-0.0961066947,-0.0745929457,-0.0961066947,-0.0745929457
s4_auction_confirmed_reclaim,sector_leader,protect_3pct_target6pct_3d,5,1.0,-0.2667388455,-0.1515590103,-0.2667388455,-0.1515590103
s4_auction_confirmed_reclaim,trend_structure,fast_failure_2pct_target4pct_2d,5,1.0,-0.58417666,-0.03397443738,-0.5675366108,-0.0348824477
s4_auction_confirmed_reclaim,trend_structure,momentum_trail_4pct_5d,5,0.8,-0.39021590556,-0.01749911452,-0.3682331071,-0.0137609838
s4_auction_confirmed_reclaim,trend_structure,next_open_1d,5,1.0,-0.5233847469999999,-0.035581615420000004,-0.5164980788,-0.0312092375
s4_auction_confirmed_reclaim,trend_structure,next_open_2d,5,0.8,-0.4293656028,-0.0220628664,-0.4091285119,-0.0158829881
s4_auction_confirmed_reclaim,trend_structure,next_open_3d,5,0.8,-0.27363912534,-0.05337318046,-0.3164532024,-0.0644560489
s4_auction_confirmed_reclaim,trend_structure,next_open_5d,5,1.0,-0.28213703656,-0.018108026359999998,-0.2753793967,-0.0216754574
s4_auction_confirmed_reclaim,trend_structure,protect_3pct_target6pct_3d,5,1.0,-0.51824504922,-0.03655561804,-0.5446212715,-0.0348254311
s4_reclaim_amount_acceleration,flow_quality,fast_failure_2pct_target4pct_2d,5,1.0,-0.22655065116,-0.032861490539999996,-0.2084635825,-0.0420145597
s4_reclaim_amount_acceleration,flow_quality,momentum_trail_4pct_5d,5,0.8,-0.15026050112,-0.02227845594,-0.2235178516,-0.0230257067
s4_reclaim_amount_acceleration,flow_quality,next_open_1d,5,1.0,-0.24936929504,-0.04917193456,-0.1745345806,-0.0442024583
s4_reclaim_amount_acceleration,flow_quality,next_open_2d,5,0.6,-0.1186031485,-0.02352243434,-0.194761871,-0.0236352161
s4_reclaim_amount_acceleration,flow_quality,next_open_3d,5,0.2,0.0927688844,-0.006202065080000001,0.012991779,-0.0054348172
s4_reclaim_amount_acceleration,flow_quality,next_open_5d,5,0.4,0.033807921799999995,-0.010837155900000001,0.0027117335,-0.0080490101
s4_reclaim_amount_acceleration,flow_quality,protect_3pct_target6pct_3d,5,0.6,-0.1691996785,-0.0288542513,-0.2426260782,-0.0307542086
s4_reclaim_amount_acceleration,random_hash,fast_failure_2pct_target4pct_2d,5,0.8,-0.20448798892000003,-0.028050428980000004,-0.2297388612,-0.0219084617
s4_reclaim_amount_acceleration,random_hash,momentum_trail_4pct_5d,5,0.6,-0.05131157823999999,-0.01566038344,0.002723272,-0.0130962591
s4_reclaim_amount_acceleration,random_hash,next_open_1d,5,1.0,-0.24936929504,-0.04917193456,-0.1745345806,-0.0442024583
s4_reclaim_amount_acceleration,random_hash,next_open_2d,5,0.6,-0.1186031485,-0.02352243434,-0.194761871,-0.0236352161
s4_reclaim_amount_acceleration,random_hash,next_open_3d,5,0.2,0.0927688844,-0.006202065080000001,0.012991779,-0.0054348172
s4_reclaim_amount_acceleration,random_hash,next_open_5d,5,0.4,0.033807921799999995,-0.010837155900000001,0.0027117335,-0.0080490101
s4_reclaim_amount_acceleration,random_hash,protect_3pct_target6pct_3d,5,0.8,-0.22628312739999998,-0.03794133836,-0.2703080616,-0.047754296
s4_reclaim_amount_acceleration,sector_leader,fast_failure_2pct_target4pct_2d,5,1.0,-0.5563479774,-0.0181938784,-0.5563479774,-0.0181938784
s4_reclaim_amount_acceleration,sector_leader,momentum_trail_4pct_5d,5,1.0,-0.20444705550000003,-0.0855965793,-0.2044470555,-0.0855965793
s4_reclaim_amount_acceleration,sector_leader,next_open_1d,5,0.0,-0.4849788440999999,0.0301423975,-0.4849788441,0.0301423975
s4_reclaim_amount_acceleration,sector_leader,next_open_2d,5,0.0,-0.3187720465,0.0396697379,-0.3187720465,0.0396697379
s4_reclaim_amount_acceleration,sector_leader,next_open_3d,5,1.0,-0.2481821237,-0.031567053,-0.2481821237,-0.031567053
s4_reclaim_amount_acceleration,sector_leader,next_open_5d,5,1.0,-0.1399280379,-0.0326303712,-0.1399280379,-0.0326303712
s4_reclaim_amount_acceleration,sector_leader,protect_3pct_target6pct_3d,5,1.0,-0.3320591774,-0.0107882869,-0.3320591774,-0.0107882869
s4_reclaim_amount_acceleration,trend_structure,fast_failure_2pct_target4pct_2d,5,0.8,-0.46175897736,-0.0399788765,-0.3803134896,-0.0481038322
s4_reclaim_amount_acceleration,trend_structure,momentum_trail_4pct_5d,5,1.0,-0.19228625506000002,-0.04897565252,-0.1725783746,-0.0575482361
s4_reclaim_amount_acceleration,trend_structure,next_open_1d,5,1.0,-0.45630904782000004,-0.06393811524000001,-0.4092174559,-0.0818654332
s4_reclaim_amount_acceleration,trend_structure,next_open_2d,5,0.8,-0.2464554455,-0.05153175442,-0.2633275058,-0.0549152103
s4_reclaim_amount_acceleration,trend_structure,next_open_3d,5,0.4,0.13796214284000002,-0.052873682100000007,0.1546722998,-0.0608688073
s4_reclaim_amount_acceleration,trend_structure,next_open_5d,5,0.2,-0.035278958240000005,-0.030370029700000002,0.0178376275,-0.0454414605
s4_reclaim_amount_acceleration,trend_structure,protect_3pct_target6pct_3d,5,0.6,-0.46247342082,-0.027954006679999997,-0.4827287521,-0.0427295601
s4_reclaim_volume_normal,flow_quality,fast_failure_2pct_target4pct_2d,5,1.0,-0.39487263186,-0.043999912880000006,-0.4213792803,-0.0361360313
s4_reclaim_volume_normal,flow_quality,momentum_trail_4pct_5d,5,1.0,-0.26647684196,-0.034724247740000005,-0.2885232625,-0.022822367
s4_reclaim_volume_normal,flow_quality,next_open_1d,5,1.0,-0.47281539914000004,-0.03920487024,-0.5311335334,-0.0437080119
s4_reclaim_volume_normal,flow_quality,next_open_2d,5,0.8,-0.26898280255999996,-0.032701773219999994,-0.3210033563,-0.033001811
s4_reclaim_volume_normal,flow_quality,next_open_3d,5,1.0,-0.09197096074,-0.0270974524,-0.1263889096,-0.0451675811
s4_reclaim_volume_normal,flow_quality,next_open_5d,5,0.4,-0.22406958874,-0.02301463116,-0.2470392685,-0.033998792
s4_reclaim_volume_normal,flow_quality,protect_3pct_target6pct_3d,5,1.0,-0.32716280084,-0.027924049419999996,-0.2599792427,-0.0272303686
s4_reclaim_volume_normal,random_hash,fast_failure_2pct_target4pct_2d,5,1.0,-0.4716196883,-0.03425016084,-0.4701311111,-0.0247122204
s4_reclaim_volume_normal,random_hash,momentum_trail_4pct_5d,5,0.8,-0.3635915464,-0.02224296352,-0.3537728793,-0.0267476904
s4_reclaim_volume_normal,random_hash,next_open_1d,5,1.0,-0.48102334191999996,-0.04347429022,-0.4796108,-0.0474995822
s4_reclaim_volume_normal,random_hash,next_open_2d,5,0.8,-0.26173043698,-0.028217202100000005,-0.3116684682,-0.0315920936
s4_reclaim_volume_normal,random_hash,next_open_3d,5,1.0,-0.28271786552,-0.03316011688,-0.2635819409,-0.0253108649
s4_reclaim_volume_normal,random_hash,next_open_5d,5,0.8,-0.17754723765999997,-0.02327400306,-0.1856854471,-0.0217727327
s4_reclaim_volume_normal,random_hash,protect_3pct_target6pct_3d,5,0.6,-0.41341461808,-0.007619348180000001,-0.4128640354,-0.0254373113
s4_reclaim_volume_normal,sector_leader,fast_failure_2pct_target4pct_2d,5,1.0,-0.5686741608,-0.0379589105,-0.5686741608,-0.0379589105
s4_reclaim_volume_normal,sector_leader,momentum_trail_4pct_5d,5,1.0,-0.6054559434,-0.0610633914,-0.6054559434,-0.0610633914
s4_reclaim_volume_normal,sector_leader,next_open_1d,5,1.0,-0.5752129298,-0.091178458,-0.5752129298,-0.091178458
s4_reclaim_volume_normal,sector_leader,next_open_2d,5,1.0,-0.2737107591,-0.0316353419,-0.2737107591,-0.0316353419
s4_reclaim_volume_normal,sector_leader,next_open_3d,5,1.0,-0.2138671156,-0.021753282,-0.2138671156,-0.021753282
s4_reclaim_volume_normal,sector_leader,next_open_5d,5,1.0,-0.1759700572,-0.0032844719,-0.1759700572,-0.0032844719
s4_reclaim_volume_normal,sector_leader,protect_3pct_target6pct_3d,5,1.0,-0.6166525136,-0.0450769067,-0.6166525136,-0.0450769067
s4_reclaim_volume_normal,trend_structure,fast_failure_2pct_target4pct_2d,5,1.0,-0.73684894346,-0.04845161174,-0.7463224787,-0.0448725363
s4_reclaim_volume_normal,trend_structure,momentum_trail_4pct_5d,5,1.0,-0.39749830754,-0.04586908374,-0.3553957395,-0.050711436
s4_reclaim_volume_normal,trend_structure,next_open_1d,5,1.0,-0.7221858453600001,-0.0491072857,-0.7425983667,-0.0513618622
s4_reclaim_volume_normal,trend_structure,next_open_2d,5,1.0,-0.58395505852,-0.04544333598,-0.569015986,-0.0483590969
s4_reclaim_volume_normal,trend_structure,next_open_3d,5,1.0,-0.45179690578000004,-0.03421669616,-0.4321778854,-0.0316289579
s4_reclaim_volume_normal,trend_structure,next_open_5d,5,0.6,-0.5005249229800001,-0.0020007687,-0.488548372,-0.0089161024
s4_reclaim_volume_normal,trend_structure,protect_3pct_target6pct_3d,5,0.6,-0.61256836338,-0.012968756279999999,-0.6185483976,-0.0219393668
s4_reclaim_volume_proxy,flow_quality,fast_failure_2pct_target4pct_2d,5,0.8,-0.47356749108,-0.03702425478,-0.4676139768,-0.0191329574
s4_reclaim_volume_proxy,flow_quality,momentum_trail_4pct_5d,5,0.4,-0.20067415825999996,-0.01392294134,-0.180951478,0.0050910041
s4_reclaim_volume_proxy,flow_quality,next_open_1d,5,1.0,-0.41118345826,-0.04875644124,-0.4022576027,-0.0540759116
s4_reclaim_volume_proxy,flow_quality,next_open_2d,5,0.6,-0.22443863286000001,-0.0109464218,-0.3139733319,-0.0059425177
s4_reclaim_volume_proxy,flow_quality,next_open_3d,5,0.4,-0.23699213902,-0.004291985579999999,-0.2189899363,0.0022953263
s4_reclaim_volume_proxy,flow_quality,next_open_5d,5,1.0,-0.014503753740000003,-0.02471013764,-0.0212921515,-0.0100412113
s4_reclaim_volume_proxy,flow_quality,protect_3pct_target6pct_3d,5,0.6,-0.3819772925,-0.006653184720000002,-0.3735504409,-0.0021321758
s4_reclaim_volume_proxy,random_hash,fast_failure_2pct_target4pct_2d,5,0.8,-0.5433958586600001,-0.031112716560000003,-0.5444022954,-0.0237537183
s4_reclaim_volume_proxy,random_hash,momentum_trail_4pct_5d,5,0.6,-0.23642504875999998,-0.01066996206,-0.3022733118,-0.0007726481
s4_reclaim_volume_proxy,random_hash,next_open_1d,5,1.0,-0.41016810942,-0.04769593322,-0.3994388216,-0.0489308175
s4_reclaim_volume_proxy,random_hash,next_open_2d,5,0.6,-0.21781181209999997,-0.011164510380000001,-0.304595246,-0.0059425177
s4_reclaim_volume_proxy,random_hash,next_open_3d,5,0.4,-0.21555189998,-0.00884854126,-0.2000817461,0.0022953263
s4_reclaim_volume_proxy,random_hash,next_open_5d,5,1.0,-0.02337052988,-0.02471013764,-0.0075508011,-0.0100412113
s4_reclaim_volume_proxy,random_hash,protect_3pct_target6pct_3d,5,0.6,-0.34535038836,-0.01919012034,-0.3525071964,-0.0115366581
s4_reclaim_volume_proxy,sector_leader,fast_failure_2pct_target4pct_2d,5,1.0,-0.3977829428,-0.0256696421,-0.3977829428,-0.0256696421
s4_reclaim_volume_proxy,sector_leader,momentum_trail_4pct_5d,5,1.0,-0.3178567593,-0.0570983936,-0.3178567593,-0.0570983936
s4_reclaim_volume_proxy,sector_leader,next_open_1d,5,1.0,-0.247215946,-0.0365054678,-0.247215946,-0.0365054678
s4_reclaim_volume_proxy,sector_leader,next_open_2d,5,1.0,-0.2253850606,-0.03780136,-0.2253850606,-0.03780136
s4_reclaim_volume_proxy,sector_leader,next_open_3d,5,1.0,-0.0340008686,-0.0325241061,-0.0340008686,-0.0325241061
s4_reclaim_volume_proxy,sector_leader,next_open_5d,5,1.0,-0.2319143367,-0.006367339599999999,-0.2319143367,-0.0063673396
s4_reclaim_volume_proxy,sector_leader,protect_3pct_target6pct_3d,5,1.0,-0.2901583865,-0.01792509,-0.2901583865,-0.01792509
s4_reclaim_volume_proxy,trend_structure,fast_failure_2pct_target4pct_2d,5,0.4,-0.5003085417600001,-0.0050436412600000004,-0.5041319051,0.0001805859
s4_reclaim_volume_proxy,trend_structure,momentum_trail_4pct_5d,5,1.0,-0.42168064616,-0.025094668879999997,-0.4964550787,-0.0332973542
s4_reclaim_volume_proxy,trend_structure,next_open_1d,5,0.4,-0.07563538678000001,-0.04362967234,0.0657209414,-0.0478650814
s4_reclaim_volume_proxy,trend_structure,next_open_2d,5,0.2,-0.4565336697599999,0.01424396256,-0.4496191677,0.0119356025
s4_reclaim_volume_proxy,trend_structure,next_open_3d,5,0.6,-0.21867416762,0.0013787215600000004,-0.281193939,-0.003227615
s4_reclaim_volume_proxy,trend_structure,next_open_5d,5,1.0,-0.23675628181999997,-0.07657483843999999,-0.223759153,-0.0726571638
s4_reclaim_volume_proxy,trend_structure,protect_3pct_target6pct_3d,5,0.4,-0.5333890207399999,0.026581838899999998,-0.5148915715,0.0337683581
s4_reclaim_vwap_support,flow_quality,fast_failure_2pct_target4pct_2d,5,0.8,-0.41840299672,-0.03866448532,-0.3279066553,-0.0461152293
s4_reclaim_vwap_support,flow_quality,momentum_trail_4pct_5d,5,0.4,-0.32275525312,0.00316810844,-0.2936731197,0.0027774805
s4_reclaim_vwap_support,flow_quality,next_open_1d,5,1.0,-0.37511709816,-0.04465613756,-0.3438306453,-0.0432864195
s4_reclaim_vwap_support,flow_quality,next_open_2d,5,0.6,-0.33768467244,-0.011206085420000001,-0.3338357148,-0.0044121664
s4_reclaim_vwap_support,flow_quality,next_open_3d,5,0.4,-0.18246500402,0.00986832014,-0.1622954975,0.0092563787
s4_reclaim_vwap_support,flow_quality,next_open_5d,5,0.6,-0.20096999826,-0.004756404680000001,-0.2404740101,-0.0032608276
s4_reclaim_vwap_support,flow_quality,protect_3pct_target6pct_3d,5,1.0,-0.37597032063999997,-0.03598555936,-0.4320124308,-0.0318781522
s4_reclaim_vwap_support,random_hash,fast_failure_2pct_target4pct_2d,5,0.8,-0.41226511975999997,-0.03087531208,-0.3678565523,-0.0378627112
s4_reclaim_vwap_support,random_hash,momentum_trail_4pct_5d,5,0.4,-0.25349207806,0.012864082760000001,-0.2608878006,0.0254845728
s4_reclaim_vwap_support,random_hash,next_open_1d,5,1.0,-0.37671996764,-0.04424922958,-0.3395837759,-0.0432864195
s4_reclaim_vwap_support,random_hash,next_open_2d,5,0.6,-0.34389602404,-0.009679700820000001,-0.3179100184,-0.0052414317
s4_reclaim_vwap_support,random_hash,next_open_3d,5,0.4,-0.19142680276,0.008673846839999999,-0.1920032415,0.0088475267
s4_reclaim_vwap_support,random_hash,next_open_5d,5,0.6,-0.20243073973999998,-0.004842169040000001,-0.2329901446,-0.0032608276
s4_reclaim_vwap_support,random_hash,protect_3pct_target6pct_3d,5,0.8,-0.4168506986400001,-0.03259739452,-0.4283815576,-0.0262673008
s4_reclaim_vwap_support,sector_leader,fast_failure_2pct_target4pct_2d,5,1.0,-0.5820836088,-0.025442915700000002,-0.5820836088,-0.0254429157
s4_reclaim_vwap_support,sector_leader,momentum_trail_4pct_5d,5,1.0,-0.44770436920000006,-0.0855712607,-0.4477043692,-0.0855712607
s4_reclaim_vwap_support,sector_leader,next_open_1d,5,0.0,-0.5207567843,0.0146499793,-0.5207567843,0.0146499793
s4_reclaim_vwap_support,sector_leader,next_open_2d,5,0.0,-0.4399037722,0.0396697379,-0.4399037722,0.0396697379
s4_reclaim_vwap_support,sector_leader,next_open_3d,5,1.0,-0.3556268944,-0.031567053,-0.3556268944,-0.031567053
s4_reclaim_vwap_support,sector_leader,next_open_5d,5,1.0,-0.2821256107,-0.0326303712,-0.2821256107,-0.0326303712
s4_reclaim_vwap_support,sector_leader,protect_3pct_target6pct_3d,5,1.0,-0.3254747177,-0.0266109569,-0.3254747177,-0.0266109569
s4_reclaim_vwap_support,trend_structure,fast_failure_2pct_target4pct_2d,5,0.6,-0.53260777668,-0.013849594240000002,-0.5810748334,-0.0345304401
s4_reclaim_vwap_support,trend_structure,momentum_trail_4pct_5d,5,1.0,-0.42335419902,-0.024718544840000002,-0.437554949,-0.0226247813
s4_reclaim_vwap_support,trend_structure,next_open_1d,5,0.6,-0.39825056418,-0.0460982461,-0.3840061935,-0.083471107
s4_reclaim_vwap_support,trend_structure,next_open_2d,5,0.6,-0.33459107966,-0.03783248072,-0.3028942443,-0.0421645225
s4_reclaim_vwap_support,trend_structure,next_open_3d,5,0.2,-0.005005332879999996,-0.047407479520000004,0.0097194053,-0.0559471725
s4_reclaim_vwap_support,trend_structure,next_open_5d,5,0.8,-0.16399665828,-0.03140165776,-0.1838215205,-0.0354216545
s4_reclaim_vwap_support,trend_structure,protect_3pct_target6pct_3d,5,1.0,-0.45216967808,-0.025019092740000005,-0.4603825724,-0.0351068749
