sample_group,strategy_id,account_count,positive_count,positive_fraction,fully_resolved_count,fully_resolved_fraction,mean_net_return,median_net_return,std_net_return,minimum_net_return,maximum_net_return,mean_maximum_drawdown,median_maximum_drawdown,worst_maximum_drawdown,mean_closed_trade_count,total_closed_trade_count,total_delayed_exit_count,total_unresolved_position_count
primary_development_2022_2023_partial,cs_r3_leader_confirmation,21,0,0.0,21,1.0,-0.31084010928571426,-0.3517288772,0.16164733511715595,-0.5718057187,-0.0760374789,-0.4032426736761905,-0.3778950684,-0.586432922,765.2380952380952,16070,638,0
primary_development_2022_2023_partial,fu_r3_core_pullback,36,14,0.3888888888888889,36,1.0,-0.053096858044444445,-0.07650025815,0.19890102285387393,-0.364355661,0.5065863515,-0.2998098928472222,-0.2931594221,-0.4695840986,530.1944444444445,19087,1580,0
primary_development_2022_2023_partial,ht_r3_core_pullback,23,0,0.0,23,1.0,-0.40992492901304345,-0.4022819306,0.18742618888936874,-0.6699371606,-0.0095153253,-0.4814103578217392,-0.4689045613,-0.6856006034,681.8695652173913,15683,616,0
primary_development_2022_2023_partial,ng_r1_auction_reclaim,39,9,0.23076923076923078,39,1.0,-0.10025128248461539,-0.1223191005,0.13216846191921286,-0.2707030709,0.2314101388,-0.23775310951025647,-0.2316163069,-0.3677776536,606.025641025641,23635,287,0
primary_development_2022_2023_partial,ng_r3_volume_quality,27,3,0.1111111111111111,27,1.0,-0.32753860286666664,-0.3863567944,0.2184207873940118,-0.6201293485,0.250157771,-0.40320503212962966,-0.4193049485,-0.6236197654,688.8888888888889,18600,32,0
primary_development_2022_2023_partial,s0_distance_only,42,3,0.07142857142857142,42,1.0,-0.2849946035642857,-0.24784665960000002,0.2005643666876449,-0.6855309959,0.0788730868,-0.3891936737380953,-0.3580193978,-0.7007884515,748.7142857142857,31446,3565,0
primary_development_2022_2023_partial,s0_strong_no_ma,12,2,0.16666666666666666,12,1.0,-0.32971218837500005,-0.36532106295,0.1775364038374082,-0.5219025103,0.0346327821,-0.40983457701666665,-0.39467062325,-0.526802716,578.6666666666666,6944,2195,0
primary_development_2022_2023_partial,s1_break_reclaim_stable3,32,0,0.0,32,1.0,-0.36466000692812506,-0.3662566241,0.1758162850474234,-0.6995014891,-0.0748094358,-0.41966368484375,-0.3929649532,-0.7002111473,668.625,21396,775,0
primary_development_2022_2023_partial,s1_near_reversal,45,0,0.0,45,1.0,-0.33276282905777776,-0.2682512512,0.19119581127415294,-0.6836999114,-0.0440695268,-0.40882871908222235,-0.3682736015,-0.6879824282,764.0666666666667,34383,2457,0
primary_development_2022_2023_partial,s1_touch_immediate,27,2,0.07407407407407407,27,1.0,-0.3117287281814815,-0.320732112,0.19197386783195486,-0.5719505507,0.0418103765,-0.3901043815222223,-0.3451361474,-0.5688132507,673.2592592592592,18178,6573,0
primary_development_2022_2023_partial,s1_touch_reclaim,41,4,0.0975609756097561,41,1.0,-0.19393689485853657,-0.2050198603,0.19584422517237657,-0.4728714929,0.3765526013,-0.32935902519268295,-0.3137423098,-0.5528929227,607.0,24887,1261,0
primary_development_2022_2023_partial,s2_first_touch_reclaim,17,0,0.0,17,1.0,-0.2755496990411765,-0.2793662198,0.13012662639253791,-0.445965443,-0.0852509314,-0.36862624293529417,-0.3980198811,-0.4811178475,548.4117647058823,9323,6741,0
primary_development_2022_2023_partial,s2_reclaim_acceleration,26,3,0.11538461538461539,26,1.0,-0.20705483236923078,-0.22892919555000002,0.19750180738701226,-0.5967176305,0.2108874391,-0.3362675796576923,-0.3087931264,-0.607532703,562.8076923076923,14633,30,0
primary_development_2022_2023_partial,s2_reclaim_breakout_recent,32,6,0.1875,32,1.0,-0.26991601966562495,-0.3995154259,0.36391315359373855,-0.6852033898,0.4642645245,-0.4545216766625,-0.45882246075,-0.7029315923,666.25,21320,3210,0
primary_development_2022_2023_partial,s2_reclaim_bull_stack,29,5,0.1724137931034483,29,1.0,-0.359784954175862,-0.3787117127,0.29475337322957296,-0.7148154632,0.2220736187,-0.49881565499999997,-0.4172713278,-0.7219173805,637.4137931034483,18485,1666,0
primary_development_2022_2023_partial,s2_reclaim_daily_trend,25,4,0.16,25,1.0,-0.20367376968399997,-0.1187607386,0.21628304610128554,-0.629835188,0.1453532342,-0.3560330056360001,-0.3393339874,-0.6499284411,563.56,14089,2175,0
primary_development_2022_2023_partial,s2_reclaim_positive_slope,40,11,0.275,40,1.0,-0.1355080337725,-0.16925229805,0.278377965717612,-0.6150925562,0.4885304969,-0.328768196615,-0.31334306395,-0.6325388735,606.975,24279,1057,0
primary_development_2022_2023_partial,s2_reclaim_recent_high,29,0,0.0,29,1.0,-0.5295273108724137,-0.5369029766,0.1273938879732155,-0.6981839055,-0.2452433682,-0.5568764641620689,-0.5508067692,-0.721527167,636.0,18444,1711,0
primary_development_2022_2023_partial,s4_auction_confirmed_reclaim,22,0,0.0,22,1.0,-0.28592790177727273,-0.24936992515,0.17803873649929228,-0.673689698,-0.0229771179,-0.3733008682818182,-0.3486167281,-0.6761906706,523.0454545454545,11507,71,0
primary_development_2022_2023_partial,s4_reclaim_amount_acceleration,31,14,0.45161290322580644,31,1.0,-0.037119854809677416,-0.0601134591,0.20538277495950186,-0.5678132451,0.3242981093,-0.2846133522387097,-0.2599813268,-0.5815171423,546.3548387096774,16937,813,0
primary_development_2022_2023_partial,s4_reclaim_volume_normal,29,2,0.06896551724137931,29,1.0,-0.342089593524138,-0.3537728793,0.17622858771637395,-0.6645203533,0.0301672596,-0.4118448637275862,-0.3963803261,-0.6649169047,623.0,18067,1338,0
primary_development_2022_2023_partial,s4_reclaim_volume_proxy,24,0,0.0,24,1.0,-0.3547051124125,-0.36988299935,0.1554521832134624,-0.6440471129,-0.0361651042,-0.4297237211416666,-0.43270883065,-0.6652338355,729.0416666666666,17497,1260,0
primary_development_2022_2023_partial,s4_reclaim_vwap_support,28,1,0.03571428571428571,28,1.0,-0.3395079151464286,-0.30986318605,0.15352118148666838,-0.5805930396,0.052058017,-0.415743326225,-0.38756244269999995,-0.6170007652,652.1428571428571,18260,2197,0
supplemental_2023_09_legacy,cs_r3_leader_confirmation,140,30,0.21428571428571427,140,1.0,-0.03148378848357143,-0.0348259648,0.03659060039078406,-0.1001686914,0.0655139498,-0.07021859662142857,-0.06599492600000001,-0.1274761991,51.17142857142857,7164,4,0
supplemental_2023_09_legacy,fu_r3_core_pullback,140,31,0.22142857142857142,140,1.0,-0.027753392567857145,-0.02118808745,0.039086043107775414,-0.1392660365,0.0429443489,-0.06403423640428571,-0.05845259665,-0.1529166798,34.50714285714286,4831,3,0
supplemental_2023_09_legacy,ht_r3_core_pullback,136,26,0.19117647058823528,136,1.0,-0.031577610961764715,-0.03562189465,0.03267062696803666,-0.1006465327,0.0359886304,-0.07412664451911766,-0.06819539165,-0.1575843545,51.1764705882353,6960,4,0
supplemental_2023_09_legacy,ng_r1_auction_reclaim,140,63,0.45,140,1.0,-0.009878974617142858,-0.0046995097999999996,0.03204073813960375,-0.0998250932,0.048981217,-0.049077032755,-0.042695458049999996,-0.1349046658,33.1,4634,0,0
supplemental_2023_09_legacy,ng_r3_volume_quality,130,24,0.18461538461538463,130,1.0,-0.030918902848461535,-0.030562125500000002,0.03671094441100406,-0.1225994393,0.0334390016,-0.06754733865384614,-0.06098757095,-0.1503034332,49.19230769230769,6395,7,0
supplemental_2023_09_legacy,s0_distance_only,133,7,0.05263157894736842,133,1.0,-0.06309769409097744,-0.0548589332,0.04674515709935188,-0.1654246531,0.0463976309,-0.07277247412556391,-0.0660104048,-0.1391433877,49.11278195488722,6532,0,0
supplemental_2023_09_legacy,s0_strong_no_ma,127,19,0.14960629921259844,127,1.0,-0.04341834102755905,-0.0407479958,0.04190011828350814,-0.1679849908,0.0908552118,-0.08648273028110236,-0.0861535506,-0.1785092734,48.77952755905512,6195,721,0
supplemental_2023_09_legacy,s1_break_reclaim_stable3,138,42,0.30434782608695654,138,1.0,-0.024421437977536233,-0.0245314093,0.03956794445212527,-0.1153628602,0.0752456231,-0.06435836207971016,-0.0592506146,-0.1377117875,50.630434782608695,6987,16,0
supplemental_2023_09_legacy,s1_near_reversal,130,15,0.11538461538461539,130,1.0,-0.030807535209999997,-0.0333911654,0.029273429232742027,-0.0969997702,0.0499776689,-0.06317210743461538,-0.06209982995,-0.1236673181,47.52307692307692,6178,5,0
supplemental_2023_09_legacy,s1_touch_immediate,138,19,0.13768115942028986,138,1.0,-0.048431569831884055,-0.0480245617,0.0363410521379283,-0.1248592176,0.0465419034,-0.0691071595521739,-0.0698032515,-0.1410802335,51.39855072463768,7093,5,0
supplemental_2023_09_legacy,s1_touch_reclaim,122,21,0.1721311475409836,122,1.0,-0.03559155301393442,-0.0334601998,0.03687391601467786,-0.1200554733,0.0396697379,-0.0654666316557377,-0.06756493225,-0.1248302002,48.81147540983606,5955,4,0
supplemental_2023_09_legacy,s2_first_touch_reclaim,139,27,0.19424460431654678,139,1.0,-0.04054263124028778,-0.0465733027,0.04089490092234617,-0.1483455769,0.0514206799,-0.07278351798273382,-0.0725594492,-0.1506989719,51.12230215827338,7106,8,0
supplemental_2023_09_legacy,s2_reclaim_acceleration,133,33,0.24812030075187969,133,1.0,-0.029390535879699246,-0.0220774962,0.04282319980534816,-0.1218815186,0.0675906586,-0.05949851653383459,-0.0534044145,-0.1077281562,49.81203007518797,6625,10,0
supplemental_2023_09_legacy,s2_reclaim_bull_stack,130,55,0.4230769230769231,130,1.0,-0.007703980806923075,-0.0101008491,0.03817817474649824,-0.0681817228,0.0716975378,-0.05705919265384616,-0.0557251703,-0.1200951911,48.60769230769231,6319,0,0
supplemental_2023_09_legacy,s2_reclaim_daily_trend,127,23,0.18110236220472442,127,1.0,-0.035510236722047235,-0.0419445853,0.04066381077773041,-0.1097413624,0.0806692331,-0.06680187964173229,-0.0644343202,-0.1273776731,49.70866141732284,6313,19,0
supplemental_2023_09_legacy,s2_reclaim_positive_slope,136,37,0.27205882352941174,136,1.0,-0.02247675609264706,-0.02928285085,0.04202039297247381,-0.1231590596,0.0793825809,-0.0627822333235294,-0.0616704767,-0.12674628,50.56617647058823,6877,6,0
supplemental_2023_09_legacy,s2_reclaim_recent_high,111,25,0.22522522522522523,111,1.0,-0.03764293068828828,-0.0383744528,0.06063043306825007,-0.1916232644,0.1188073237,-0.08703322668918917,-0.0849325429,-0.2131095135,49.54054054054054,5499,1,0
supplemental_2023_09_legacy,s4_auction_confirmed_reclaim,138,27,0.1956521739130435,138,1.0,-0.03815487721086957,-0.04077906195,0.04775940190815065,-0.1515590103,0.0863933271,-0.0721402690289855,-0.06403633215,-0.1609192952,51.594202898550726,7120,6,0
supplemental_2023_09_legacy,s4_reclaim_amount_acceleration,134,22,0.16417910447761194,134,1.0,-0.028242468632089554,-0.0276583236,0.0363210798005568,-0.10910139,0.0469999806,-0.06077588453358209,-0.058294200399999996,-0.1263542813,50.62686567164179,6784,12,0
supplemental_2023_09_legacy,s4_reclaim_volume_normal,138,10,0.07246376811594203,138,1.0,-0.03429055980362319,-0.0326400782,0.025339710373397356,-0.091178458,0.0461649168,-0.06817052630942029,-0.06341114084999999,-0.1457440218,50.72463768115942,7000,3,0
supplemental_2023_09_legacy,s4_reclaim_volume_proxy,138,35,0.2536231884057971,138,1.0,-0.021414902221014494,-0.018297569450000002,0.032500015878484285,-0.1054752319,0.0892011245,-0.05502760637391304,-0.05333366315,-0.112440009,50.03623188405797,6905,488,0
supplemental_2023_09_legacy,s4_reclaim_vwap_support,134,41,0.30597014925373134,134,1.0,-0.020936445653731345,-0.0271074322,0.03861477312570204,-0.1029587352,0.0666839571,-0.05818506066119403,-0.059545347299999996,-0.1077281562,50.440298507462686,6759,2,0
