sample_group,selection_ranker,policy_id,account_count,positive_count,positive_fraction,fully_resolved_count,fully_resolved_fraction,mean_net_return,median_net_return,std_net_return,minimum_net_return,maximum_net_return,mean_maximum_drawdown,median_maximum_drawdown,worst_maximum_drawdown,mean_closed_trade_count,total_closed_trade_count,total_delayed_exit_count,total_unresolved_position_count
primary_development_2022_2023_partial,flow_quality,fast_failure_2pct_target4pct_2d,18,0,0.0,18,1.0,-0.3810946409888889,-0.4327411975,0.21051371140098493,-0.673689698,-0.0572372652,-0.4409416350777778,-0.4616191766,-0.6761906706,1124.1666666666667,20235,1055,0
primary_development_2022_2023_partial,flow_quality,momentum_trail_4pct_5d,64,5,0.078125,64,1.0,-0.289271919359375,-0.30441245105000003,0.2068335676560507,-0.7148154632,0.1820492819,-0.38537220976250003,-0.35114806225,-0.7219173805,597.328125,38229,4008,0
primary_development_2022_2023_partial,flow_quality,next_open_1d,12,0,0.0,12,1.0,-0.4455477511166666,-0.48839069235,0.17743394618831318,-0.6836999114,-0.1674553402,-0.48275480885833333,-0.5056007975500001,-0.6879824282,1432.0833333333333,17185,1210,0
primary_development_2022_2023_partial,flow_quality,next_open_2d,23,1,0.043478260869565216,23,1.0,-0.26792942076086956,-0.2356796641,0.156243279310621,-0.5219025103,0.0301672596,-0.35130146560434783,-0.328859336,-0.526802716,792.4347826086956,18226,1458,0
primary_development_2022_2023_partial,flow_quality,next_open_3d,36,11,0.3055555555555556,36,1.0,-0.11419806351111109,-0.13956599565,0.21926423667845182,-0.5739390219,0.363341486,-0.3003048938333333,-0.28728211174999996,-0.5908504017,545.75,19647,6510,0
primary_development_2022_2023_partial,flow_quality,next_open_5d,48,6,0.125,48,1.0,-0.14093482376666666,-0.12026318550000001,0.18893592707512724,-0.629835188,0.4885304969,-0.3165936091229167,-0.30163566605000003,-0.6499284411,333.4791666666667,16007,1938,0
primary_development_2022_2023_partial,flow_quality,protect_3pct_target6pct_3d,25,1,0.04,25,1.0,-0.355424288556,-0.4320124308,0.2005938301012755,-0.619245116,0.0084450688,-0.414352135788,-0.4567490819,-0.6317865981,855.68,21392,1468,0
primary_development_2022_2023_partial,random_hash,fast_failure_2pct_target4pct_2d,17,1,0.058823529411764705,17,1.0,-0.4392213524941177,-0.4991196803,0.18453832104661858,-0.6645203533,0.0080187024,-0.49049827931176465,-0.524379875,-0.6649169047,1235.7058823529412,21007,2168,0
primary_development_2022_2023_partial,random_hash,momentum_trail_4pct_5d,69,6,0.08695652173913043,69,1.0,-0.2927440606565217,-0.3164185113,0.19493786714295896,-0.6225210487,0.2314101388,-0.38024396254057974,-0.3648284936,-0.6427710577,601.2173913043479,41484,2628,0
primary_development_2022_2023_partial,random_hash,next_open_1d,9,0,0.0,9,1.0,-0.5282091832222222,-0.5172317546,0.09375258056520006,-0.6800561612,-0.3630937607,-0.5497573101111111,-0.5232558174,-0.6857075934,1581.2222222222222,14231,968,0
primary_development_2022_2023_partial,random_hash,next_open_2d,19,1,0.05263157894736842,19,1.0,-0.28274758160526314,-0.2679367421,0.1480287088885139,-0.5315281492,0.0391686559,-0.36354051237894736,-0.3375315161,-0.5623859357,796.1052631578947,15126,1457,0
primary_development_2022_2023_partial,random_hash,next_open_3d,38,8,0.21052631578947367,38,1.0,-0.13283207275263156,-0.15636423524999998,0.23887284454059593,-0.5722073628,0.5065863515,-0.312439081431579,-0.296944805,-0.5891874763,543.5,20653,6376,0
primary_development_2022_2023_partial,random_hash,next_open_5d,52,8,0.15384615384615385,52,1.0,-0.13036889237307692,-0.10843728795,0.1612819527252667,-0.5948872173,0.3903795224,-0.30752816750961537,-0.2860137211,-0.619179628,332.25,17277,1943,0
primary_development_2022_2023_partial,random_hash,protect_3pct_target6pct_3d,31,3,0.0967741935483871,31,1.0,-0.37600237382903223,-0.4128640354,0.19099952048022845,-0.6108328124,0.0788730868,-0.4308271055612904,-0.4355743928,-0.6266162472,895.6129032258065,27764,1961,0
primary_development_2022_2023_partial,sector_leader,momentum_trail_4pct_5d,10,0,0.0,10,1.0,-0.6346790493,-0.6346790493,0.06350485620000001,-0.6981839055,-0.5711741931,-0.6423024858499999,-0.64230248585,-0.7053246949,823.0,8230,15,0
primary_development_2022_2023_partial,sector_leader,next_open_2d,5,0,0.0,5,1.0,-0.3787117127,-0.3787117127,0.0,-0.3787117127,-0.3787117127,-0.4172713278,-0.4172713278,-0.4172713278,830.0,4150,0,0
primary_development_2022_2023_partial,sector_leader,next_open_3d,10,10,1.0,10,1.0,0.3431690716,0.3431690716,0.1210954529,0.2220736187,0.4642645245,-0.32886028555,-0.32886028555,-0.3681686265,554.5,5545,1200,0
primary_development_2022_2023_partial,sector_leader,next_open_5d,10,10,1.0,10,1.0,0.21503077104999999,0.21503077105,0.07527751665,0.1397532544,0.2903082877,-0.25440399805,-0.25440399805,-0.2698743643,317.5,3175,0,0
primary_development_2022_2023_partial,trend_structure,fast_failure_2pct_target4pct_2d,3,0,0.0,3,1.0,-0.6605833718333333,-0.6855309959,0.04551862883922721,-0.6995014891,-0.5967176305,-0.6695107672666666,-0.7002111473,-0.7007884515,1354.6666666666667,4064,12,0
primary_development_2022_2023_partial,trend_structure,momentum_trail_4pct_5d,65,1,0.015384615384615385,65,1.0,-0.3782502627692308,-0.3815960278,0.16214423045929346,-0.6852033898,0.0151638783,-0.440996805696923,-0.4189321359,-0.721527167,625.0307692307692,40627,1664,0
primary_development_2022_2023_partial,trend_structure,next_open_2d,8,0,0.0,8,1.0,-0.4894178212875,-0.49199170985,0.048435900816909704,-0.5561239257,-0.4112687806,-0.5151054841375,-0.511250988,-0.5650252376,830.0,6640,4,0
primary_development_2022_2023_partial,trend_structure,next_open_3d,23,4,0.17391304347826086,23,1.0,-0.2387742348608696,-0.2661995531,0.2159205476696183,-0.574353995,0.1453532342,-0.402720169,-0.3942501225,-0.6220743,541.2173913043479,12448,540,0
primary_development_2022_2023_partial,trend_structure,next_open_5d,60,7,0.11666666666666667,60,1.0,-0.223290411365,-0.21669939765000001,0.18024016822217762,-0.5651786689,0.187264204,-0.351892068785,-0.33143584800000003,-0.5843628302,334.3666666666667,20062,2963,0
primary_development_2022_2023_partial,trend_structure,protect_3pct_target6pct_3d,22,0,0.0,22,1.0,-0.45441383727272733,-0.5180690403,0.14651039688456677,-0.6917268198,-0.2113779571,-0.4896162532636364,-0.53455566195,-0.7102731545,897.5454545454545,19746,702,0
supplemental_2023_09_legacy,flow_quality,fast_failure_2pct_target4pct_2d,98,16,0.16326530612244897,98,1.0,-0.030722923598979598,-0.032109122399999995,0.0328436161921732,-0.1097413624,0.0631705561,-0.06122712675510204,-0.05742463345,-0.1342649794,65.15306122448979,6385,10,0
supplemental_2023_09_legacy,flow_quality,momentum_trail_4pct_5d,109,15,0.13761467889908258,109,1.0,-0.02626889391559633,-0.0265964618,0.02753685604330162,-0.089743661,0.05689999,-0.0580377981559633,-0.055208336,-0.0966141117,26.706422018348626,2911,6,0
supplemental_2023_09_legacy,flow_quality,next_open_1d,102,13,0.12745098039215685,102,1.0,-0.039418590470588245,-0.0427510582,0.035733811773567783,-0.1352230536,0.0503057979,-0.06826859339509804,-0.06496647075,-0.1473068615,95.58823529411765,9750,3,0
supplemental_2023_09_legacy,flow_quality,next_open_2d,108,31,0.28703703703703703,108,1.0,-0.02146153991574074,-0.022564335499999998,0.03527591048975375,-0.0904589734,0.0752456231,-0.058147779397222224,-0.05457136755,-0.1236259125,48.148148148148145,5200,2,0
supplemental_2023_09_legacy,flow_quality,next_open_3d,109,38,0.3486238532110092,109,1.0,-0.014854420225688074,-0.0145487821,0.03692098604359249,-0.1004562989,0.0806692331,-0.05065645158165137,-0.0453753116,-0.1136229552,34.08256880733945,3715,6,0
supplemental_2023_09_legacy,flow_quality,next_open_5d,109,25,0.22935779816513763,109,1.0,-0.02383639786146789,-0.0294892198,0.031314947406303396,-0.0824823299,0.0633787884,-0.06023300117706422,-0.0569083478,-0.1106253117,20.0,2180,5,0
supplemental_2023_09_legacy,flow_quality,protect_3pct_target6pct_3d,107,13,0.12149532710280374,107,1.0,-0.03019070601308411,-0.0309694963,0.03202539876459854,-0.1064571252,0.0824164604,-0.06057539582523364,-0.0596504646,-0.1219560942,42.73831775700935,4573,249,0
supplemental_2023_09_legacy,random_hash,fast_failure_2pct_target4pct_2d,99,17,0.1717171717171717,99,1.0,-0.03176934682020202,-0.031421761,0.03410135223069709,-0.1114213032,0.0660452037,-0.06148376411212121,-0.0584647406,-0.1574972186,64.9090909090909,6426,9,0
supplemental_2023_09_legacy,random_hash,momentum_trail_4pct_5d,109,19,0.1743119266055046,109,1.0,-0.024491691490825685,-0.0255674812,0.02838135422991136,-0.101589391,0.0517448617,-0.054826387189908246,-0.0540256658,-0.1066685596,26.706422018348626,2911,8,0
supplemental_2023_09_legacy,random_hash,next_open_1d,104,11,0.10576923076923077,104,1.0,-0.04000399019519231,-0.0437922035,0.03332873775396324,-0.1178042426,0.0387927137,-0.06752865053557693,-0.06613801650000001,-0.1518603341,95.67307692307692,9950,3,0
supplemental_2023_09_legacy,random_hash,next_open_2d,108,30,0.2777777777777778,108,1.0,-0.02235166072407407,-0.02213440725,0.039931070455962926,-0.1916232644,0.0740238221,-0.05926593268796296,-0.0557368777,-0.2131095135,48.148148148148145,5200,2,0
supplemental_2023_09_legacy,random_hash,next_open_3d,106,30,0.2830188679245283,106,1.0,-0.01938193841037736,-0.02024325155,0.03548699733185709,-0.1004562989,0.0806692331,-0.05254500832830189,-0.0485897676,-0.1136229552,34.056603773584904,3610,6,0
supplemental_2023_09_legacy,random_hash,next_open_5d,110,25,0.22727272727272727,110,1.0,-0.02416858067727273,-0.0282074718,0.030804388077895706,-0.0984624043,0.0633787884,-0.05977658420272729,-0.05664969705,-0.1088860684,20.0,2200,5,0
supplemental_2023_09_legacy,random_hash,protect_3pct_target6pct_3d,106,17,0.16037735849056603,106,1.0,-0.031000186003773588,-0.03330822965,0.03351904582650902,-0.1216756353,0.0863933271,-0.0589080567773585,-0.05536932545,-0.1263174635,42.83018867924528,4540,250,0
supplemental_2023_09_legacy,sector_leader,fast_failure_2pct_target4pct_2d,100,20,0.2,100,1.0,-0.036095643205,-0.03876960385,0.045772706468385445,-0.1151688522,0.048981217,-0.08156096863499998,-0.08075822295,-0.1327458633,82.4,8240,5,0
supplemental_2023_09_legacy,sector_leader,momentum_trail_4pct_5d,105,20,0.19047619047619047,105,1.0,-0.05477896506190476,-0.0640408497,0.0555341901420969,-0.1443530667,0.0514206799,-0.09175094783809525,-0.0963326684,-0.1503034332,39.285714285714285,4125,0,0
supplemental_2023_09_legacy,sector_leader,next_open_1d,95,45,0.47368421052631576,95,1.0,-0.027609237689473685,-0.0321937252,0.06103625879216089,-0.1375624919,0.0793825809,-0.08363241366842106,-0.084780717,-0.1575843545,95.26315789473684,9050,0,0
supplemental_2023_09_legacy,sector_leader,next_open_2d,110,45,0.4090909090909091,110,1.0,-0.02204906775454545,-0.0276975593,0.04513883943767763,-0.1096801137,0.0499776689,-0.08585301957727273,-0.08614827485000001,-0.1649658993,48.18181818181818,5300,5,0
supplemental_2023_09_legacy,sector_leader,next_open_3d,110,10,0.09090909090909091,110,1.0,-0.03791300465454546,-0.031567053,0.04783099918017591,-0.1617494503,0.0468729487,-0.08758650237727274,-0.0835576398,-0.1529166798,34.09090909090909,3750,0,0
supplemental_2023_09_legacy,sector_leader,next_open_5d,110,5,0.045454545454545456,110,1.0,-0.04226939278636363,-0.048674058150000005,0.04409386807659761,-0.0901488266,0.1188073237,-0.09196890372727273,-0.0977049478,-0.1416180992,20.0,2200,0,0
supplemental_2023_09_legacy,sector_leader,protect_3pct_target6pct_3d,85,25,0.29411764705882354,85,1.0,-0.04997192179411765,-0.0450769067,0.06018353335209917,-0.1654246531,0.0463308491,-0.09084585635294118,-0.0840360882,-0.1609192952,61.11764705882353,5195,5,0
supplemental_2023_09_legacy,trend_structure,fast_failure_2pct_target4pct_2d,107,25,0.2336448598130841,107,1.0,-0.03325603161214953,-0.0424805428,0.04452187275592143,-0.1231590596,0.0716975378,-0.06152434586168225,-0.058725543,-0.1471486393,67.40186915887851,7212,13,0
supplemental_2023_09_legacy,trend_structure,momentum_trail_4pct_5d,109,19,0.1743119266055046,109,1.0,-0.030685494910091742,-0.0316091331,0.03132097862916001,-0.10910139,0.0463976309,-0.058470231930275236,-0.0556982847,-0.1174385626,27.660550458715598,3015,7,0
supplemental_2023_09_legacy,trend_structure,next_open_1d,98,17,0.17346938775510204,98,1.0,-0.05125465726734693,-0.04973702855,0.039168581487673396,-0.1356152922,0.0264928813,-0.07137664115,-0.0693482108,-0.1467725794,95.40816326530613,9350,0,0
supplemental_2023_09_legacy,trend_structure,next_open_2d,103,28,0.27184466019417475,103,1.0,-0.03388303043592232,-0.0364852839,0.04497278911568427,-0.1679849908,0.0542710111,-0.06278151199126214,-0.0590857639,-0.1785092734,48.05825242718446,4950,482,0
supplemental_2023_09_legacy,trend_structure,next_open_3d,98,19,0.19387755102040816,98,1.0,-0.03657295051836734,-0.042798610449999996,0.03822237461814076,-0.1081419351,0.0908552118,-0.0606701440632653,-0.062906374,-0.1115348061,33.97959183673469,3330,0,0
supplemental_2023_09_legacy,trend_structure,next_open_5d,110,24,0.21818181818181817,110,1.0,-0.02859681695363637,-0.02760610615,0.03311070339144483,-0.123630592,0.0684341069,-0.05739421967727272,-0.05164905635,-0.1410802335,20.0,2200,240,0
supplemental_2023_09_legacy,trend_structure,protect_3pct_target6pct_3d,108,30,0.2777777777777778,108,1.0,-0.022769584165740736,-0.020734547399999997,0.037464103502718865,-0.1107499224,0.0892011245,-0.05086487488333334,-0.045859509,-0.1150323814,44.101851851851855,4763,3,0
