sample_group,trade_date,outcome_path,outcome_rows,schema_match,normalized_complete,event_rows,path_rows,reference_rows,path_id_unique,event_orphan_path_count,reference_orphan_path_count,normalized_row_parity
primary_development_2022_2023_partial,2022-01-04,H:\quant_project\runs\minute_ma_development_2022_2024\outcomes\date=2022-01-04\outcomes.parquet,375012,True,True,375012,141363,375012,1,0,0,True
primary_development_2022_2023_partial,2022-01-05,H:\quant_project\runs\minute_ma_development_2022_2024\outcomes\date=2022-01-05\outcomes.parquet,349448,True,True,349448,142933,349448,1,0,0,True
primary_development_2022_2023_partial,2022-01-06,H:\quant_project\runs\minute_ma_development_2022_2024\outcomes\date=2022-01-06\outcomes.parquet,414507,True,True,414507,150778,414507,1,0,0,True
primary_development_2022_2023_partial,2022-01-07,H:\quant_project\runs\minute_ma_development_2022_2024\outcomes\date=2022-01-07\outcomes.parquet,358115,True,True,358115,144773,358115,1,0,0,True
primary_development_2022_2023_partial,2022-01-10,H:\quant_project\runs\minute_ma_development_2022_2024\outcomes\date=2022-01-10\outcomes.parquet,411488,True,True,411488,150753,411488,1,0,0,True
primary_development_2022_2023_partial,2022-01-11,H:\quant_project\runs\minute_ma_development_2022_2024\outcomes\date=2022-01-11\outcomes.parquet,395153,True,True,395153,147098,395153,1,0,0,True
primary_development_2022_2023_partial,2022-01-12,H:\quant_project\runs\minute_ma_development_2022_2024\outcomes\date=2022-01-12\outcomes.parquet,451120,True,True,451120,154695,451120,1,0,0,True
primary_development_2022_2023_partial,2022-01-13,H:\quant_project\runs\minute_ma_development_2022_2024\outcomes\date=2022-01-13\outcomes.parquet,364793,True,True,364793,145546,364793,1,0,0,True
primary_development_2022_2023_partial,2022-01-14,H:\quant_project\runs\minute_ma_development_2022_2024\outcomes\date=2022-01-14\outcomes.parquet,362440,True,True,362440,144646,362440,1,0,0,True
primary_development_2022_2023_partial,2022-01-17,H:\quant_project\runs\minute_ma_development_2022_2024\outcomes\date=2022-01-17\outcomes.parquet,410154,True,True,410154,147331,410154,1,0,0,True
primary_development_2022_2023_partial,2022-01-18,H:\quant_project\runs\minute_ma_development_2022_2024\outcomes\date=2022-01-18\outcomes.parquet,374980,True,True,374980,147284,374980,1,0,0,True
primary_development_2022_2023_partial,2022-01-19,H:\quant_project\runs\minute_ma_development_2022_2024\outcomes\date=2022-01-19\outcomes.parquet,400419,True,True,400419,150874,400419,1,0,0,True
primary_development_2022_2023_partial,2022-01-20,H:\quant_project\runs\minute_ma_development_2022_2024\outcomes\date=2022-01-20\outcomes.parquet,322512,True,True,322512,133110,322512,1,0,0,True
primary_development_2022_2023_partial,2022-01-21,H:\quant_project\runs\minute_ma_development_2022_2024\outcomes\date=2022-01-21\outcomes.parquet,297696,True,True,297696,128663,297696,1,0,0,True
primary_development_2022_2023_partial,2022-01-24,H:\quant_project\runs\minute_ma_development_2022_2024\outcomes\date=2022-01-24\outcomes.parquet,315828,True,True,315828,132377,315828,1,0,0,True
primary_development_2022_2023_partial,2022-01-25,H:\quant_project\runs\minute_ma_development_2022_2024\outcomes\date=2022-01-25\outcomes.parquet,223834,True,True,223834,110674,223834,1,0,0,True
primary_development_2022_2023_partial,2022-01-26,H:\quant_project\runs\minute_ma_development_2022_2024\outcomes\date=2022-01-26\outcomes.parquet,276914,True,True,276914,118582,276914,1,0,0,True
primary_development_2022_2023_partial,2022-01-27,H:\quant_project\runs\minute_ma_development_2022_2024\outcomes\date=2022-01-27\outcomes.parquet,231234,True,True,231234,113098,231234,1,0,0,True
primary_development_2022_2023_partial,2022-01-28,H:\quant_project\runs\minute_ma_development_2022_2024\outcomes\date=2022-01-28\outcomes.parquet,367192,True,True,367192,141316,367192,1,0,0,True
primary_development_2022_2023_partial,2022-02-07,H:\quant_project\runs\minute_ma_development_2022_2024\outcomes\date=2022-02-07\outcomes.parquet,346646,True,True,346646,139479,346646,1,0,0,True
primary_development_2022_2023_partial,2022-02-08,H:\quant_project\runs\minute_ma_development_2022_2024\outcomes\date=2022-02-08\outcomes.parquet,406264,True,True,406264,156678,406264,1,0,0,True
primary_development_2022_2023_partial,2022-02-09,H:\quant_project\runs\minute_ma_development_2022_2024\outcomes\date=2022-02-09\outcomes.parquet,335704,True,True,335704,138981,335704,1,0,0,True
primary_development_2022_2023_partial,2022-02-10,H:\quant_project\runs\minute_ma_development_2022_2024\outcomes\date=2022-02-10\outcomes.parquet,355716,True,True,355716,149643,355716,1,0,0,True
primary_development_2022_2023_partial,2022-02-11,H:\quant_project\runs\minute_ma_development_2022_2024\outcomes\date=2022-02-11\outcomes.parquet,337320,True,True,337320,141047,337320,1,0,0,True
primary_development_2022_2023_partial,2022-02-14,H:\quant_project\runs\minute_ma_development_2022_2024\outcomes\date=2022-02-14\outcomes.parquet,398939,True,True,398939,150583,398939,1,0,0,True
primary_development_2022_2023_partial,2022-02-15,H:\quant_project\runs\minute_ma_development_2022_2024\outcomes\date=2022-02-15\outcomes.parquet,400267,True,True,400267,154831,400267,1,0,0,True
primary_development_2022_2023_partial,2022-02-16,H:\quant_project\runs\minute_ma_development_2022_2024\outcomes\date=2022-02-16\outcomes.parquet,451469,True,True,451469,159988,451469,1,0,0,True
primary_development_2022_2023_partial,2022-02-17,H:\quant_project\runs\minute_ma_development_2022_2024\outcomes\date=2022-02-17\outcomes.parquet,416177,True,True,416177,159880,416177,1,0,0,True
primary_development_2022_2023_partial,2022-02-18,H:\quant_project\runs\minute_ma_development_2022_2024\outcomes\date=2022-02-18\outcomes.parquet,490563,True,True,490563,165881,490563,1,0,0,True
primary_development_2022_2023_partial,2022-02-21,H:\quant_project\runs\minute_ma_development_2022_2024\outcomes\date=2022-02-21\outcomes.parquet,446624,True,True,446624,159352,446624,1,0,0,True
primary_development_2022_2023_partial,2022-02-22,H:\quant_project\runs\minute_ma_development_2022_2024\outcomes\date=2022-02-22\outcomes.parquet,402403,True,True,402403,156164,402403,1,0,0,True
primary_development_2022_2023_partial,2022-02-23,H:\quant_project\runs\minute_ma_development_2022_2024\outcomes\date=2022-02-23\outcomes.parquet,458303,True,True,458303,155078,458303,1,0,0,True
primary_development_2022_2023_partial,2022-02-24,H:\quant_project\runs\minute_ma_development_2022_2024\outcomes\date=2022-02-24\outcomes.parquet,403111,True,True,403111,155159,403111,1,0,0,True
primary_development_2022_2023_partial,2022-02-25,H:\quant_project\runs\minute_ma_development_2022_2024\outcomes\date=2022-02-25\outcomes.parquet,450764,True,True,450764,150621,450764,1,0,0,True
primary_development_2022_2023_partial,2022-02-28,H:\quant_project\runs\minute_ma_development_2022_2024\outcomes\date=2022-02-28\outcomes.parquet,390877,True,True,390877,149355,390877,1,0,0,True
primary_development_2022_2023_partial,2022-03-01,H:\quant_project\runs\minute_ma_development_2022_2024\outcomes\date=2022-03-01\outcomes.parquet,477756,True,True,477756,164825,477756,1,0,0,True
primary_development_2022_2023_partial,2022-03-02,H:\quant_project\runs\minute_ma_development_2022_2024\outcomes\date=2022-03-02\outcomes.parquet,433449,True,True,433449,159471,433449,1,0,0,True
primary_development_2022_2023_partial,2022-03-03,H:\quant_project\runs\minute_ma_development_2022_2024\outcomes\date=2022-03-03\outcomes.parquet,353418,True,True,353418,143635,353418,1,0,0,True
primary_development_2022_2023_partial,2022-03-04,H:\quant_project\runs\minute_ma_development_2022_2024\outcomes\date=2022-03-04\outcomes.parquet,361373,True,True,361373,147471,361373,1,0,0,True
primary_development_2022_2023_partial,2022-03-07,H:\quant_project\runs\minute_ma_development_2022_2024\outcomes\date=2022-03-07\outcomes.parquet,322659,True,True,322659,134215,322659,1,0,0,True
primary_development_2022_2023_partial,2022-03-08,H:\quant_project\runs\minute_ma_development_2022_2024\outcomes\date=2022-03-08\outcomes.parquet,279267,True,True,279267,122665,279267,1,0,0,True
primary_development_2022_2023_partial,2022-03-09,H:\quant_project\runs\minute_ma_development_2022_2024\outcomes\date=2022-03-09\outcomes.parquet,234671,True,True,234671,112141,234671,1,0,0,True
primary_development_2022_2023_partial,2022-03-10,H:\quant_project\runs\minute_ma_development_2022_2024\outcomes\date=2022-03-10\outcomes.parquet,341286,True,True,341286,136811,341286,1,0,0,True
primary_development_2022_2023_partial,2022-03-11,H:\quant_project\runs\minute_ma_development_2022_2024\outcomes\date=2022-03-11\outcomes.parquet,402823,True,True,402823,153824,402823,1,0,0,True
primary_development_2022_2023_partial,2022-03-14,H:\quant_project\runs\minute_ma_development_2022_2024\outcomes\date=2022-03-14\outcomes.parquet,316860,True,True,316860,137615,316860,1,0,0,True
primary_development_2022_2023_partial,2022-03-15,H:\quant_project\runs\minute_ma_development_2022_2024\outcomes\date=2022-03-15\outcomes.parquet,187768,True,True,187768,100458,187768,1,0,0,True
primary_development_2022_2023_partial,2022-03-16,H:\quant_project\runs\minute_ma_development_2022_2024\outcomes\date=2022-03-16\outcomes.parquet,279638,True,True,279638,120706,279638,1,0,0,True
primary_development_2022_2023_partial,2022-03-17,H:\quant_project\runs\minute_ma_development_2022_2024\outcomes\date=2022-03-17\outcomes.parquet,359949,True,True,359949,137939,359949,1,0,0,True
primary_development_2022_2023_partial,2022-03-18,H:\quant_project\runs\minute_ma_development_2022_2024\outcomes\date=2022-03-18\outcomes.parquet,407809,True,True,407809,153960,407809,1,0,0,True
primary_development_2022_2023_partial,2022-03-21,H:\quant_project\runs\minute_ma_development_2022_2024\outcomes\date=2022-03-21\outcomes.parquet,382440,True,True,382440,151630,382440,1,0,0,True
primary_development_2022_2023_partial,2022-03-22,H:\quant_project\runs\minute_ma_development_2022_2024\outcomes\date=2022-03-22\outcomes.parquet,383506,True,True,383506,153750,383506,1,0,0,True
primary_development_2022_2023_partial,2022-03-23,H:\quant_project\runs\minute_ma_development_2022_2024\outcomes\date=2022-03-23\outcomes.parquet,427021,True,True,427021,163307,427021,1,0,0,True
primary_development_2022_2023_partial,2022-03-24,H:\quant_project\runs\minute_ma_development_2022_2024\outcomes\date=2022-03-24\outcomes.parquet,360482,True,True,360482,146936,360482,1,0,0,True
primary_development_2022_2023_partial,2022-03-25,H:\quant_project\runs\minute_ma_development_2022_2024\outcomes\date=2022-03-25\outcomes.parquet,443528,True,True,443528,156383,443528,1,0,0,True
primary_development_2022_2023_partial,2022-03-28,H:\quant_project\runs\minute_ma_development_2022_2024\outcomes\date=2022-03-28\outcomes.parquet,406900,True,True,406900,151651,406900,1,0,0,True
primary_development_2022_2023_partial,2022-03-29,H:\quant_project\runs\minute_ma_development_2022_2024\outcomes\date=2022-03-29\outcomes.parquet,367551,True,True,367551,144086,367551,1,0,0,True
primary_development_2022_2023_partial,2022-03-30,H:\quant_project\runs\minute_ma_development_2022_2024\outcomes\date=2022-03-30\outcomes.parquet,445524,True,True,445524,157243,445524,1,0,0,True
primary_development_2022_2023_partial,2022-03-31,H:\quant_project\runs\minute_ma_development_2022_2024\outcomes\date=2022-03-31\outcomes.parquet,404899,True,True,404899,155815,404899,1,0,0,True
primary_development_2022_2023_partial,2022-04-01,H:\quant_project\runs\minute_ma_development_2022_2024\outcomes\date=2022-04-01\outcomes.parquet,393275,True,True,393275,150202,393275,1,0,0,True
primary_development_2022_2023_partial,2022-04-06,H:\quant_project\runs\minute_ma_development_2022_2024\outcomes\date=2022-04-06\outcomes.parquet,399741,True,True,399741,145288,399741,1,0,0,True
primary_development_2022_2023_partial,2022-04-07,H:\quant_project\runs\minute_ma_development_2022_2024\outcomes\date=2022-04-07\outcomes.parquet,359375,True,True,359375,146245,359375,1,0,0,True
primary_development_2022_2023_partial,2022-04-08,H:\quant_project\runs\minute_ma_development_2022_2024\outcomes\date=2022-04-08\outcomes.parquet,324015,True,True,324015,131350,324015,1,0,0,True
primary_development_2022_2023_partial,2022-04-11,H:\quant_project\runs\minute_ma_development_2022_2024\outcomes\date=2022-04-11\outcomes.parquet,265146,True,True,265146,119803,265146,1,0,0,True
primary_development_2022_2023_partial,2022-04-12,H:\quant_project\runs\minute_ma_development_2022_2024\outcomes\date=2022-04-12\outcomes.parquet,389225,True,True,389225,142400,389225,1,0,0,True
primary_development_2022_2023_partial,2022-04-13,H:\quant_project\runs\minute_ma_development_2022_2024\outcomes\date=2022-04-13\outcomes.parquet,345712,True,True,345712,145556,345712,1,0,0,True
primary_development_2022_2023_partial,2022-04-14,H:\quant_project\runs\minute_ma_development_2022_2024\outcomes\date=2022-04-14\outcomes.parquet,405029,True,True,405029,155133,405029,1,0,0,True
primary_development_2022_2023_partial,2022-04-15,H:\quant_project\runs\minute_ma_development_2022_2024\outcomes\date=2022-04-15\outcomes.parquet,340634,True,True,340634,141386,340634,1,0,0,True
primary_development_2022_2023_partial,2022-04-18,H:\quant_project\runs\minute_ma_development_2022_2024\outcomes\date=2022-04-18\outcomes.parquet,347770,True,True,347770,140711,347770,1,0,0,True
primary_development_2022_2023_partial,2022-04-19,H:\quant_project\runs\minute_ma_development_2022_2024\outcomes\date=2022-04-19\outcomes.parquet,420551,True,True,420551,157349,420551,1,0,0,True
primary_development_2022_2023_partial,2022-04-20,H:\quant_project\runs\minute_ma_development_2022_2024\outcomes\date=2022-04-20\outcomes.parquet,383414,True,True,383414,151239,383414,1,0,0,True
primary_development_2022_2023_partial,2022-04-21,H:\quant_project\runs\minute_ma_development_2022_2024\outcomes\date=2022-04-21\outcomes.parquet,266634,True,True,266634,118679,266634,1,0,0,True
primary_development_2022_2023_partial,2022-04-22,H:\quant_project\runs\minute_ma_development_2022_2024\outcomes\date=2022-04-22\outcomes.parquet,260671,True,True,260671,118092,260671,1,0,0,True
primary_development_2022_2023_partial,2022-04-25,H:\quant_project\runs\minute_ma_development_2022_2024\outcomes\date=2022-04-25\outcomes.parquet,154768,True,True,154768,91238,154768,1,0,0,True
primary_development_2022_2023_partial,2022-04-26,H:\quant_project\runs\minute_ma_development_2022_2024\outcomes\date=2022-04-26\outcomes.parquet,158091,True,True,158091,91195,158091,1,0,0,True
primary_development_2022_2023_partial,2022-04-27,H:\quant_project\runs\minute_ma_development_2022_2024\outcomes\date=2022-04-27\outcomes.parquet,262279,True,True,262279,118091,262279,1,0,0,True
primary_development_2022_2023_partial,2022-04-28,H:\quant_project\runs\minute_ma_development_2022_2024\outcomes\date=2022-04-28\outcomes.parquet,274428,True,True,274428,129266,274428,1,0,0,True
primary_development_2022_2023_partial,2022-04-29,H:\quant_project\runs\minute_ma_development_2022_2024\outcomes\date=2022-04-29\outcomes.parquet,340912,True,True,340912,130948,340912,1,0,0,True
primary_development_2022_2023_partial,2022-05-05,H:\quant_project\runs\minute_ma_development_2022_2024\outcomes\date=2022-05-05\outcomes.parquet,287832,True,True,287832,127081,287832,1,0,0,True
primary_development_2022_2023_partial,2022-05-06,H:\quant_project\runs\minute_ma_development_2022_2024\outcomes\date=2022-05-06\outcomes.parquet,327848,True,True,327848,142517,327848,1,0,0,True
primary_development_2022_2023_partial,2022-05-09,H:\quant_project\runs\minute_ma_development_2022_2024\outcomes\date=2022-05-09\outcomes.parquet,392525,True,True,392525,145077,392525,1,0,0,True
primary_development_2022_2023_partial,2022-05-10,H:\quant_project\runs\minute_ma_development_2022_2024\outcomes\date=2022-05-10\outcomes.parquet,427582,True,True,427582,156967,427582,1,0,0,True
primary_development_2022_2023_partial,2022-05-11,H:\quant_project\runs\minute_ma_development_2022_2024\outcomes\date=2022-05-11\outcomes.parquet,361165,True,True,361165,141518,361165,1,0,0,True
primary_development_2022_2023_partial,2022-05-12,H:\quant_project\runs\minute_ma_development_2022_2024\outcomes\date=2022-05-12\outcomes.parquet,484843,True,True,484843,170382,484843,1,0,0,True
primary_development_2022_2023_partial,2022-05-13,H:\quant_project\runs\minute_ma_development_2022_2024\outcomes\date=2022-05-13\outcomes.parquet,437919,True,True,437919,158231,437919,1,0,0,True
primary_development_2022_2023_partial,2022-05-16,H:\quant_project\runs\minute_ma_development_2022_2024\outcomes\date=2022-05-16\outcomes.parquet,380199,True,True,380199,151220,380199,1,0,0,True
primary_development_2022_2023_partial,2022-05-17,H:\quant_project\runs\minute_ma_development_2022_2024\outcomes\date=2022-05-17\outcomes.parquet,429177,True,True,429177,160895,429177,1,0,0,True
primary_development_2022_2023_partial,2022-05-18,H:\quant_project\runs\minute_ma_development_2022_2024\outcomes\date=2022-05-18\outcomes.parquet,448495,True,True,448495,158442,448495,1,0,0,True
primary_development_2022_2023_partial,2022-05-19,H:\quant_project\runs\minute_ma_development_2022_2024\outcomes\date=2022-05-19\outcomes.parquet,444125,True,True,444125,161005,444125,1,0,0,True
primary_development_2022_2023_partial,2022-05-20,H:\quant_project\runs\minute_ma_development_2022_2024\outcomes\date=2022-05-20\outcomes.parquet,404373,True,True,404373,146905,404373,1,0,0,True
primary_development_2022_2023_partial,2022-05-23,H:\quant_project\runs\minute_ma_development_2022_2024\outcomes\date=2022-05-23\outcomes.parquet,333866,True,True,333866,136732,333866,1,0,0,True
primary_development_2022_2023_partial,2022-05-24,H:\quant_project\runs\minute_ma_development_2022_2024\outcomes\date=2022-05-24\outcomes.parquet,368876,True,True,368876,153242,368876,1,0,0,True
primary_development_2022_2023_partial,2022-05-25,H:\quant_project\runs\minute_ma_development_2022_2024\outcomes\date=2022-05-25\outcomes.parquet,456531,True,True,456531,156407,456531,1,0,0,True
primary_development_2022_2023_partial,2022-05-26,H:\quant_project\runs\minute_ma_development_2022_2024\outcomes\date=2022-05-26\outcomes.parquet,475306,True,True,475306,165941,475306,1,0,0,True
primary_development_2022_2023_partial,2022-05-27,H:\quant_project\runs\minute_ma_development_2022_2024\outcomes\date=2022-05-27\outcomes.parquet,449185,True,True,449185,168540,449185,1,0,0,True
primary_development_2022_2023_partial,2022-05-30,H:\quant_project\runs\minute_ma_development_2022_2024\outcomes\date=2022-05-30\outcomes.parquet,465041,True,True,465041,166763,465041,1,0,0,True
primary_development_2022_2023_partial,2022-05-31,H:\quant_project\runs\minute_ma_development_2022_2024\outcomes\date=2022-05-31\outcomes.parquet,429242,True,True,429242,159601,429242,1,0,0,True
primary_development_2022_2023_partial,2022-06-01,H:\quant_project\runs\minute_ma_development_2022_2024\outcomes\date=2022-06-01\outcomes.parquet,406957,True,True,406957,156062,406957,1,0,0,True
primary_development_2022_2023_partial,2022-06-02,H:\quant_project\runs\minute_ma_development_2022_2024\outcomes\date=2022-06-02\outcomes.parquet,389271,True,True,389271,150397,389271,1,0,0,True
primary_development_2022_2023_partial,2022-06-06,H:\quant_project\runs\minute_ma_development_2022_2024\outcomes\date=2022-06-06\outcomes.parquet,363775,True,True,363775,139541,363775,1,0,0,True
primary_development_2022_2023_partial,2022-06-07,H:\quant_project\runs\minute_ma_development_2022_2024\outcomes\date=2022-06-07\outcomes.parquet,400121,True,True,400121,155353,400121,1,0,0,True
primary_development_2022_2023_partial,2022-06-08,H:\quant_project\runs\minute_ma_development_2022_2024\outcomes\date=2022-06-08\outcomes.parquet,486789,True,True,486789,175058,486789,1,0,0,True
primary_development_2022_2023_partial,2022-06-09,H:\quant_project\runs\minute_ma_development_2022_2024\outcomes\date=2022-06-09\outcomes.parquet,373646,True,True,373646,149268,373646,1,0,0,True
primary_development_2022_2023_partial,2022-06-10,H:\quant_project\runs\minute_ma_development_2022_2024\outcomes\date=2022-06-10\outcomes.parquet,509961,True,True,509961,165154,509961,1,0,0,True
primary_development_2022_2023_partial,2022-06-13,H:\quant_project\runs\minute_ma_development_2022_2024\outcomes\date=2022-06-13\outcomes.parquet,443454,True,True,443454,161370,443454,1,0,0,True
primary_development_2022_2023_partial,2022-06-14,H:\quant_project\runs\minute_ma_development_2022_2024\outcomes\date=2022-06-14\outcomes.parquet,476632,True,True,476632,168223,476632,1,0,0,True
primary_development_2022_2023_partial,2022-06-15,H:\quant_project\runs\minute_ma_development_2022_2024\outcomes\date=2022-06-15\outcomes.parquet,437033,True,True,437033,159115,437033,1,0,0,True
primary_development_2022_2023_partial,2022-06-16,H:\quant_project\runs\minute_ma_development_2022_2024\outcomes\date=2022-06-16\outcomes.parquet,443466,True,True,443466,161031,443466,1,0,0,True
primary_development_2022_2023_partial,2022-06-17,H:\quant_project\runs\minute_ma_development_2022_2024\outcomes\date=2022-06-17\outcomes.parquet,495298,True,True,495298,172876,495298,1,0,0,True
primary_development_2022_2023_partial,2022-06-20,H:\quant_project\runs\minute_ma_development_2022_2024\outcomes\date=2022-06-20\outcomes.parquet,431026,True,True,431026,152356,431026,1,0,0,True
primary_development_2022_2023_partial,2022-06-21,H:\quant_project\runs\minute_ma_development_2022_2024\outcomes\date=2022-06-21\outcomes.parquet,419015,True,True,419015,162326,419015,1,0,0,True
primary_development_2022_2023_partial,2022-06-22,H:\quant_project\runs\minute_ma_development_2022_2024\outcomes\date=2022-06-22\outcomes.parquet,393076,True,True,393076,153928,393076,1,0,0,True
primary_development_2022_2023_partial,2022-06-23,H:\quant_project\runs\minute_ma_development_2022_2024\outcomes\date=2022-06-23\outcomes.parquet,468598,True,True,468598,160374,468598,1,0,0,True
primary_development_2022_2023_partial,2022-06-24,H:\quant_project\runs\minute_ma_development_2022_2024\outcomes\date=2022-06-24\outcomes.parquet,420034,True,True,420034,158502,420034,1,0,0,True
primary_development_2022_2023_partial,2022-06-27,H:\quant_project\runs\minute_ma_development_2022_2024\outcomes\date=2022-06-27\outcomes.parquet,392098,True,True,392098,150240,392098,1,0,0,True
primary_development_2022_2023_partial,2022-06-28,H:\quant_project\runs\minute_ma_development_2022_2024\outcomes\date=2022-06-28\outcomes.parquet,410135,True,True,410135,152214,410135,1,0,0,True
primary_development_2022_2023_partial,2022-06-29,H:\quant_project\runs\minute_ma_development_2022_2024\outcomes\date=2022-06-29\outcomes.parquet,390824,True,True,390824,154485,390824,1,0,0,True
primary_development_2022_2023_partial,2022-06-30,H:\quant_project\runs\minute_ma_development_2022_2024\outcomes\date=2022-06-30\outcomes.parquet,434593,True,True,434593,154181,434593,1,0,0,True
primary_development_2022_2023_partial,2022-07-01,H:\quant_project\runs\minute_ma_development_2022_2024\outcomes\date=2022-07-01\outcomes.parquet,406951,True,True,406951,154928,406951,1,0,0,True
primary_development_2022_2023_partial,2022-07-04,H:\quant_project\runs\minute_ma_development_2022_2024\outcomes\date=2022-07-04\outcomes.parquet,404099,True,True,404099,152736,404099,1,0,0,True
primary_development_2022_2023_partial,2022-07-05,H:\quant_project\runs\minute_ma_development_2022_2024\outcomes\date=2022-07-05\outcomes.parquet,417960,True,True,417960,158714,417960,1,0,0,True
primary_development_2022_2023_partial,2022-07-06,H:\quant_project\runs\minute_ma_development_2022_2024\outcomes\date=2022-07-06\outcomes.parquet,341989,True,True,341989,141939,341989,1,0,0,True
primary_development_2022_2023_partial,2022-07-07,H:\quant_project\runs\minute_ma_development_2022_2024\outcomes\date=2022-07-07\outcomes.parquet,425821,True,True,425821,154820,425821,1,0,0,True
primary_development_2022_2023_partial,2022-07-08,H:\quant_project\runs\minute_ma_development_2022_2024\outcomes\date=2022-07-08\outcomes.parquet,453136,True,True,453136,162837,453136,1,0,0,True
primary_development_2022_2023_partial,2022-07-11,H:\quant_project\runs\minute_ma_development_2022_2024\outcomes\date=2022-07-11\outcomes.parquet,368121,True,True,368121,145727,368121,1,0,0,True
primary_development_2022_2023_partial,2022-07-12,H:\quant_project\runs\minute_ma_development_2022_2024\outcomes\date=2022-07-12\outcomes.parquet,353155,True,True,353155,142858,353155,1,0,0,True
primary_development_2022_2023_partial,2022-07-13,H:\quant_project\runs\minute_ma_development_2022_2024\outcomes\date=2022-07-13\outcomes.parquet,430502,True,True,430502,155987,430502,1,0,0,True
primary_development_2022_2023_partial,2022-07-14,H:\quant_project\runs\minute_ma_development_2022_2024\outcomes\date=2022-07-14\outcomes.parquet,403844,True,True,403844,155356,403844,1,0,0,True
primary_development_2022_2023_partial,2022-07-15,H:\quant_project\runs\minute_ma_development_2022_2024\outcomes\date=2022-07-15\outcomes.parquet,320958,True,True,320958,137051,320958,1,0,0,True
primary_development_2022_2023_partial,2022-07-18,H:\quant_project\runs\minute_ma_development_2022_2024\outcomes\date=2022-07-18\outcomes.parquet,456465,True,True,456465,156447,456465,1,0,0,True
primary_development_2022_2023_partial,2022-07-19,H:\quant_project\runs\minute_ma_development_2022_2024\outcomes\date=2022-07-19\outcomes.parquet,413064,True,True,413064,153309,413064,1,0,0,True
primary_development_2022_2023_partial,2022-07-20,H:\quant_project\runs\minute_ma_development_2022_2024\outcomes\date=2022-07-20\outcomes.parquet,380669,True,True,380669,151277,380669,1,0,0,True
primary_development_2022_2023_partial,2022-07-21,H:\quant_project\runs\minute_ma_development_2022_2024\outcomes\date=2022-07-21\outcomes.parquet,399694,True,True,399694,155544,399694,1,0,0,True
primary_development_2022_2023_partial,2022-07-22,H:\quant_project\runs\minute_ma_development_2022_2024\outcomes\date=2022-07-22\outcomes.parquet,441672,True,True,441672,162580,441672,1,0,0,True
primary_development_2022_2023_partial,2022-07-25,H:\quant_project\runs\minute_ma_development_2022_2024\outcomes\date=2022-07-25\outcomes.parquet,420852,True,True,420852,151030,420852,1,0,0,True
primary_development_2022_2023_partial,2022-07-26,H:\quant_project\runs\minute_ma_development_2022_2024\outcomes\date=2022-07-26\outcomes.parquet,483687,True,True,483687,168120,483687,1,0,0,True
primary_development_2022_2023_partial,2022-07-27,H:\quant_project\runs\minute_ma_development_2022_2024\outcomes\date=2022-07-27\outcomes.parquet,442605,True,True,442605,160233,442605,1,0,0,True
primary_development_2022_2023_partial,2022-07-28,H:\quant_project\runs\minute_ma_development_2022_2024\outcomes\date=2022-07-28\outcomes.parquet,396527,True,True,396527,148863,396527,1,0,0,True
primary_development_2022_2023_partial,2022-07-29,H:\quant_project\runs\minute_ma_development_2022_2024\outcomes\date=2022-07-29\outcomes.parquet,381267,True,True,381267,149387,381267,1,0,0,True
primary_development_2022_2023_partial,2022-08-01,H:\quant_project\runs\minute_ma_development_2022_2024\outcomes\date=2022-08-01\outcomes.parquet,387550,True,True,387550,146739,387550,1,0,0,True
primary_development_2022_2023_partial,2022-08-02,H:\quant_project\runs\minute_ma_development_2022_2024\outcomes\date=2022-08-02\outcomes.parquet,302857,True,True,302857,127760,302857,1,0,0,True
primary_development_2022_2023_partial,2022-08-03,H:\quant_project\runs\minute_ma_development_2022_2024\outcomes\date=2022-08-03\outcomes.parquet,363404,True,True,363404,136267,363404,1,0,0,True
primary_development_2022_2023_partial,2022-08-04,H:\quant_project\runs\minute_ma_development_2022_2024\outcomes\date=2022-08-04\outcomes.parquet,365425,True,True,365425,144994,365425,1,0,0,True
primary_development_2022_2023_partial,2022-08-05,H:\quant_project\runs\minute_ma_development_2022_2024\outcomes\date=2022-08-05\outcomes.parquet,418266,True,True,418266,153705,418266,1,0,0,True
primary_development_2022_2023_partial,2022-08-08,H:\quant_project\runs\minute_ma_development_2022_2024\outcomes\date=2022-08-08\outcomes.parquet,404001,True,True,404001,154861,404001,1,0,0,True
primary_development_2022_2023_partial,2022-08-09,H:\quant_project\runs\minute_ma_development_2022_2024\outcomes\date=2022-08-09\outcomes.parquet,374509,True,True,374509,151949,374509,1,0,0,True
primary_development_2022_2023_partial,2022-08-10,H:\quant_project\runs\minute_ma_development_2022_2024\outcomes\date=2022-08-10\outcomes.parquet,372914,True,True,372914,151427,372914,1,0,0,True
primary_development_2022_2023_partial,2022-08-11,H:\quant_project\runs\minute_ma_development_2022_2024\outcomes\date=2022-08-11\outcomes.parquet,402999,True,True,402999,148940,402999,1,0,0,True
primary_development_2022_2023_partial,2022-08-12,H:\quant_project\runs\minute_ma_development_2022_2024\outcomes\date=2022-08-12\outcomes.parquet,358961,True,True,358961,145392,358961,1,0,0,True
primary_development_2022_2023_partial,2022-08-15,H:\quant_project\runs\minute_ma_development_2022_2024\outcomes\date=2022-08-15\outcomes.parquet,410694,True,True,410694,156396,410694,1,0,0,True
primary_development_2022_2023_partial,2022-08-16,H:\quant_project\runs\minute_ma_development_2022_2024\outcomes\date=2022-08-16\outcomes.parquet,430152,True,True,430152,157158,430152,1,0,0,True
primary_development_2022_2023_partial,2022-08-17,H:\quant_project\runs\minute_ma_development_2022_2024\outcomes\date=2022-08-17\outcomes.parquet,413350,True,True,413350,155490,413350,1,0,0,True
primary_development_2022_2023_partial,2022-08-18,H:\quant_project\runs\minute_ma_development_2022_2024\outcomes\date=2022-08-18\outcomes.parquet,388653,True,True,388653,150638,388653,1,0,0,True
primary_development_2022_2023_partial,2022-08-19,H:\quant_project\runs\minute_ma_development_2022_2024\outcomes\date=2022-08-19\outcomes.parquet,429608,True,True,429608,155737,429608,1,0,0,True
primary_development_2022_2023_partial,2022-08-22,H:\quant_project\runs\minute_ma_development_2022_2024\outcomes\date=2022-08-22\outcomes.parquet,453643,True,True,453643,158979,453643,1,0,0,True
primary_development_2022_2023_partial,2022-08-23,H:\quant_project\runs\minute_ma_development_2022_2024\outcomes\date=2022-08-23\outcomes.parquet,421340,True,True,421340,154518,421340,1,0,0,True
primary_development_2022_2023_partial,2022-08-24,H:\quant_project\runs\minute_ma_development_2022_2024\outcomes\date=2022-08-24\outcomes.parquet,357521,True,True,357521,143943,357521,1,0,0,True
primary_development_2022_2023_partial,2022-08-25,H:\quant_project\runs\minute_ma_development_2022_2024\outcomes\date=2022-08-25\outcomes.parquet,398069,True,True,398069,148418,398069,1,0,0,True
primary_development_2022_2023_partial,2022-08-26,H:\quant_project\runs\minute_ma_development_2022_2024\outcomes\date=2022-08-26\outcomes.parquet,428146,True,True,428146,156265,428146,1,0,0,True
primary_development_2022_2023_partial,2022-08-29,H:\quant_project\runs\minute_ma_development_2022_2024\outcomes\date=2022-08-29\outcomes.parquet,459760,True,True,459760,164680,459760,1,0,0,True
primary_development_2022_2023_partial,2022-08-30,H:\quant_project\runs\minute_ma_development_2022_2024\outcomes\date=2022-08-30\outcomes.parquet,420927,True,True,420927,152064,420927,1,0,0,True
primary_development_2022_2023_partial,2022-08-31,H:\quant_project\runs\minute_ma_development_2022_2024\outcomes\date=2022-08-31\outcomes.parquet,387843,True,True,387843,149067,387843,1,0,0,True
primary_development_2022_2023_partial,2022-09-01,H:\quant_project\runs\minute_ma_development_2022_2024\outcomes\date=2022-09-01\outcomes.parquet,370283,True,True,370283,143257,370283,1,0,0,True
primary_development_2022_2023_partial,2022-09-02,H:\quant_project\runs\minute_ma_development_2022_2024\outcomes\date=2022-09-02\outcomes.parquet,430563,True,True,430563,156064,430563,1,0,0,True
primary_development_2022_2023_partial,2022-09-05,H:\quant_project\runs\minute_ma_development_2022_2024\outcomes\date=2022-09-05\outcomes.parquet,430216,True,True,430216,161060,430216,1,0,0,True
primary_development_2022_2023_partial,2022-09-06,H:\quant_project\runs\minute_ma_development_2022_2024\outcomes\date=2022-09-06\outcomes.parquet,422502,True,True,422502,158508,422502,1,0,0,True
primary_development_2022_2023_partial,2022-09-07,H:\quant_project\runs\minute_ma_development_2022_2024\outcomes\date=2022-09-07\outcomes.parquet,384980,True,True,384980,154005,384980,1,0,0,True
primary_development_2022_2023_partial,2022-09-08,H:\quant_project\runs\minute_ma_development_2022_2024\outcomes\date=2022-09-08\outcomes.parquet,387849,True,True,387849,153616,387849,1,0,0,True
primary_development_2022_2023_partial,2022-09-09,H:\quant_project\runs\minute_ma_development_2022_2024\outcomes\date=2022-09-09\outcomes.parquet,399273,True,True,399273,150914,399273,1,0,0,True
primary_development_2022_2023_partial,2022-09-13,H:\quant_project\runs\minute_ma_development_2022_2024\outcomes\date=2022-09-13\outcomes.parquet,425197,True,True,425197,156942,425197,1,0,0,True
primary_development_2022_2023_partial,2022-09-14,H:\quant_project\runs\minute_ma_development_2022_2024\outcomes\date=2022-09-14\outcomes.parquet,380509,True,True,380509,148334,380509,1,0,0,True
primary_development_2022_2023_partial,2022-09-15,H:\quant_project\runs\minute_ma_development_2022_2024\outcomes\date=2022-09-15\outcomes.parquet,354001,True,True,354001,138390,354001,1,0,0,True
primary_development_2022_2023_partial,2022-09-16,H:\quant_project\runs\minute_ma_development_2022_2024\outcomes\date=2022-09-16\outcomes.parquet,241906,True,True,241906,114757,241906,1,0,0,True
primary_development_2022_2023_partial,2022-09-19,H:\quant_project\runs\minute_ma_development_2022_2024\outcomes\date=2022-09-19\outcomes.parquet,213190,True,True,213190,107203,213190,1,0,0,True
primary_development_2022_2023_partial,2022-09-20,H:\quant_project\runs\minute_ma_development_2022_2024\outcomes\date=2022-09-20\outcomes.parquet,346299,True,True,346299,137003,346299,1,0,0,True
primary_development_2022_2023_partial,2022-09-21,H:\quant_project\runs\minute_ma_development_2022_2024\outcomes\date=2022-09-21\outcomes.parquet,401833,True,True,401833,160184,401833,1,0,0,True
primary_development_2022_2023_partial,2022-09-22,H:\quant_project\runs\minute_ma_development_2022_2024\outcomes\date=2022-09-22\outcomes.parquet,393662,True,True,393662,155491,393662,1,0,0,True
primary_development_2022_2023_partial,2022-09-23,H:\quant_project\runs\minute_ma_development_2022_2024\outcomes\date=2022-09-23\outcomes.parquet,360770,True,True,360770,140352,360770,1,0,0,True
primary_development_2022_2023_partial,2022-09-26,H:\quant_project\runs\minute_ma_development_2022_2024\outcomes\date=2022-09-26\outcomes.parquet,229436,True,True,229436,111474,229436,1,0,0,True
primary_development_2022_2023_partial,2022-09-27,H:\quant_project\runs\minute_ma_development_2022_2024\outcomes\date=2022-09-27\outcomes.parquet,376063,True,True,376063,142703,376063,1,0,0,True
primary_development_2022_2023_partial,2022-09-28,H:\quant_project\runs\minute_ma_development_2022_2024\outcomes\date=2022-09-28\outcomes.parquet,307055,True,True,307055,137058,307055,1,0,0,True
primary_development_2022_2023_partial,2022-09-29,H:\quant_project\runs\minute_ma_development_2022_2024\outcomes\date=2022-09-29\outcomes.parquet,283955,True,True,283955,124607,283955,1,0,0,True
primary_development_2022_2023_partial,2022-09-30,H:\quant_project\runs\minute_ma_development_2022_2024\outcomes\date=2022-09-30\outcomes.parquet,274774,True,True,274774,123661,274774,1,0,0,True
primary_development_2022_2023_partial,2022-10-10,H:\quant_project\runs\minute_ma_development_2022_2024\outcomes\date=2022-10-10\outcomes.parquet,267985,True,True,267985,123036,267985,1,0,0,True
primary_development_2022_2023_partial,2022-10-11,H:\quant_project\runs\minute_ma_development_2022_2024\outcomes\date=2022-10-11\outcomes.parquet,308243,True,True,308243,130278,308243,1,0,0,True
primary_development_2022_2023_partial,2022-10-12,H:\quant_project\runs\minute_ma_development_2022_2024\outcomes\date=2022-10-12\outcomes.parquet,479471,True,True,479471,170165,479471,1,0,0,True
primary_development_2022_2023_partial,2022-10-13,H:\quant_project\runs\minute_ma_development_2022_2024\outcomes\date=2022-10-13\outcomes.parquet,352539,True,True,352539,146049,352539,1,0,0,True
primary_development_2022_2023_partial,2022-10-14,H:\quant_project\runs\minute_ma_development_2022_2024\outcomes\date=2022-10-14\outcomes.parquet,317086,True,True,317086,133018,317086,1,0,0,True
primary_development_2022_2023_partial,2022-10-17,H:\quant_project\runs\minute_ma_development_2022_2024\outcomes\date=2022-10-17\outcomes.parquet,355671,True,True,355671,145432,355671,1,0,0,True
primary_development_2022_2023_partial,2022-10-18,H:\quant_project\runs\minute_ma_development_2022_2024\outcomes\date=2022-10-18\outcomes.parquet,338034,True,True,338034,144657,338034,1,0,0,True
primary_development_2022_2023_partial,2022-10-19,H:\quant_project\runs\minute_ma_development_2022_2024\outcomes\date=2022-10-19\outcomes.parquet,376891,True,True,376891,155818,376891,1,0,0,True
primary_development_2022_2023_partial,2022-10-20,H:\quant_project\runs\minute_ma_development_2022_2024\outcomes\date=2022-10-20\outcomes.parquet,443968,True,True,443968,155991,443968,1,0,0,True
primary_development_2022_2023_partial,2022-10-21,H:\quant_project\runs\minute_ma_development_2022_2024\outcomes\date=2022-10-21\outcomes.parquet,443505,True,True,443505,158029,443505,1,0,0,True
primary_development_2022_2023_partial,2022-10-24,H:\quant_project\runs\minute_ma_development_2022_2024\outcomes\date=2022-10-24\outcomes.parquet,407383,True,True,407383,148412,407383,1,0,0,True
primary_development_2022_2023_partial,2022-10-25,H:\quant_project\runs\minute_ma_development_2022_2024\outcomes\date=2022-10-25\outcomes.parquet,366018,True,True,366018,140531,366018,1,0,0,True
primary_development_2022_2023_partial,2022-10-26,H:\quant_project\runs\minute_ma_development_2022_2024\outcomes\date=2022-10-26\outcomes.parquet,473586,True,True,473586,162749,473586,1,0,0,True
primary_development_2022_2023_partial,2022-10-27,H:\quant_project\runs\minute_ma_development_2022_2024\outcomes\date=2022-10-27\outcomes.parquet,413265,True,True,413265,158449,413265,1,0,0,True
primary_development_2022_2023_partial,2022-10-28,H:\quant_project\runs\minute_ma_development_2022_2024\outcomes\date=2022-10-28\outcomes.parquet,283670,True,True,283670,128237,283670,1,0,0,True
primary_development_2022_2023_partial,2022-10-31,H:\quant_project\runs\minute_ma_development_2022_2024\outcomes\date=2022-10-31\outcomes.parquet,360879,True,True,360879,135863,360879,1,0,0,True
primary_development_2022_2023_partial,2022-11-01,H:\quant_project\runs\minute_ma_development_2022_2024\outcomes\date=2022-11-01\outcomes.parquet,477850,True,True,477850,162722,477850,1,0,0,True
primary_development_2022_2023_partial,2022-11-02,H:\quant_project\runs\minute_ma_development_2022_2024\outcomes\date=2022-11-02\outcomes.parquet,366649,True,True,366649,145052,366649,1,0,0,True
primary_development_2022_2023_partial,2022-11-03,H:\quant_project\runs\minute_ma_development_2022_2024\outcomes\date=2022-11-03\outcomes.parquet,401381,True,True,401381,159044,401381,1,0,0,True
primary_development_2022_2023_partial,2022-11-04,H:\quant_project\runs\minute_ma_development_2022_2024\outcomes\date=2022-11-04\outcomes.parquet,385909,True,True,385909,143550,385909,1,0,0,True
primary_development_2022_2023_partial,2022-11-07,H:\quant_project\runs\minute_ma_development_2022_2024\outcomes\date=2022-11-07\outcomes.parquet,343074,True,True,343074,140217,343074,1,0,0,True
primary_development_2022_2023_partial,2022-11-08,H:\quant_project\runs\minute_ma_development_2022_2024\outcomes\date=2022-11-08\outcomes.parquet,386101,True,True,386101,156454,386101,1,0,0,True
primary_development_2022_2023_partial,2022-11-09,H:\quant_project\runs\minute_ma_development_2022_2024\outcomes\date=2022-11-09\outcomes.parquet,394415,True,True,394415,154937,394415,1,0,0,True
primary_development_2022_2023_partial,2022-11-10,H:\quant_project\runs\minute_ma_development_2022_2024\outcomes\date=2022-11-10\outcomes.parquet,426440,True,True,426440,158580,426440,1,0,0,True
primary_development_2022_2023_partial,2022-11-11,H:\quant_project\runs\minute_ma_development_2022_2024\outcomes\date=2022-11-11\outcomes.parquet,407400,True,True,407400,157340,407400,1,0,0,True
primary_development_2022_2023_partial,2022-11-14,H:\quant_project\runs\minute_ma_development_2022_2024\outcomes\date=2022-11-14\outcomes.parquet,397281,True,True,397281,152807,397281,1,0,0,True
primary_development_2022_2023_partial,2022-11-15,H:\quant_project\runs\minute_ma_development_2022_2024\outcomes\date=2022-11-15\outcomes.parquet,500047,True,True,500047,167932,500047,1,0,0,True
primary_development_2022_2023_partial,2022-11-16,H:\quant_project\runs\minute_ma_development_2022_2024\outcomes\date=2022-11-16\outcomes.parquet,368610,True,True,368610,151529,368610,1,0,0,True
primary_development_2022_2023_partial,2022-11-17,H:\quant_project\runs\minute_ma_development_2022_2024\outcomes\date=2022-11-17\outcomes.parquet,438239,True,True,438239,163100,438239,1,0,0,True
primary_development_2022_2023_partial,2022-11-18,H:\quant_project\runs\minute_ma_development_2022_2024\outcomes\date=2022-11-18\outcomes.parquet,412090,True,True,412090,156866,412090,1,0,0,True
primary_development_2022_2023_partial,2022-11-21,H:\quant_project\runs\minute_ma_development_2022_2024\outcomes\date=2022-11-21\outcomes.parquet,428704,True,True,428704,160144,428704,1,0,0,True
primary_development_2022_2023_partial,2022-11-22,H:\quant_project\runs\minute_ma_development_2022_2024\outcomes\date=2022-11-22\outcomes.parquet,481864,True,True,481864,164692,481864,1,0,0,True
primary_development_2022_2023_partial,2022-11-23,H:\quant_project\runs\minute_ma_development_2022_2024\outcomes\date=2022-11-23\outcomes.parquet,407236,True,True,407236,150483,407236,1,0,0,True
primary_development_2022_2023_partial,2022-11-24,H:\quant_project\runs\minute_ma_development_2022_2024\outcomes\date=2022-11-24\outcomes.parquet,461137,True,True,461137,164207,461137,1,0,0,True
primary_development_2022_2023_partial,2022-11-25,H:\quant_project\runs\minute_ma_development_2022_2024\outcomes\date=2022-11-25\outcomes.parquet,408863,True,True,408863,155845,408863,1,0,0,True
primary_development_2022_2023_partial,2022-11-28,H:\quant_project\runs\minute_ma_development_2022_2024\outcomes\date=2022-11-28\outcomes.parquet,401068,True,True,401068,152660,401068,1,0,0,True
primary_development_2022_2023_partial,2022-11-29,H:\quant_project\runs\minute_ma_development_2022_2024\outcomes\date=2022-11-29\outcomes.parquet,443505,True,True,443505,154058,443505,1,0,0,True
primary_development_2022_2023_partial,2022-11-30,H:\quant_project\runs\minute_ma_development_2022_2024\outcomes\date=2022-11-30\outcomes.parquet,366898,True,True,366898,153552,366898,1,0,0,True
primary_development_2022_2023_partial,2022-12-01,H:\quant_project\runs\minute_ma_development_2022_2024\outcomes\date=2022-12-01\outcomes.parquet,396625,True,True,396625,153490,396625,1,0,0,True
primary_development_2022_2023_partial,2022-12-02,H:\quant_project\runs\minute_ma_development_2022_2024\outcomes\date=2022-12-02\outcomes.parquet,431580,True,True,431580,161647,431580,1,0,0,True
primary_development_2022_2023_partial,2022-12-05,H:\quant_project\runs\minute_ma_development_2022_2024\outcomes\date=2022-12-05\outcomes.parquet,355484,True,True,355484,141652,355484,1,0,0,True
primary_development_2022_2023_partial,2022-12-06,H:\quant_project\runs\minute_ma_development_2022_2024\outcomes\date=2022-12-06\outcomes.parquet,378939,True,True,378939,153760,378939,1,0,0,True
primary_development_2022_2023_partial,2022-12-07,H:\quant_project\runs\minute_ma_development_2022_2024\outcomes\date=2022-12-07\outcomes.parquet,425734,True,True,425734,161633,425734,1,0,0,True
primary_development_2022_2023_partial,2022-12-08,H:\quant_project\runs\minute_ma_development_2022_2024\outcomes\date=2022-12-08\outcomes.parquet,420947,True,True,420947,160678,420947,1,0,0,True
primary_development_2022_2023_partial,2022-12-09,H:\quant_project\runs\minute_ma_development_2022_2024\outcomes\date=2022-12-09\outcomes.parquet,422611,True,True,422611,156673,422611,1,0,0,True
primary_development_2022_2023_partial,2022-12-12,H:\quant_project\runs\minute_ma_development_2022_2024\outcomes\date=2022-12-12\outcomes.parquet,365905,True,True,365905,145911,365905,1,0,0,True
primary_development_2022_2023_partial,2022-12-13,H:\quant_project\runs\minute_ma_development_2022_2024\outcomes\date=2022-12-13\outcomes.parquet,413263,True,True,413263,155655,413263,1,0,0,True
primary_development_2022_2023_partial,2022-12-14,H:\quant_project\runs\minute_ma_development_2022_2024\outcomes\date=2022-12-14\outcomes.parquet,389897,True,True,389897,150520,389897,1,0,0,True
primary_development_2022_2023_partial,2022-12-15,H:\quant_project\runs\minute_ma_development_2022_2024\outcomes\date=2022-12-15\outcomes.parquet,438154,True,True,438154,160317,438154,1,0,0,True
primary_development_2022_2023_partial,2022-12-16,H:\quant_project\runs\minute_ma_development_2022_2024\outcomes\date=2022-12-16\outcomes.parquet,380161,True,True,380161,149228,380161,1,0,0,True
primary_development_2022_2023_partial,2022-12-19,H:\quant_project\runs\minute_ma_development_2022_2024\outcomes\date=2022-12-19\outcomes.parquet,277689,True,True,277689,122280,277689,1,0,0,True
primary_development_2022_2023_partial,2022-12-20,H:\quant_project\runs\minute_ma_development_2022_2024\outcomes\date=2022-12-20\outcomes.parquet,276594,True,True,276594,124526,276594,1,0,0,True
primary_development_2022_2023_partial,2022-12-21,H:\quant_project\runs\minute_ma_development_2022_2024\outcomes\date=2022-12-21\outcomes.parquet,295846,True,True,295846,130937,295846,1,0,0,True
primary_development_2022_2023_partial,2022-12-22,H:\quant_project\runs\minute_ma_development_2022_2024\outcomes\date=2022-12-22\outcomes.parquet,314833,True,True,314833,133351,314833,1,0,0,True
primary_development_2022_2023_partial,2022-12-23,H:\quant_project\runs\minute_ma_development_2022_2024\outcomes\date=2022-12-23\outcomes.parquet,273400,True,True,273400,125271,273400,1,0,0,True
primary_development_2022_2023_partial,2022-12-26,H:\quant_project\runs\minute_ma_development_2022_2024\outcomes\date=2022-12-26\outcomes.parquet,413542,True,True,413542,153345,413542,1,0,0,True
primary_development_2022_2023_partial,2022-12-27,H:\quant_project\runs\minute_ma_development_2022_2024\outcomes\date=2022-12-27\outcomes.parquet,426352,True,True,426352,162383,426352,1,0,0,True
primary_development_2022_2023_partial,2022-12-28,H:\quant_project\runs\minute_ma_development_2022_2024\outcomes\date=2022-12-28\outcomes.parquet,350963,True,True,350963,146828,350963,1,0,0,True
primary_development_2022_2023_partial,2022-12-29,H:\quant_project\runs\minute_ma_development_2022_2024\outcomes\date=2022-12-29\outcomes.parquet,344008,True,True,344008,141726,344008,1,0,0,True
primary_development_2022_2023_partial,2022-12-30,H:\quant_project\runs\minute_ma_development_2022_2024\outcomes\date=2022-12-30\outcomes.parquet,436530,True,True,436530,156926,436530,1,0,0,True
primary_development_2022_2023_partial,2023-01-03,H:\quant_project\runs\minute_ma_development_2022_2024\outcomes\date=2023-01-03\outcomes.parquet,486353,True,True,486353,163809,486353,1,0,0,True
primary_development_2022_2023_partial,2023-01-04,H:\quant_project\runs\minute_ma_development_2022_2024\outcomes\date=2023-01-04\outcomes.parquet,394508,True,True,394508,157886,394508,1,0,0,True
primary_development_2022_2023_partial,2023-01-05,H:\quant_project\runs\minute_ma_development_2022_2024\outcomes\date=2023-01-05\outcomes.parquet,414244,True,True,414244,160631,414244,1,0,0,True
primary_development_2022_2023_partial,2023-01-06,H:\quant_project\runs\minute_ma_development_2022_2024\outcomes\date=2023-01-06\outcomes.parquet,382201,True,True,382201,152673,382201,1,0,0,True
primary_development_2022_2023_partial,2023-01-09,H:\quant_project\runs\minute_ma_development_2022_2024\outcomes\date=2023-01-09\outcomes.parquet,430162,True,True,430162,155244,430162,1,0,0,True
primary_development_2022_2023_partial,2023-01-10,H:\quant_project\runs\minute_ma_development_2022_2024\outcomes\date=2023-01-10\outcomes.parquet,379262,True,True,379262,153127,379262,1,0,0,True
primary_development_2022_2023_partial,2023-01-11,H:\quant_project\runs\minute_ma_development_2022_2024\outcomes\date=2023-01-11\outcomes.parquet,391208,True,True,391208,153217,391208,1,0,0,True
primary_development_2022_2023_partial,2023-01-12,H:\quant_project\runs\minute_ma_development_2022_2024\outcomes\date=2023-01-12\outcomes.parquet,405706,True,True,405706,152261,405706,1,0,0,True
primary_development_2022_2023_partial,2023-01-13,H:\quant_project\runs\minute_ma_development_2022_2024\outcomes\date=2023-01-13\outcomes.parquet,472192,True,True,472192,167257,472192,1,0,0,True
primary_development_2022_2023_partial,2023-01-16,H:\quant_project\runs\minute_ma_development_2022_2024\outcomes\date=2023-01-16\outcomes.parquet,457692,True,True,457692,157473,457692,1,0,0,True
primary_development_2022_2023_partial,2023-01-17,H:\quant_project\runs\minute_ma_development_2022_2024\outcomes\date=2023-01-17\outcomes.parquet,393958,True,True,393958,155704,393958,1,0,0,True
primary_development_2022_2023_partial,2023-01-18,H:\quant_project\runs\minute_ma_development_2022_2024\outcomes\date=2023-01-18\outcomes.parquet,450701,True,True,450701,161290,450701,1,0,0,True
primary_development_2022_2023_partial,2023-01-19,H:\quant_project\runs\minute_ma_development_2022_2024\outcomes\date=2023-01-19\outcomes.parquet,442430,True,True,442430,161820,442430,1,0,0,True
primary_development_2022_2023_partial,2023-01-20,H:\quant_project\runs\minute_ma_development_2022_2024\outcomes\date=2023-01-20\outcomes.parquet,393076,True,True,393076,147244,393076,1,0,0,True
primary_development_2022_2023_partial,2023-01-30,H:\quant_project\runs\minute_ma_development_2022_2024\outcomes\date=2023-01-30\outcomes.parquet,287391,True,True,287391,123877,287391,1,0,0,True
primary_development_2022_2023_partial,2023-01-31,H:\quant_project\runs\minute_ma_development_2022_2024\outcomes\date=2023-01-31\outcomes.parquet,350049,True,True,350049,145885,350049,1,0,0,True
primary_development_2022_2023_partial,2023-02-01,H:\quant_project\runs\minute_ma_development_2022_2024\outcomes\date=2023-02-01\outcomes.parquet,352674,True,True,352674,142031,352674,1,0,0,True
primary_development_2022_2023_partial,2023-02-02,H:\quant_project\runs\minute_ma_development_2022_2024\outcomes\date=2023-02-02\outcomes.parquet,306112,True,True,306112,136453,306112,1,0,0,True
primary_development_2022_2023_partial,2023-02-03,H:\quant_project\runs\minute_ma_development_2022_2024\outcomes\date=2023-02-03\outcomes.parquet,410279,True,True,410279,158875,410279,1,0,0,True
primary_development_2022_2023_partial,2023-02-06,H:\quant_project\runs\minute_ma_development_2022_2024\outcomes\date=2023-02-06\outcomes.parquet,399040,True,True,399040,153538,399040,1,0,0,True
primary_development_2022_2023_partial,2023-02-07,H:\quant_project\runs\minute_ma_development_2022_2024\outcomes\date=2023-02-07\outcomes.parquet,456079,True,True,456079,164757,456079,1,0,0,True
primary_development_2022_2023_partial,2023-02-08,H:\quant_project\runs\minute_ma_development_2022_2024\outcomes\date=2023-02-08\outcomes.parquet,398814,True,True,398814,154935,398814,1,0,0,True
primary_development_2022_2023_partial,2023-02-09,H:\quant_project\runs\minute_ma_development_2022_2024\outcomes\date=2023-02-09\outcomes.parquet,513373,True,True,513373,170913,513373,1,0,0,True
primary_development_2022_2023_partial,2023-02-10,H:\quant_project\runs\minute_ma_development_2022_2024\outcomes\date=2023-02-10\outcomes.parquet,430322,True,True,430322,162781,430322,1,0,0,True
primary_development_2022_2023_partial,2023-02-13,H:\quant_project\runs\minute_ma_development_2022_2024\outcomes\date=2023-02-13\outcomes.parquet,444864,True,True,444864,158438,444864,1,0,0,True
primary_development_2022_2023_partial,2023-02-14,H:\quant_project\runs\minute_ma_development_2022_2024\outcomes\date=2023-02-14\outcomes.parquet,379624,True,True,379624,151191,379624,1,0,0,True
primary_development_2022_2023_partial,2023-02-15,H:\quant_project\runs\minute_ma_development_2022_2024\outcomes\date=2023-02-15\outcomes.parquet,398617,True,True,398617,153730,398617,1,0,0,True
primary_development_2022_2023_partial,2023-02-16,H:\quant_project\runs\minute_ma_development_2022_2024\outcomes\date=2023-02-16\outcomes.parquet,493651,True,True,493651,173043,493651,1,0,0,True
primary_development_2022_2023_partial,2023-02-17,H:\quant_project\runs\minute_ma_development_2022_2024\outcomes\date=2023-02-17\outcomes.parquet,370943,True,True,370943,141732,370943,1,0,0,True
primary_development_2022_2023_partial,2023-02-20,H:\quant_project\runs\minute_ma_development_2022_2024\outcomes\date=2023-02-20\outcomes.parquet,469685,True,True,469685,165157,469685,1,0,0,True
primary_development_2022_2023_partial,2023-02-21,H:\quant_project\runs\minute_ma_development_2022_2024\outcomes\date=2023-02-21\outcomes.parquet,496260,True,True,496260,177678,496260,1,0,0,True
primary_development_2022_2023_partial,2023-02-22,H:\quant_project\runs\minute_ma_development_2022_2024\outcomes\date=2023-02-22\outcomes.parquet,459783,True,True,459783,167452,459783,1,0,0,True
primary_development_2022_2023_partial,2023-02-23,H:\quant_project\runs\minute_ma_development_2022_2024\outcomes\date=2023-02-23\outcomes.parquet,447068,True,True,447068,164319,447068,1,0,0,True
primary_development_2022_2023_partial,2023-02-24,H:\quant_project\runs\minute_ma_development_2022_2024\outcomes\date=2023-02-24\outcomes.parquet,459287,True,True,459287,165011,459287,1,0,0,True
primary_development_2022_2023_partial,2023-02-27,H:\quant_project\runs\minute_ma_development_2022_2024\outcomes\date=2023-02-27\outcomes.parquet,422849,True,True,422849,157177,422849,1,0,0,True
primary_development_2022_2023_partial,2023-02-28,H:\quant_project\runs\minute_ma_development_2022_2024\outcomes\date=2023-02-28\outcomes.parquet,535678,True,True,535678,173530,535678,1,0,0,True
primary_development_2022_2023_partial,2023-03-01,H:\quant_project\runs\minute_ma_development_2022_2024\outcomes\date=2023-03-01\outcomes.parquet,467503,True,True,467503,168685,467503,1,0,0,True
primary_development_2022_2023_partial,2023-03-02,H:\quant_project\runs\minute_ma_development_2022_2024\outcomes\date=2023-03-02\outcomes.parquet,393776,True,True,393776,155564,393776,1,0,0,True
primary_development_2022_2023_partial,2023-03-03,H:\quant_project\runs\minute_ma_development_2022_2024\outcomes\date=2023-03-03\outcomes.parquet,448744,True,True,448744,163781,448744,1,0,0,True
primary_development_2022_2023_partial,2023-03-06,H:\quant_project\runs\minute_ma_development_2022_2024\outcomes\date=2023-03-06\outcomes.parquet,434427,True,True,434427,157833,434427,1,0,0,True
primary_development_2022_2023_partial,2023-03-07,H:\quant_project\runs\minute_ma_development_2022_2024\outcomes\date=2023-03-07\outcomes.parquet,372548,True,True,372548,147924,372548,1,0,0,True
primary_development_2022_2023_partial,2023-03-08,H:\quant_project\runs\minute_ma_development_2022_2024\outcomes\date=2023-03-08\outcomes.parquet,365967,True,True,365967,145374,365967,1,0,0,True
primary_development_2022_2023_partial,2023-03-09,H:\quant_project\runs\minute_ma_development_2022_2024\outcomes\date=2023-03-09\outcomes.parquet,402487,True,True,402487,155729,402487,1,0,0,True
primary_development_2022_2023_partial,2023-03-10,H:\quant_project\runs\minute_ma_development_2022_2024\outcomes\date=2023-03-10\outcomes.parquet,293511,True,True,293511,131320,293511,1,0,0,True
primary_development_2022_2023_partial,2023-03-13,H:\quant_project\runs\minute_ma_development_2022_2024\outcomes\date=2023-03-13\outcomes.parquet,339962,True,True,339962,139526,339962,1,0,0,True
primary_development_2022_2023_partial,2023-03-14,H:\quant_project\runs\minute_ma_development_2022_2024\outcomes\date=2023-03-14\outcomes.parquet,314992,True,True,314992,135304,314992,1,0,0,True
primary_development_2022_2023_partial,2023-03-15,H:\quant_project\runs\minute_ma_development_2022_2024\outcomes\date=2023-03-15\outcomes.parquet,450108,True,True,450108,159991,450108,1,0,0,True
primary_development_2022_2023_partial,2023-03-16,H:\quant_project\runs\minute_ma_development_2022_2024\outcomes\date=2023-03-16\outcomes.parquet,322699,True,True,322699,139227,322699,1,0,0,True
primary_development_2022_2023_partial,2023-03-17,H:\quant_project\runs\minute_ma_development_2022_2024\outcomes\date=2023-03-17\outcomes.parquet,430053,True,True,430053,154117,430053,1,0,0,True
primary_development_2022_2023_partial,2023-03-20,H:\quant_project\runs\minute_ma_development_2022_2024\outcomes\date=2023-03-20\outcomes.parquet,345329,True,True,345329,143168,345329,1,0,0,True
primary_development_2022_2023_partial,2023-03-21,H:\quant_project\runs\minute_ma_development_2022_2024\outcomes\date=2023-03-21\outcomes.parquet,478085,True,True,478085,167231,478085,1,0,0,True
primary_development_2022_2023_partial,2023-03-22,H:\quant_project\runs\minute_ma_development_2022_2024\outcomes\date=2023-03-22\outcomes.parquet,415039,True,True,415039,158215,415039,1,0,0,True
primary_development_2022_2023_partial,2023-03-23,H:\quant_project\runs\minute_ma_development_2022_2024\outcomes\date=2023-03-23\outcomes.parquet,427054,True,True,427054,164348,427054,1,0,0,True
primary_development_2022_2023_partial,2023-03-24,H:\quant_project\runs\minute_ma_development_2022_2024\outcomes\date=2023-03-24\outcomes.parquet,414089,True,True,414089,157878,414089,1,0,0,True
primary_development_2022_2023_partial,2023-03-27,H:\quant_project\runs\minute_ma_development_2022_2024\outcomes\date=2023-03-27\outcomes.parquet,393172,True,True,393172,152353,393172,1,0,0,True
primary_development_2022_2023_partial,2023-03-28,H:\quant_project\runs\minute_ma_development_2022_2024\outcomes\date=2023-03-28\outcomes.parquet,389400,True,True,389400,151413,389400,1,0,0,True
primary_development_2022_2023_partial,2023-03-29,H:\quant_project\runs\minute_ma_development_2022_2024\outcomes\date=2023-03-29\outcomes.parquet,349833,True,True,349833,142618,349833,1,0,0,True
primary_development_2022_2023_partial,2023-03-30,H:\quant_project\runs\minute_ma_development_2022_2024\outcomes\date=2023-03-30\outcomes.parquet,357657,True,True,357657,144023,357657,1,0,0,True
primary_development_2022_2023_partial,2023-03-31,H:\quant_project\runs\minute_ma_development_2022_2024\outcomes\date=2023-03-31\outcomes.parquet,462435,True,True,462435,162533,462435,1,0,0,True
primary_development_2022_2023_partial,2023-04-03,H:\quant_project\runs\minute_ma_development_2022_2024\outcomes\date=2023-04-03\outcomes.parquet,463715,True,True,463715,165823,463715,1,0,0,True
primary_development_2022_2023_partial,2023-04-04,H:\quant_project\runs\minute_ma_development_2022_2024\outcomes\date=2023-04-04\outcomes.parquet,360651,True,True,360651,148674,360651,1,0,0,True
primary_development_2022_2023_partial,2023-04-06,H:\quant_project\runs\minute_ma_development_2022_2024\outcomes\date=2023-04-06\outcomes.parquet,326049,True,True,326049,137805,326049,1,0,0,True
primary_development_2022_2023_partial,2023-04-07,H:\quant_project\runs\minute_ma_development_2022_2024\outcomes\date=2023-04-07\outcomes.parquet,433659,True,True,433659,155804,433659,1,0,0,True
primary_development_2022_2023_partial,2023-04-10,H:\quant_project\runs\minute_ma_development_2022_2024\outcomes\date=2023-04-10\outcomes.parquet,357752,True,True,357752,145695,357752,1,0,0,True
primary_development_2022_2023_partial,2023-04-11,H:\quant_project\runs\minute_ma_development_2022_2024\outcomes\date=2023-04-11\outcomes.parquet,360223,True,True,360223,144543,360223,1,0,0,True
primary_development_2022_2023_partial,2023-04-12,H:\quant_project\runs\minute_ma_development_2022_2024\outcomes\date=2023-04-12\outcomes.parquet,421119,True,True,421119,154435,421119,1,0,0,True
primary_development_2022_2023_partial,2023-04-13,H:\quant_project\runs\minute_ma_development_2022_2024\outcomes\date=2023-04-13\outcomes.parquet,396287,True,True,396287,156828,396287,1,0,0,True
primary_development_2022_2023_partial,2023-04-14,H:\quant_project\runs\minute_ma_development_2022_2024\outcomes\date=2023-04-14\outcomes.parquet,452213,True,True,452213,161652,452213,1,0,0,True
primary_development_2022_2023_partial,2023-04-17,H:\quant_project\runs\minute_ma_development_2022_2024\outcomes\date=2023-04-17\outcomes.parquet,439548,True,True,439548,161390,439548,1,0,0,True
primary_development_2022_2023_partial,2023-04-18,H:\quant_project\runs\minute_ma_development_2022_2024\outcomes\date=2023-04-18\outcomes.parquet,385895,True,True,385895,153576,385895,1,0,0,True
primary_development_2022_2023_partial,2023-04-19,H:\quant_project\runs\minute_ma_development_2022_2024\outcomes\date=2023-04-19\outcomes.parquet,365170,True,True,365170,147386,365170,1,0,0,True
primary_development_2022_2023_partial,2023-04-20,H:\quant_project\runs\minute_ma_development_2022_2024\outcomes\date=2023-04-20\outcomes.parquet,305138,True,True,305138,132241,305138,1,0,0,True
primary_development_2022_2023_partial,2023-04-21,H:\quant_project\runs\minute_ma_development_2022_2024\outcomes\date=2023-04-21\outcomes.parquet,308728,True,True,308728,131372,308728,1,0,0,True
primary_development_2022_2023_partial,2023-04-24,H:\quant_project\runs\minute_ma_development_2022_2024\outcomes\date=2023-04-24\outcomes.parquet,273719,True,True,273719,122601,273719,1,0,0,True
primary_development_2022_2023_partial,2023-04-25,H:\quant_project\runs\minute_ma_development_2022_2024\outcomes\date=2023-04-25\outcomes.parquet,252041,True,True,252041,116206,252041,1,0,0,True
primary_development_2022_2023_partial,2023-04-26,H:\quant_project\runs\minute_ma_development_2022_2024\outcomes\date=2023-04-26\outcomes.parquet,425283,True,True,425283,156367,425283,1,0,0,True
primary_development_2022_2023_partial,2023-04-27,H:\quant_project\runs\minute_ma_development_2022_2024\outcomes\date=2023-04-27\outcomes.parquet,406201,True,True,406201,162531,406201,1,0,0,True
primary_development_2022_2023_partial,2023-04-28,H:\quant_project\runs\minute_ma_development_2022_2024\outcomes\date=2023-04-28\outcomes.parquet,420919,True,True,420919,153004,420919,1,0,0,True
primary_development_2022_2023_partial,2023-05-04,H:\quant_project\runs\minute_ma_development_2022_2024\outcomes\date=2023-05-04\outcomes.parquet,351033,True,True,351033,140441,351033,1,0,0,True
primary_development_2022_2023_partial,2023-05-05,H:\quant_project\runs\minute_ma_development_2022_2024\outcomes\date=2023-05-05\outcomes.parquet,328547,True,True,328547,141365,328547,1,0,0,True
primary_development_2022_2023_partial,2023-05-08,H:\quant_project\runs\minute_ma_development_2022_2024\outcomes\date=2023-05-08\outcomes.parquet,386814,True,True,386814,146509,386814,1,0,0,True
primary_development_2022_2023_partial,2023-05-09,H:\quant_project\runs\minute_ma_development_2022_2024\outcomes\date=2023-05-09\outcomes.parquet,351891,True,True,351891,146794,351891,1,0,0,True
primary_development_2022_2023_partial,2023-05-10,H:\quant_project\runs\minute_ma_development_2022_2024\outcomes\date=2023-05-10\outcomes.parquet,425681,True,True,425681,157834,425681,1,0,0,True
primary_development_2022_2023_partial,2023-05-11,H:\quant_project\runs\minute_ma_development_2022_2024\outcomes\date=2023-05-11\outcomes.parquet,426637,True,True,426637,156446,426637,1,0,0,True
primary_development_2022_2023_partial,2023-05-12,H:\quant_project\runs\minute_ma_development_2022_2024\outcomes\date=2023-05-12\outcomes.parquet,389454,True,True,389454,153742,389454,1,0,0,True
primary_development_2022_2023_partial,2023-05-15,H:\quant_project\runs\minute_ma_development_2022_2024\outcomes\date=2023-05-15\outcomes.parquet,474807,True,True,474807,166255,474807,1,0,0,True
primary_development_2022_2023_partial,2023-05-16,H:\quant_project\runs\minute_ma_development_2022_2024\outcomes\date=2023-05-16\outcomes.parquet,373646,True,True,373646,154150,373646,1,0,0,True
primary_development_2022_2023_partial,2023-05-17,H:\quant_project\runs\minute_ma_development_2022_2024\outcomes\date=2023-05-17\outcomes.parquet,477991,True,True,477991,168088,477991,1,0,0,True
primary_development_2022_2023_partial,2023-05-18,H:\quant_project\runs\minute_ma_development_2022_2024\outcomes\date=2023-05-18\outcomes.parquet,426598,True,True,426598,158853,426598,1,0,0,True
supplemental_2023_09_legacy,2023-09-01,H:\quant_project\runs\minute_ma_month_2023_09\outcomes\date=2023-09-01\outcomes.parquet,435662,True,True,435662,160282,435662,1,0,0,True
supplemental_2023_09_legacy,2023-09-04,H:\quant_project\runs\minute_ma_month_2023_09\outcomes\date=2023-09-04\outcomes.parquet,430782,True,True,430782,153118,430782,1,0,0,True
supplemental_2023_09_legacy,2023-09-05,H:\quant_project\runs\minute_ma_month_2023_09\outcomes\date=2023-09-05\outcomes.parquet,364442,True,True,364442,149290,364442,1,0,0,True
supplemental_2023_09_legacy,2023-09-06,H:\quant_project\runs\minute_ma_month_2023_09\outcomes\date=2023-09-06\outcomes.parquet,424324,True,True,424324,157291,424324,1,0,0,True
supplemental_2023_09_legacy,2023-09-07,H:\quant_project\runs\minute_ma_month_2023_09\outcomes\date=2023-09-07\outcomes.parquet,376069,True,True,376069,148669,376069,1,0,0,True
supplemental_2023_09_legacy,2023-09-08,H:\quant_project\runs\minute_ma_month_2023_09\outcomes\date=2023-09-08\outcomes.parquet,405785,True,True,405785,153044,405785,1,0,0,True
supplemental_2023_09_legacy,2023-09-11,H:\quant_project\runs\minute_ma_month_2023_09\outcomes\date=2023-09-11\outcomes.parquet,515178,True,True,515178,170476,515178,1,0,0,True
supplemental_2023_09_legacy,2023-09-12,H:\quant_project\runs\minute_ma_month_2023_09\outcomes\date=2023-09-12\outcomes.parquet,442123,True,True,442123,165918,442123,1,0,0,True
supplemental_2023_09_legacy,2023-09-13,H:\quant_project\runs\minute_ma_month_2023_09\outcomes\date=2023-09-13\outcomes.parquet,432790,True,True,432790,158126,432790,1,0,0,True
supplemental_2023_09_legacy,2023-09-14,H:\quant_project\runs\minute_ma_month_2023_09\outcomes\date=2023-09-14\outcomes.parquet,385598,True,True,385598,147647,385598,1,0,0,True
supplemental_2023_09_legacy,2023-09-15,H:\quant_project\runs\minute_ma_month_2023_09\outcomes\date=2023-09-15\outcomes.parquet,460506,True,True,460506,161646,460506,1,0,0,True
supplemental_2023_09_legacy,2023-09-18,H:\quant_project\runs\minute_ma_month_2023_09\outcomes\date=2023-09-18\outcomes.parquet,584606,True,True,584606,182697,584606,1,0,0,True
supplemental_2023_09_legacy,2023-09-19,H:\quant_project\runs\minute_ma_month_2023_09\outcomes\date=2023-09-19\outcomes.parquet,421247,True,True,421247,155334,421247,1,0,0,True
supplemental_2023_09_legacy,2023-09-20,H:\quant_project\runs\minute_ma_month_2023_09\outcomes\date=2023-09-20\outcomes.parquet,404439,True,True,404439,151818,404439,1,0,0,True
supplemental_2023_09_legacy,2023-09-21,H:\quant_project\runs\minute_ma_month_2023_09\outcomes\date=2023-09-21\outcomes.parquet,362133,True,True,362133,137717,362133,1,0,0,True
supplemental_2023_09_legacy,2023-09-22,H:\quant_project\runs\minute_ma_month_2023_09\outcomes\date=2023-09-22\outcomes.parquet,545461,True,True,545461,176907,545461,1,0,0,True
supplemental_2023_09_legacy,2023-09-25,H:\quant_project\runs\minute_ma_month_2023_09\outcomes\date=2023-09-25\outcomes.parquet,452853,True,True,452853,162563,452853,1,0,0,True
supplemental_2023_09_legacy,2023-09-26,H:\quant_project\runs\minute_ma_month_2023_09\outcomes\date=2023-09-26\outcomes.parquet,402638,True,True,402638,151354,402638,1,0,0,True
supplemental_2023_09_legacy,2023-09-27,H:\quant_project\runs\minute_ma_month_2023_09\outcomes\date=2023-09-27\outcomes.parquet,522391,True,True,522391,172445,522391,1,0,0,True
supplemental_2023_09_legacy,2023-09-28,H:\quant_project\runs\minute_ma_month_2023_09\outcomes\date=2023-09-28\outcomes.parquet,495102,True,True,495102,163664,495102,1,0,0,True
