sample_group,strategy_id,ma_period,signal_count,date_count,symbol_count,author_id,hypothesis_id,author_label,is_control
primary_development_2022_2023_partial,cs_r3_leader_confirmation,10,163598,331,3071,chong_sheng_san_hu_yi_ge,CS-R3,重生之散户一哥,False
primary_development_2022_2023_partial,cs_r3_leader_confirmation,20,125647,331,3067,chong_sheng_san_hu_yi_ge,CS-R3,重生之散户一哥,False
primary_development_2022_2023_partial,cs_r3_leader_confirmation,40,89709,331,3063,chong_sheng_san_hu_yi_ge,CS-R3,重生之散户一哥,False
primary_development_2022_2023_partial,cs_r3_leader_confirmation,60,73339,331,3062,chong_sheng_san_hu_yi_ge,CS-R3,重生之散户一哥,False
primary_development_2022_2023_partial,cs_r3_leader_confirmation,120,50899,331,3038,chong_sheng_san_hu_yi_ge,CS-R3,重生之散户一哥,False
primary_development_2022_2023_partial,cs_r3_leader_confirmation,240,38397,330,3022,chong_sheng_san_hu_yi_ge,CS-R3,重生之散户一哥,False
primary_development_2022_2023_partial,fu_r3_core_pullback,10,57886,199,3055,fu_ge_long_kong_long,FU-R3,付哥龙空龙,False
primary_development_2022_2023_partial,fu_r3_core_pullback,20,49238,199,3047,fu_ge_long_kong_long,FU-R3,付哥龙空龙,False
primary_development_2022_2023_partial,fu_r3_core_pullback,40,36871,199,3040,fu_ge_long_kong_long,FU-R3,付哥龙空龙,False
primary_development_2022_2023_partial,fu_r3_core_pullback,60,30428,199,3026,fu_ge_long_kong_long,FU-R3,付哥龙空龙,False
primary_development_2022_2023_partial,fu_r3_core_pullback,120,21678,199,2988,fu_ge_long_kong_long,FU-R3,付哥龙空龙,False
primary_development_2022_2023_partial,fu_r3_core_pullback,240,15915,199,2915,fu_ge_long_kong_long,FU-R3,付哥龙空龙,False
primary_development_2022_2023_partial,ht_r3_core_pullback,10,116070,331,3069,hai_tang_jun,HT-R3,海棠君_,False
primary_development_2022_2023_partial,ht_r3_core_pullback,20,91775,331,3064,hai_tang_jun,HT-R3,海棠君_,False
primary_development_2022_2023_partial,ht_r3_core_pullback,40,66342,331,3058,hai_tang_jun,HT-R3,海棠君_,False
primary_development_2022_2023_partial,ht_r3_core_pullback,60,54528,331,3054,hai_tang_jun,HT-R3,海棠君_,False
primary_development_2022_2023_partial,ht_r3_core_pullback,120,38088,331,3024,hai_tang_jun,HT-R3,海棠君_,False
primary_development_2022_2023_partial,ht_r3_core_pullback,240,28805,330,3008,hai_tang_jun,HT-R3,海棠君_,False
primary_development_2022_2023_partial,ng_r1_auction_reclaim,10,323179,197,3071,niu_ge_xun_shi,NG-R1,牛哥寻势,False
primary_development_2022_2023_partial,ng_r1_auction_reclaim,20,222984,197,3068,niu_ge_xun_shi,NG-R1,牛哥寻势,False
primary_development_2022_2023_partial,ng_r1_auction_reclaim,40,149097,197,3065,niu_ge_xun_shi,NG-R1,牛哥寻势,False
primary_development_2022_2023_partial,ng_r1_auction_reclaim,60,117566,197,3058,niu_ge_xun_shi,NG-R1,牛哥寻势,False
primary_development_2022_2023_partial,ng_r1_auction_reclaim,120,74680,197,3036,niu_ge_xun_shi,NG-R1,牛哥寻势,False
primary_development_2022_2023_partial,ng_r1_auction_reclaim,240,56405,197,3015,niu_ge_xun_shi,NG-R1,牛哥寻势,False
primary_development_2022_2023_partial,ng_r3_volume_quality,10,792897,331,3073,niu_ge_xun_shi,NG-R3,牛哥寻势,False
primary_development_2022_2023_partial,ng_r3_volume_quality,20,531552,331,3071,niu_ge_xun_shi,NG-R3,牛哥寻势,False
primary_development_2022_2023_partial,ng_r3_volume_quality,40,356776,331,3071,niu_ge_xun_shi,NG-R3,牛哥寻势,False
primary_development_2022_2023_partial,ng_r3_volume_quality,60,285699,331,3067,niu_ge_xun_shi,NG-R3,牛哥寻势,False
primary_development_2022_2023_partial,ng_r3_volume_quality,120,186990,331,3045,niu_ge_xun_shi,NG-R3,牛哥寻势,False
primary_development_2022_2023_partial,ng_r3_volume_quality,240,141107,331,3030,niu_ge_xun_shi,NG-R3,牛哥寻势,False
primary_development_2022_2023_partial,s0_distance_only,10,1534685,331,3073,,,rule_or_control,False
primary_development_2022_2023_partial,s0_distance_only,20,1048526,331,3072,,,rule_or_control,False
primary_development_2022_2023_partial,s0_distance_only,40,705367,331,3071,,,rule_or_control,False
primary_development_2022_2023_partial,s0_distance_only,60,562790,331,3068,,,rule_or_control,False
primary_development_2022_2023_partial,s0_distance_only,120,365879,331,3049,,,rule_or_control,False
primary_development_2022_2023_partial,s0_distance_only,240,279823,331,3033,,,rule_or_control,False
primary_development_2022_2023_partial,s0_liquidity_matched,10,16239010,331,3071,,,rule_or_control,True
primary_development_2022_2023_partial,s0_liquidity_matched,20,11604391,331,3071,,,rule_or_control,True
primary_development_2022_2023_partial,s0_liquidity_matched,40,8353238,331,3071,,,rule_or_control,True
primary_development_2022_2023_partial,s0_liquidity_matched,60,7003515,331,3071,,,rule_or_control,True
primary_development_2022_2023_partial,s0_liquidity_matched,120,5117908,331,3061,,,rule_or_control,True
primary_development_2022_2023_partial,s0_liquidity_matched,240,4317956,331,3046,,,rule_or_control,True
primary_development_2022_2023_partial,s0_random_matched,10,3905499,331,3074,,,rule_or_control,True
primary_development_2022_2023_partial,s0_random_matched,20,3904539,331,3073,,,rule_or_control,True
primary_development_2022_2023_partial,s0_random_matched,40,3902386,331,3072,,,rule_or_control,True
primary_development_2022_2023_partial,s0_random_matched,60,3900109,331,3072,,,rule_or_control,True
primary_development_2022_2023_partial,s0_random_matched,120,3893840,331,3061,,,rule_or_control,True
primary_development_2022_2023_partial,s0_random_matched,240,3877727,331,3046,,,rule_or_control,True
primary_development_2022_2023_partial,s0_strong_no_ma,10,1702966,331,3073,,,rule_or_control,False
primary_development_2022_2023_partial,s0_strong_no_ma,20,1702247,331,3073,,,rule_or_control,False
primary_development_2022_2023_partial,s0_strong_no_ma,40,1701255,331,3072,,,rule_or_control,False
primary_development_2022_2023_partial,s0_strong_no_ma,60,1700405,331,3072,,,rule_or_control,False
primary_development_2022_2023_partial,s0_strong_no_ma,120,1697940,331,3061,,,rule_or_control,False
primary_development_2022_2023_partial,s0_strong_no_ma,240,1691522,331,3046,,,rule_or_control,False
primary_development_2022_2023_partial,s1_break_reclaim_stable3,10,952519,331,3073,,,rule_or_control,False
primary_development_2022_2023_partial,s1_break_reclaim_stable3,20,644150,331,3071,,,rule_or_control,False
primary_development_2022_2023_partial,s1_break_reclaim_stable3,40,432563,331,3071,,,rule_or_control,False
primary_development_2022_2023_partial,s1_break_reclaim_stable3,60,347734,331,3068,,,rule_or_control,False
primary_development_2022_2023_partial,s1_break_reclaim_stable3,120,226979,331,3045,,,rule_or_control,False
primary_development_2022_2023_partial,s1_break_reclaim_stable3,240,171376,331,3031,,,rule_or_control,False
primary_development_2022_2023_partial,s1_near_reversal,10,1262374,331,3073,,,rule_or_control,False
primary_development_2022_2023_partial,s1_near_reversal,20,867875,331,3071,,,rule_or_control,False
primary_development_2022_2023_partial,s1_near_reversal,40,587382,331,3070,,,rule_or_control,False
primary_development_2022_2023_partial,s1_near_reversal,60,470627,331,3068,,,rule_or_control,False
primary_development_2022_2023_partial,s1_near_reversal,120,305639,331,3045,,,rule_or_control,False
primary_development_2022_2023_partial,s1_near_reversal,240,232989,331,3033,,,rule_or_control,False
primary_development_2022_2023_partial,s1_touch_immediate,10,1229846,331,3073,,,rule_or_control,False
primary_development_2022_2023_partial,s1_touch_immediate,20,832155,331,3072,,,rule_or_control,False
primary_development_2022_2023_partial,s1_touch_immediate,40,559033,331,3071,,,rule_or_control,False
primary_development_2022_2023_partial,s1_touch_immediate,60,447796,331,3068,,,rule_or_control,False
primary_development_2022_2023_partial,s1_touch_immediate,120,294388,331,3050,,,rule_or_control,False
primary_development_2022_2023_partial,s1_touch_immediate,240,223115,331,3034,,,rule_or_control,False
primary_development_2022_2023_partial,s1_touch_reclaim,10,1123765,331,3073,,,rule_or_control,False
primary_development_2022_2023_partial,s1_touch_reclaim,20,760523,331,3072,,,rule_or_control,False
primary_development_2022_2023_partial,s1_touch_reclaim,40,510072,331,3071,,,rule_or_control,False
primary_development_2022_2023_partial,s1_touch_reclaim,60,409107,331,3068,,,rule_or_control,False
primary_development_2022_2023_partial,s1_touch_reclaim,120,267789,331,3048,,,rule_or_control,False
primary_development_2022_2023_partial,s1_touch_reclaim,240,202958,331,3033,,,rule_or_control,False
primary_development_2022_2023_partial,s2_first_touch_reclaim,10,6401,330,2692,,,rule_or_control,False
primary_development_2022_2023_partial,s2_first_touch_reclaim,20,36433,331,3063,,,rule_or_control,False
primary_development_2022_2023_partial,s2_first_touch_reclaim,40,53867,331,3067,,,rule_or_control,False
primary_development_2022_2023_partial,s2_first_touch_reclaim,60,49268,331,3065,,,rule_or_control,False
primary_development_2022_2023_partial,s2_first_touch_reclaim,120,37290,331,3047,,,rule_or_control,False
primary_development_2022_2023_partial,s2_first_touch_reclaim,240,28255,331,3032,,,rule_or_control,False
primary_development_2022_2023_partial,s2_reclaim_acceleration,10,561464,331,3068,,,rule_or_control,False
primary_development_2022_2023_partial,s2_reclaim_acceleration,20,376683,331,3066,,,rule_or_control,False
primary_development_2022_2023_partial,s2_reclaim_acceleration,40,247414,331,3063,,,rule_or_control,False
primary_development_2022_2023_partial,s2_reclaim_acceleration,60,196379,331,3062,,,rule_or_control,False
primary_development_2022_2023_partial,s2_reclaim_acceleration,120,127187,331,3042,,,rule_or_control,False
primary_development_2022_2023_partial,s2_reclaim_acceleration,240,93362,331,3021,,,rule_or_control,False
primary_development_2022_2023_partial,s2_reclaim_breakout_recent,10,173457,331,3033,,,rule_or_control,False
primary_development_2022_2023_partial,s2_reclaim_breakout_recent,20,105999,331,3031,,,rule_or_control,False
primary_development_2022_2023_partial,s2_reclaim_breakout_recent,40,53873,331,3020,,,rule_or_control,False
primary_development_2022_2023_partial,s2_reclaim_breakout_recent,60,32448,330,2937,,,rule_or_control,False
primary_development_2022_2023_partial,s2_reclaim_breakout_recent,120,14408,330,2459,,,rule_or_control,False
primary_development_2022_2023_partial,s2_reclaim_breakout_recent,240,26235,331,2758,,,rule_or_control,False
primary_development_2022_2023_partial,s2_reclaim_bull_stack,10,100611,331,3039,,,rule_or_control,False
primary_development_2022_2023_partial,s2_reclaim_bull_stack,20,71246,331,3035,,,rule_or_control,False
primary_development_2022_2023_partial,s2_reclaim_bull_stack,40,29835,331,2947,,,rule_or_control,False
primary_development_2022_2023_partial,s2_reclaim_bull_stack,60,13079,326,2623,,,rule_or_control,False
primary_development_2022_2023_partial,s2_reclaim_bull_stack,120,2467,279,1194,,,rule_or_control,False
primary_development_2022_2023_partial,s2_reclaim_bull_stack,240,361,116,251,,,rule_or_control,False
primary_development_2022_2023_partial,s2_reclaim_daily_trend,10,461774,331,3048,,,rule_or_control,False
primary_development_2022_2023_partial,s2_reclaim_daily_trend,20,318855,331,3048,,,rule_or_control,False
primary_development_2022_2023_partial,s2_reclaim_daily_trend,40,214241,331,3043,,,rule_or_control,False
primary_development_2022_2023_partial,s2_reclaim_daily_trend,60,166421,331,3043,,,rule_or_control,False
primary_development_2022_2023_partial,s2_reclaim_daily_trend,120,72271,331,3035,,,rule_or_control,False
primary_development_2022_2023_partial,s2_reclaim_daily_trend,240,77085,331,3012,,,rule_or_control,False
primary_development_2022_2023_partial,s2_reclaim_positive_slope,10,536283,331,3072,,,rule_or_control,False
primary_development_2022_2023_partial,s2_reclaim_positive_slope,20,373443,331,3069,,,rule_or_control,False
primary_development_2022_2023_partial,s2_reclaim_positive_slope,40,260789,331,3064,,,rule_or_control,False
primary_development_2022_2023_partial,s2_reclaim_positive_slope,60,208487,331,3048,,,rule_or_control,False
primary_development_2022_2023_partial,s2_reclaim_positive_slope,120,133850,331,3040,,,rule_or_control,False
primary_development_2022_2023_partial,s2_reclaim_positive_slope,240,102833,331,3020,,,rule_or_control,False
primary_development_2022_2023_partial,s2_reclaim_recent_high,10,658158,331,3073,,,rule_or_control,False
primary_development_2022_2023_partial,s2_reclaim_recent_high,20,442601,331,3071,,,rule_or_control,False
primary_development_2022_2023_partial,s2_reclaim_recent_high,40,296324,331,3069,,,rule_or_control,False
primary_development_2022_2023_partial,s2_reclaim_recent_high,60,236267,331,3067,,,rule_or_control,False
primary_development_2022_2023_partial,s2_reclaim_recent_high,120,154551,331,3044,,,rule_or_control,False
primary_development_2022_2023_partial,s2_reclaim_recent_high,240,115816,331,3031,,,rule_or_control,False
primary_development_2022_2023_partial,s4_auction_confirmed_reclaim,10,696383,331,3073,,,rule_or_control,False
primary_development_2022_2023_partial,s4_auction_confirmed_reclaim,20,463273,331,3070,,,rule_or_control,False
primary_development_2022_2023_partial,s4_auction_confirmed_reclaim,40,308491,331,3067,,,rule_or_control,False
primary_development_2022_2023_partial,s4_auction_confirmed_reclaim,60,244714,331,3064,,,rule_or_control,False
primary_development_2022_2023_partial,s4_auction_confirmed_reclaim,120,158021,331,3046,,,rule_or_control,False
primary_development_2022_2023_partial,s4_auction_confirmed_reclaim,240,119526,331,3030,,,rule_or_control,False
primary_development_2022_2023_partial,s4_reclaim_amount_acceleration,10,1093792,331,3073,,,rule_or_control,False
primary_development_2022_2023_partial,s4_reclaim_amount_acceleration,20,742529,331,3072,,,rule_or_control,False
primary_development_2022_2023_partial,s4_reclaim_amount_acceleration,40,499377,331,3071,,,rule_or_control,False
primary_development_2022_2023_partial,s4_reclaim_amount_acceleration,60,401147,331,3068,,,rule_or_control,False
primary_development_2022_2023_partial,s4_reclaim_amount_acceleration,120,262942,331,3048,,,rule_or_control,False
primary_development_2022_2023_partial,s4_reclaim_amount_acceleration,240,199064,331,3033,,,rule_or_control,False
primary_development_2022_2023_partial,s4_reclaim_volume_normal,10,1004259,331,3073,,,rule_or_control,False
primary_development_2022_2023_partial,s4_reclaim_volume_normal,20,677308,331,3071,,,rule_or_control,False
primary_development_2022_2023_partial,s4_reclaim_volume_normal,40,453881,331,3071,,,rule_or_control,False
primary_development_2022_2023_partial,s4_reclaim_volume_normal,60,363834,331,3068,,,rule_or_control,False
primary_development_2022_2023_partial,s4_reclaim_volume_normal,120,237130,331,3045,,,rule_or_control,False
primary_development_2022_2023_partial,s4_reclaim_volume_normal,240,179659,331,3031,,,rule_or_control,False
primary_development_2022_2023_partial,s4_reclaim_volume_proxy,10,804909,331,3073,,,rule_or_control,False
primary_development_2022_2023_partial,s4_reclaim_volume_proxy,20,533876,331,3071,,,rule_or_control,False
primary_development_2022_2023_partial,s4_reclaim_volume_proxy,40,352866,331,3070,,,rule_or_control,False
primary_development_2022_2023_partial,s4_reclaim_volume_proxy,60,280895,331,3067,,,rule_or_control,False
primary_development_2022_2023_partial,s4_reclaim_volume_proxy,120,183081,331,3046,,,rule_or_control,False
primary_development_2022_2023_partial,s4_reclaim_volume_proxy,240,138636,331,3032,,,rule_or_control,False
primary_development_2022_2023_partial,s4_reclaim_vwap_support,10,902304,331,3073,,,rule_or_control,False
primary_development_2022_2023_partial,s4_reclaim_vwap_support,20,597544,331,3071,,,rule_or_control,False
primary_development_2022_2023_partial,s4_reclaim_vwap_support,40,394558,331,3070,,,rule_or_control,False
primary_development_2022_2023_partial,s4_reclaim_vwap_support,60,313373,331,3067,,,rule_or_control,False
primary_development_2022_2023_partial,s4_reclaim_vwap_support,120,203928,331,3047,,,rule_or_control,False
primary_development_2022_2023_partial,s4_reclaim_vwap_support,240,154744,331,3032,,,rule_or_control,False
supplemental_2023_09_legacy,cs_r3_leader_confirmation,10,11475,20,2895,chong_sheng_san_hu_yi_ge,CS-R3,重生之散户一哥,False
supplemental_2023_09_legacy,cs_r3_leader_confirmation,20,9403,20,2805,chong_sheng_san_hu_yi_ge,CS-R3,重生之散户一哥,False
supplemental_2023_09_legacy,cs_r3_leader_confirmation,40,6966,20,2515,chong_sheng_san_hu_yi_ge,CS-R3,重生之散户一哥,False
supplemental_2023_09_legacy,cs_r3_leader_confirmation,60,5834,20,2299,chong_sheng_san_hu_yi_ge,CS-R3,重生之散户一哥,False
supplemental_2023_09_legacy,cs_r3_leader_confirmation,120,4477,20,1764,chong_sheng_san_hu_yi_ge,CS-R3,重生之散户一哥,False
supplemental_2023_09_legacy,cs_r3_leader_confirmation,240,2980,20,1253,chong_sheng_san_hu_yi_ge,CS-R3,重生之散户一哥,False
supplemental_2023_09_legacy,fu_r3_core_pullback,10,3486,11,2056,fu_ge_long_kong_long,FU-R3,付哥龙空龙,False
supplemental_2023_09_legacy,fu_r3_core_pullback,20,3488,11,1995,fu_ge_long_kong_long,FU-R3,付哥龙空龙,False
supplemental_2023_09_legacy,fu_r3_core_pullback,40,3025,11,1722,fu_ge_long_kong_long,FU-R3,付哥龙空龙,False
supplemental_2023_09_legacy,fu_r3_core_pullback,60,2491,11,1499,fu_ge_long_kong_long,FU-R3,付哥龙空龙,False
supplemental_2023_09_legacy,fu_r3_core_pullback,120,1897,11,1141,fu_ge_long_kong_long,FU-R3,付哥龙空龙,False
supplemental_2023_09_legacy,fu_r3_core_pullback,240,1165,11,764,fu_ge_long_kong_long,FU-R3,付哥龙空龙,False
supplemental_2023_09_legacy,ht_r3_core_pullback,10,8226,20,2713,hai_tang_jun,HT-R3,海棠君_,False
supplemental_2023_09_legacy,ht_r3_core_pullback,20,7019,20,2573,hai_tang_jun,HT-R3,海棠君_,False
supplemental_2023_09_legacy,ht_r3_core_pullback,40,5278,20,2219,hai_tang_jun,HT-R3,海棠君_,False
supplemental_2023_09_legacy,ht_r3_core_pullback,60,4412,20,2020,hai_tang_jun,HT-R3,海棠君_,False
supplemental_2023_09_legacy,ht_r3_core_pullback,120,3450,20,1549,hai_tang_jun,HT-R3,海棠君_,False
supplemental_2023_09_legacy,ht_r3_core_pullback,240,2253,20,1077,hai_tang_jun,HT-R3,海棠君_,False
supplemental_2023_09_legacy,ng_r1_auction_reclaim,10,18296,11,3025,niu_ge_xun_shi,NG-R1,牛哥寻势,False
supplemental_2023_09_legacy,ng_r1_auction_reclaim,20,14037,11,2974,niu_ge_xun_shi,NG-R1,牛哥寻势,False
supplemental_2023_09_legacy,ng_r1_auction_reclaim,40,9872,11,2710,niu_ge_xun_shi,NG-R1,牛哥寻势,False
supplemental_2023_09_legacy,ng_r1_auction_reclaim,60,8263,11,2478,niu_ge_xun_shi,NG-R1,牛哥寻势,False
supplemental_2023_09_legacy,ng_r1_auction_reclaim,120,5639,11,1833,niu_ge_xun_shi,NG-R1,牛哥寻势,False
supplemental_2023_09_legacy,ng_r1_auction_reclaim,240,3444,11,1248,niu_ge_xun_shi,NG-R1,牛哥寻势,False
supplemental_2023_09_legacy,ng_r3_volume_quality,10,50551,20,3049,niu_ge_xun_shi,NG-R3,牛哥寻势,False
supplemental_2023_09_legacy,ng_r3_volume_quality,20,37408,20,3047,niu_ge_xun_shi,NG-R3,牛哥寻势,False
supplemental_2023_09_legacy,ng_r3_volume_quality,40,25938,20,3002,niu_ge_xun_shi,NG-R3,牛哥寻势,False
supplemental_2023_09_legacy,ng_r3_volume_quality,60,21799,20,2886,niu_ge_xun_shi,NG-R3,牛哥寻势,False
supplemental_2023_09_legacy,ng_r3_volume_quality,120,15179,20,2206,niu_ge_xun_shi,NG-R3,牛哥寻势,False
supplemental_2023_09_legacy,ng_r3_volume_quality,240,10209,20,1667,niu_ge_xun_shi,NG-R3,牛哥寻势,False
supplemental_2023_09_legacy,s0_distance_only,10,107398,20,3049,,,rule_or_control,False
supplemental_2023_09_legacy,s0_distance_only,20,80921,20,3048,,,rule_or_control,False
supplemental_2023_09_legacy,s0_distance_only,40,56678,20,3041,,,rule_or_control,False
supplemental_2023_09_legacy,s0_distance_only,60,47562,20,2988,,,rule_or_control,False
supplemental_2023_09_legacy,s0_distance_only,120,32107,20,2390,,,rule_or_control,False
supplemental_2023_09_legacy,s0_distance_only,240,21536,20,1847,,,rule_or_control,False
supplemental_2023_09_legacy,s0_liquidity_matched,10,1060771,20,3047,,,rule_or_control,True
supplemental_2023_09_legacy,s0_liquidity_matched,20,816888,20,3047,,,rule_or_control,True
supplemental_2023_09_legacy,s0_liquidity_matched,40,605657,20,3047,,,rule_or_control,True
supplemental_2023_09_legacy,s0_liquidity_matched,60,523784,20,3047,,,rule_or_control,True
supplemental_2023_09_legacy,s0_liquidity_matched,120,391950,20,3046,,,rule_or_control,True
supplemental_2023_09_legacy,s0_liquidity_matched,240,305350,20,3044,,,rule_or_control,True
supplemental_2023_09_legacy,s0_random_matched,10,242602,20,3050,,,rule_or_control,True
supplemental_2023_09_legacy,s0_random_matched,20,242493,20,3049,,,rule_or_control,True
supplemental_2023_09_legacy,s0_random_matched,40,242520,20,3049,,,rule_or_control,True
supplemental_2023_09_legacy,s0_random_matched,60,242509,20,3048,,,rule_or_control,True
supplemental_2023_09_legacy,s0_random_matched,120,242351,20,3046,,,rule_or_control,True
supplemental_2023_09_legacy,s0_random_matched,240,242168,20,3044,,,rule_or_control,True
supplemental_2023_09_legacy,s0_strong_no_ma,10,108608,20,3050,,,rule_or_control,False
supplemental_2023_09_legacy,s0_strong_no_ma,20,108604,20,3049,,,rule_or_control,False
supplemental_2023_09_legacy,s0_strong_no_ma,40,108593,20,3049,,,rule_or_control,False
supplemental_2023_09_legacy,s0_strong_no_ma,60,108568,20,3048,,,rule_or_control,False
supplemental_2023_09_legacy,s0_strong_no_ma,120,108523,20,3046,,,rule_or_control,False
supplemental_2023_09_legacy,s0_strong_no_ma,240,108447,20,3044,,,rule_or_control,False
supplemental_2023_09_legacy,s1_break_reclaim_stable3,10,61986,20,3049,,,rule_or_control,False
supplemental_2023_09_legacy,s1_break_reclaim_stable3,20,45606,20,3049,,,rule_or_control,False
supplemental_2023_09_legacy,s1_break_reclaim_stable3,40,31943,20,3028,,,rule_or_control,False
supplemental_2023_09_legacy,s1_break_reclaim_stable3,60,26494,20,2937,,,rule_or_control,False
supplemental_2023_09_legacy,s1_break_reclaim_stable3,120,18555,20,2278,,,rule_or_control,False
supplemental_2023_09_legacy,s1_break_reclaim_stable3,240,12483,20,1736,,,rule_or_control,False
supplemental_2023_09_legacy,s1_near_reversal,10,85074,20,3049,,,rule_or_control,False
supplemental_2023_09_legacy,s1_near_reversal,20,64287,20,3049,,,rule_or_control,False
supplemental_2023_09_legacy,s1_near_reversal,40,45149,20,3033,,,rule_or_control,False
supplemental_2023_09_legacy,s1_near_reversal,60,37870,20,2955,,,rule_or_control,False
supplemental_2023_09_legacy,s1_near_reversal,120,26170,20,2308,,,rule_or_control,False
supplemental_2023_09_legacy,s1_near_reversal,240,17418,20,1770,,,rule_or_control,False
supplemental_2023_09_legacy,s1_touch_immediate,10,81045,20,3049,,,rule_or_control,False
supplemental_2023_09_legacy,s1_touch_immediate,20,59726,20,3049,,,rule_or_control,False
supplemental_2023_09_legacy,s1_touch_immediate,40,41774,20,3037,,,rule_or_control,False
supplemental_2023_09_legacy,s1_touch_immediate,60,35025,20,2982,,,rule_or_control,False
supplemental_2023_09_legacy,s1_touch_immediate,120,24182,20,2372,,,rule_or_control,False
supplemental_2023_09_legacy,s1_touch_immediate,240,16336,20,1830,,,rule_or_control,False
supplemental_2023_09_legacy,s1_touch_reclaim,10,73548,20,3049,,,rule_or_control,False
supplemental_2023_09_legacy,s1_touch_reclaim,20,54349,20,3049,,,rule_or_control,False
supplemental_2023_09_legacy,s1_touch_reclaim,40,37885,20,3033,,,rule_or_control,False
supplemental_2023_09_legacy,s1_touch_reclaim,60,31752,20,2970,,,rule_or_control,False
supplemental_2023_09_legacy,s1_touch_reclaim,120,21894,20,2334,,,rule_or_control,False
supplemental_2023_09_legacy,s1_touch_reclaim,240,14812,20,1788,,,rule_or_control,False
supplemental_2023_09_legacy,s2_first_touch_reclaim,10,229,20,221,,,rule_or_control,False
supplemental_2023_09_legacy,s2_first_touch_reclaim,20,1827,20,1569,,,rule_or_control,False
supplemental_2023_09_legacy,s2_first_touch_reclaim,40,2901,20,2292,,,rule_or_control,False
supplemental_2023_09_legacy,s2_first_touch_reclaim,60,2848,20,2322,,,rule_or_control,False
supplemental_2023_09_legacy,s2_first_touch_reclaim,120,2132,20,1791,,,rule_or_control,False
supplemental_2023_09_legacy,s2_first_touch_reclaim,240,1505,20,1321,,,rule_or_control,False
supplemental_2023_09_legacy,s2_reclaim_acceleration,10,43469,20,2994,,,rule_or_control,False
supplemental_2023_09_legacy,s2_reclaim_acceleration,20,31828,20,2871,,,rule_or_control,False
supplemental_2023_09_legacy,s2_reclaim_acceleration,40,21794,20,2576,,,rule_or_control,False
supplemental_2023_09_legacy,s2_reclaim_acceleration,60,18410,20,2486,,,rule_or_control,False
supplemental_2023_09_legacy,s2_reclaim_acceleration,120,10452,20,2002,,,rule_or_control,False
supplemental_2023_09_legacy,s2_reclaim_acceleration,240,7347,20,1433,,,rule_or_control,False
supplemental_2023_09_legacy,s2_reclaim_bull_stack,10,2727,20,466,,,rule_or_control,False
supplemental_2023_09_legacy,s2_reclaim_bull_stack,20,2032,20,445,,,rule_or_control,False
supplemental_2023_09_legacy,s2_reclaim_bull_stack,40,900,20,305,,,rule_or_control,False
supplemental_2023_09_legacy,s2_reclaim_bull_stack,60,342,20,164,,,rule_or_control,False
supplemental_2023_09_legacy,s2_reclaim_bull_stack,120,85,18,50,,,rule_or_control,False
supplemental_2023_09_legacy,s2_reclaim_bull_stack,240,23,11,15,,,rule_or_control,False
supplemental_2023_09_legacy,s2_reclaim_daily_trend,10,21875,20,2067,,,rule_or_control,False
supplemental_2023_09_legacy,s2_reclaim_daily_trend,20,15942,20,1989,,,rule_or_control,False
supplemental_2023_09_legacy,s2_reclaim_daily_trend,40,11667,20,1895,,,rule_or_control,False
supplemental_2023_09_legacy,s2_reclaim_daily_trend,60,9555,20,1880,,,rule_or_control,False
supplemental_2023_09_legacy,s2_reclaim_daily_trend,120,7357,20,1542,,,rule_or_control,False
supplemental_2023_09_legacy,s2_reclaim_daily_trend,240,5630,20,1055,,,rule_or_control,False
supplemental_2023_09_legacy,s2_reclaim_positive_slope,10,32793,20,3043,,,rule_or_control,False
supplemental_2023_09_legacy,s2_reclaim_positive_slope,20,23763,20,3008,,,rule_or_control,False
supplemental_2023_09_legacy,s2_reclaim_positive_slope,40,17429,20,2828,,,rule_or_control,False
supplemental_2023_09_legacy,s2_reclaim_positive_slope,60,13736,20,2467,,,rule_or_control,False
supplemental_2023_09_legacy,s2_reclaim_positive_slope,120,6137,20,1291,,,rule_or_control,False
supplemental_2023_09_legacy,s2_reclaim_positive_slope,240,10263,20,1419,,,rule_or_control,False
supplemental_2023_09_legacy,s2_reclaim_recent_high,10,41964,20,3049,,,rule_or_control,False
supplemental_2023_09_legacy,s2_reclaim_recent_high,20,30525,20,3048,,,rule_or_control,False
supplemental_2023_09_legacy,s2_reclaim_recent_high,40,21124,20,3006,,,rule_or_control,False
supplemental_2023_09_legacy,s2_reclaim_recent_high,60,17956,20,2899,,,rule_or_control,False
supplemental_2023_09_legacy,s2_reclaim_recent_high,120,12832,20,2233,,,rule_or_control,False
supplemental_2023_09_legacy,s2_reclaim_recent_high,240,8362,20,1673,,,rule_or_control,False
supplemental_2023_09_legacy,s4_auction_confirmed_reclaim,10,43294,20,3049,,,rule_or_control,False
supplemental_2023_09_legacy,s4_auction_confirmed_reclaim,20,31704,20,3048,,,rule_or_control,False
supplemental_2023_09_legacy,s4_auction_confirmed_reclaim,40,21228,20,2954,,,rule_or_control,False
supplemental_2023_09_legacy,s4_auction_confirmed_reclaim,60,17548,20,2815,,,rule_or_control,False
supplemental_2023_09_legacy,s4_auction_confirmed_reclaim,120,12373,20,2164,,,rule_or_control,False
supplemental_2023_09_legacy,s4_auction_confirmed_reclaim,240,8036,20,1564,,,rule_or_control,False
supplemental_2023_09_legacy,s4_reclaim_amount_acceleration,10,71739,20,3049,,,rule_or_control,False
supplemental_2023_09_legacy,s4_reclaim_amount_acceleration,20,53032,20,3049,,,rule_or_control,False
supplemental_2023_09_legacy,s4_reclaim_amount_acceleration,40,37043,20,3033,,,rule_or_control,False
supplemental_2023_09_legacy,s4_reclaim_amount_acceleration,60,31077,20,2969,,,rule_or_control,False
supplemental_2023_09_legacy,s4_reclaim_amount_acceleration,120,21502,20,2334,,,rule_or_control,False
supplemental_2023_09_legacy,s4_reclaim_amount_acceleration,240,14560,20,1787,,,rule_or_control,False
supplemental_2023_09_legacy,s4_reclaim_volume_normal,10,66032,20,3049,,,rule_or_control,False
supplemental_2023_09_legacy,s4_reclaim_volume_normal,20,48531,20,3049,,,rule_or_control,False
supplemental_2023_09_legacy,s4_reclaim_volume_normal,40,33757,20,3024,,,rule_or_control,False
supplemental_2023_09_legacy,s4_reclaim_volume_normal,60,28188,20,2935,,,rule_or_control,False
supplemental_2023_09_legacy,s4_reclaim_volume_normal,120,19518,20,2277,,,rule_or_control,False
supplemental_2023_09_legacy,s4_reclaim_volume_normal,240,13187,20,1735,,,rule_or_control,False
supplemental_2023_09_legacy,s4_reclaim_volume_proxy,10,54268,20,3049,,,rule_or_control,False
supplemental_2023_09_legacy,s4_reclaim_volume_proxy,20,39206,20,3048,,,rule_or_control,False
supplemental_2023_09_legacy,s4_reclaim_volume_proxy,40,27294,20,3017,,,rule_or_control,False
supplemental_2023_09_legacy,s4_reclaim_volume_proxy,60,22664,20,2935,,,rule_or_control,False
supplemental_2023_09_legacy,s4_reclaim_volume_proxy,120,15820,20,2288,,,rule_or_control,False
supplemental_2023_09_legacy,s4_reclaim_volume_proxy,240,10706,20,1724,,,rule_or_control,False
supplemental_2023_09_legacy,s4_reclaim_vwap_support,10,72966,20,3046,,,rule_or_control,False
supplemental_2023_09_legacy,s4_reclaim_vwap_support,20,53886,20,3046,,,rule_or_control,False
supplemental_2023_09_legacy,s4_reclaim_vwap_support,40,37543,20,3029,,,rule_or_control,False
supplemental_2023_09_legacy,s4_reclaim_vwap_support,60,31438,20,2965,,,rule_or_control,False
supplemental_2023_09_legacy,s4_reclaim_vwap_support,120,21669,20,2332,,,rule_or_control,False
supplemental_2023_09_legacy,s4_reclaim_vwap_support,240,14648,20,1784,,,rule_or_control,False
